revenue_id,client_id,client_name,project_id,project_name,invoice_id,contract_id,revenue_period,revenue_date,revenue_amount,currency,revenue_type,revenue_stream,monthly_recurring_revenue_mrr,annual_recurring_revenue_arr,gross_revenue,net_revenue,tax_amount,profit_margin,recognition_date,payment_status,outstanding_amount,collection_days,revenue_growth_percentage,revenue_band,forecast_revenue,upsell_revenue,country,billing_frequency
REV0001,CLT009,Harrison-George,PRJ017,Aggregate Transparent Info-Mediaries,INV0001,CON035,Mar-25,45916,1923323,SGD,Deferred,One-time,160276.92,1923323,1923323,1577124.86,346198.14,20.5,05-11-2025,Paid,208877,17,24.53,Low,1003735,426675,Australia,Quarterly
REV0002,CLT031,"Dean, Spencer and Walker",PRJ004,Visualize Next-Generation Roi,INV0002,CON029,Jan-25,45855,1809451,SGD,Deferred,One-time,150787.58,1809451,1809451,1483749.82,325701.18,22.63,26-05-2025,Pending,180428,7,10.59,Medium,2950389,317496,UK,Monthly
REV0003,CLT037,Frederick Inc,PRJ018,Productize Customized Synergies,INV0003,CON012,Jul-25,46005,1257738,USD,Deferred,One-time,104811.5,1257738,1257738,1031345.16,226392.84,33.56,27-09-2025,Overdue,406189,62,34.48,Medium,2673892,150220,Australia,Quarterly
REV0004,CLT010,Orozco-Graves,PRJ006,Optimize Wireless Info-Mediaries,INV0004,CON041,Aug-25,46031,1870868,USD,Deferred,One-time,155905.67,1870868,1870868,1534111.76,336756.24,39.71,07-12-2025,Paid,41477,25,7.18,Medium,1429083,342366,UK,Quarterly
REV0005,CLT018,Brown-Smith,PRJ013,Disintermediate Bricks-And-Clicks Users,INV0005,CON018,Aug-25,45841,1319584,USD,Deferred,One-time,109965.33,1319584,1319584,1082058.88,237525.12,24.49,29-10-2025,Partial,447853,7,-3.75,Low,2876723,131935,India,Annual
REV0006,CLT006,Robinson PLC,PRJ006,Transition Real-Time E-Tailers,INV0006,CON026,Jul-25,45837,491600,INR,Recognized,Recurring,40966.67,491600,491600,403112,88488,42.79,07-12-2025,Overdue,287537,11,-8.68,Medium,2297743,401078,USA,Monthly
REV0007,CLT007,Bailey Inc,PRJ020,Extend Seamless Paradigms,INV0007,CON010,Jan-25,46038,600402,INR,Accrued,One-time,50033.5,600402,600402,492329.64,108072.36,20.83,15-09-2025,Partial,386711,41,12.16,Low,650616,276164,Australia,Monthly
REV0008,CLT002,"Sellers, Robertson and Powers",PRJ012,Redefine Mission-Critical Portals,INV0008,CON056,Apr-25,46150,123725,USD,Deferred,One-time,10310.42,123725,123725,101454.5,22270.5,44.12,21-12-2025,Pending,287595,61,-3.24,High,2361936,92818,India,Annual
REV0009,CLT039,Atkinson-Willis,PRJ019,Iterate Interactive Synergies,INV0009,CON028,Aug-25,45997,1007440,SGD,Accrued,One-time,83953.33,1007440,1007440,826100.8,181339.2,41.81,25-06-2025,Overdue,282941,34,30.24,Medium,1391292,191775,USA,Quarterly
REV0010,CLT017,Wang LLC,PRJ010,Facilitate Customized Convergence,INV0010,CON001,Nov-25,46124,376563,INR,Accrued,Recurring,31380.25,376563,376563,308781.66,67781.34,22.04,23-01-2026,Overdue,280545,6,24.39,Medium,2100964,157082,Australia,Monthly
REV0011,CLT028,Hanson-Anthony,PRJ010,Architect Global Synergies,INV0011,CON039,Jul-25,46006,1723453,INR,Recognized,One-time,143621.08,1723453,1723453,1413231.46,310221.54,16.6,18-05-2026,Overdue,206963,36,-1.84,High,2809481,204327,USA,Quarterly
REV0012,CLT015,Harper Group,PRJ003,Incentivize 24/7 Systems,INV0012,CON028,Oct-25,45895,601509,SGD,Recognized,One-time,50125.75,601509,601509,493237.38,108271.62,19.96,20-12-2025,Pending,216480,29,32.67,Low,673042,151831,UK,Monthly
REV0013,CLT030,Morrow-Robinson,PRJ015,Mesh Killer Convergence,INV0013,CON018,Sep-25,46158,1345472,SGD,Accrued,One-time,112122.67,1345472,1345472,1103287.04,242184.96,16.57,22-07-2025,Paid,79770,11,38.49,Low,879878,53620,UK,Quarterly
REV0014,CLT018,Brown-Smith,PRJ015,Revolutionize Open-Source Solutions,INV0014,CON047,Jan-25,45924,312226,INR,Recognized,Recurring,26018.83,312226,312226,256025.32,56200.68,15.27,28-05-2025,Overdue,113869,48,11.01,Medium,1657752,243104,India,Annual
REV0015,CLT003,Montes and Sons,PRJ003,Embrace Customized Initiatives,INV0015,CON054,Apr-25,45974,742581,INR,Recognized,One-time,61881.75,742581,742581,608916.42,133664.58,37.15,07-06-2025,Paid,284789,65,-0.92,Medium,1700451,434242,UK,Monthly
REV0016,CLT008,"Stewart, Clark and Owen",PRJ008,Engineer End-To-End Models,INV0016,CON025,Jan-25,45975,1660918,USD,Recognized,Recurring,138409.83,1660918,1660918,1361952.76,298965.24,16.97,16-08-2025,Paid,273226,90,39.11,Medium,1732099,357272,USA,Quarterly
REV0017,CLT021,Rodriguez-Beard,PRJ002,Re-Contextualize Seamless Channels,INV0017,CON048,Jun-25,45871,382632,SGD,Accrued,Recurring,31886,382632,382632,313758.24,68873.76,18.87,14-12-2025,Pending,104188,51,34.38,High,1013470,59207,USA,Monthly
REV0018,CLT028,Hanson-Anthony,PRJ001,Morph Frictionless E-Services,INV0018,CON011,Sep-25,45995,730554,USD,Accrued,Recurring,60879.5,730554,730554,599054.28,131499.72,23.85,24-01-2026,Partial,4681,10,19.05,High,2093429,360923,USA,Annual
REV0019,CLT010,Orozco-Graves,PRJ003,Engage Seamless Partnerships,INV0019,CON016,Feb-25,46012,828879,INR,Deferred,Recurring,69073.25,828879,828879,679680.78,149198.22,34.01,10-04-2026,Pending,488032,85,-7,Medium,2803543,80697,UK,Annual
REV0020,CLT035,"Martinez, Haynes and Sandoval",PRJ004,Optimize Viral E-Commerce,INV0020,CON009,Oct-25,46071,1709825,USD,Recognized,One-time,142485.42,1709825,1709825,1402056.5,307768.5,44.36,31-10-2025,Pending,422327,61,26.66,Low,2990923,198059,Australia,Quarterly
REV0021,CLT009,Harrison-George,PRJ002,Extend One-To-One Technologies,INV0021,CON032,Jun-25,45851,575748,SGD,Deferred,One-time,47979,575748,575748,472113.36,103634.64,29,25-07-2025,Overdue,99497,77,-0.67,Medium,1457615,383989,Australia,Quarterly
REV0022,CLT018,Brown-Smith,PRJ020,Envisioneer Dot-Com Solutions,INV0022,CON059,Apr-25,46108,1869618,SGD,Recognized,Recurring,155801.5,1869618,1869618,1533086.76,336531.24,28.59,03-06-2025,Overdue,155017,38,17.08,Medium,103019,406804,India,Annual
REV0023,CLT033,"Riley, Martinez and Arnold",PRJ006,Reinvent User-Centric Partnerships,INV0023,CON057,Apr-25,45999,844911,INR,Accrued,One-time,70409.25,844911,844911,692827.02,152083.98,37.16,31-08-2025,Partial,168136,13,22.91,High,1725254,99546,Singapore,Annual
REV0024,CLT032,Bush Inc,PRJ018,E-Enable User-Centric Portals,INV0024,CON010,Apr-25,46132,1655860,SGD,Deferred,One-time,137988.33,1655860,1655860,1357805.2,298054.8,24.34,04-08-2025,Pending,57915,17,16.16,Low,283615,437881,Singapore,Monthly
REV0025,CLT012,Hernandez-Welch,PRJ002,Visualize 24/365 Infrastructures,INV0025,CON013,Dec-25,45888,1881847,INR,Deferred,Recurring,156820.58,1881847,1881847,1543114.54,338732.46,13.46,06-10-2025,Overdue,344940,67,16.29,High,2575901,134185,USA,Monthly
REV0026,CLT024,Marquez LLC,PRJ020,Iterate Transparent Systems,INV0026,CON046,Jan-25,46029,512889,INR,Recognized,Recurring,42740.75,512889,512889,420568.98,92320.02,32.95,12-03-2026,Paid,245397,86,-6.96,High,1844634,430978,USA,Quarterly
REV0027,CLT004,"Thompson, Harris and Wilson",PRJ020,Deliver 24/7 Applications,INV0027,CON018,Oct-25,46095,1777304,SGD,Recognized,Recurring,148108.67,1777304,1777304,1457389.28,319914.72,39.21,06-10-2025,Paid,495244,32,38.03,Low,524568,380198,UK,Monthly
REV0028,CLT035,"Martinez, Haynes and Sandoval",PRJ007,Re-Intermediate Innovative Action-Items,INV0028,CON013,Sep-25,46011,858097,SGD,Accrued,Recurring,71508.08,858097,858097,703639.54,154457.46,29.95,02-06-2025,Partial,292774,76,10.76,Low,2778584,302285,Australia,Quarterly
REV0029,CLT030,Morrow-Robinson,PRJ014,Grow Interactive Technologies,INV0029,CON057,Jun-25,45877,1523355,INR,Recognized,Recurring,126946.25,1523355,1523355,1249151.1,274203.9,29.25,24-05-2025,Pending,344736,25,16.7,High,1958127,489433,UK,Quarterly
REV0030,CLT021,Rodriguez-Beard,PRJ011,Strategize B2C Metrics,INV0030,CON055,Feb-25,45805,1203604,USD,Deferred,One-time,100300.33,1203604,1203604,986955.28,216648.72,38.92,29-01-2026,Pending,318983,35,18.16,Low,1673128,401451,USA,Annual
REV0031,CLT017,Wang LLC,PRJ015,Benchmark End-To-End E-Tailers,INV0031,CON029,Apr-25,45809,804992,USD,Recognized,Recurring,67082.67,804992,804992,660093.44,144898.56,44.4,11-08-2025,Paid,271376,22,39.67,Medium,127551,157461,Australia,Monthly
REV0032,CLT014,Mason-Bishop,PRJ011,Repurpose Out-Of-The-Box Mindshare,INV0032,CON002,May-25,45873,1844575,SGD,Deferred,Recurring,153714.58,1844575,1844575,1512551.5,332023.5,13.3,08-08-2025,Overdue,186466,24,-3.08,Medium,2541738,130996,UK,Monthly
REV0033,CLT017,Wang LLC,PRJ010,Engineer Web-Enabled Networks,INV0033,CON006,May-25,45970,1750945,SGD,Deferred,Recurring,145912.08,1750945,1750945,1435774.9,315170.1,35.7,10-11-2025,Pending,415710,66,-1.35,High,2516894,429662,Australia,Monthly
REV0034,CLT039,Atkinson-Willis,PRJ010,Maximize Plug-And-Play E-Business,INV0034,CON003,Feb-25,46048,1396905,SGD,Accrued,One-time,116408.75,1396905,1396905,1145462.1,251442.9,12.75,30-10-2025,Paid,483326,47,7.4,Medium,1847018,487716,USA,Monthly
REV0035,CLT015,Harper Group,PRJ020,Architect Strategic Models,INV0035,CON060,May-25,46095,1617995,INR,Accrued,One-time,134832.92,1617995,1617995,1326755.9,291239.1,11.89,08-03-2026,Paid,167413,74,18.25,Medium,2207225,365831,UK,Monthly
REV0036,CLT010,Orozco-Graves,PRJ013,Synthesize Revolutionary Solutions,INV0036,CON029,Mar-25,45979,155947,SGD,Accrued,Recurring,12995.58,155947,155947,127876.54,28070.46,17.77,28-02-2026,Pending,412283,55,-2.6,Medium,446219,249484,UK,Annual
REV0037,CLT004,"Thompson, Harris and Wilson",PRJ013,Scale Open-Source Applications,INV0037,CON017,Apr-25,45962,1199558,INR,Deferred,One-time,99963.17,1199558,1199558,983637.56,215920.44,37.08,05-09-2025,Partial,399524,22,14.05,Low,2146237,207260,UK,Annual
REV0038,CLT037,Frederick Inc,PRJ018,Synergize Frictionless E-Markets,INV0038,CON040,Dec-25,46163,461250,SGD,Accrued,Recurring,38437.5,461250,461250,378225,83025,18.48,20-04-2026,Pending,407252,60,6.17,High,475787,58998,Australia,Annual
REV0039,CLT027,Montoya-Wilson,PRJ012,Drive Revolutionary Initiatives,INV0039,CON023,Aug-25,46047,938229,INR,Deferred,One-time,78185.75,938229,938229,769347.78,168881.22,30.79,08-04-2026,Paid,403534,44,-1.54,Medium,2684618,430746,India,Quarterly
REV0040,CLT040,Martin-Davis,PRJ015,Leverage B2B Supply-Chains,INV0040,CON003,Feb-25,45926,355803,INR,Recognized,One-time,29650.25,355803,355803,291758.46,64044.54,15.46,05-09-2025,Paid,58915,11,2.15,High,719402,455476,India,Quarterly
REV0041,CLT001,Burgess and Sons,PRJ004,Revolutionize 24/7 Supply-Chains,INV0041,CON020,Feb-25,46042,769892,USD,Deferred,Recurring,64157.67,769892,769892,631311.44,138580.56,21.62,25-05-2025,Partial,106850,74,16.16,Medium,2401834,253244,India,Annual
REV0042,CLT010,Orozco-Graves,PRJ001,Disintermediate Next-Generation Relationships,INV0042,CON025,Apr-25,46102,1507669,SGD,Accrued,Recurring,125639.08,1507669,1507669,1236288.58,271380.42,18.94,22-05-2026,Paid,148904,30,29.46,High,1237836,27831,UK,Quarterly
REV0043,CLT001,Burgess and Sons,PRJ013,Seize Value-Added Supply-Chains,INV0043,CON043,Nov-25,46128,189665,USD,Accrued,One-time,15805.42,189665,189665,155525.3,34139.7,40.25,11-11-2025,Paid,153351,88,9.33,Medium,2232972,372081,India,Monthly
REV0044,CLT021,Rodriguez-Beard,PRJ020,Redefine Enterprise Architectures,INV0044,CON035,Dec-25,45875,1066410,INR,Recognized,Recurring,88867.5,1066410,1066410,874456.2,191953.8,27.52,11-12-2025,Overdue,293961,7,-8.01,High,1378958,174886,USA,Quarterly
REV0045,CLT026,Ross Inc,PRJ006,Facilitate Holistic Action-Items,INV0045,CON002,Apr-25,46048,1611100,USD,Accrued,One-time,134258.33,1611100,1611100,1321102,289998,22.44,08-09-2025,Pending,123839,69,3.79,Low,2724763,135098,Singapore,Quarterly
REV0046,CLT002,"Sellers, Robertson and Powers",PRJ009,Envisioneer Strategic Networks,INV0046,CON015,Jul-25,46162,1213792,INR,Deferred,One-time,101149.33,1213792,1213792,995309.44,218482.56,32.99,20-04-2026,Paid,382672,53,16.04,High,2668794,457546,India,Annual
REV0047,CLT015,Harper Group,PRJ008,Harness Dot-Com Markets,INV0047,CON037,Jan-25,46131,925211,INR,Deferred,One-time,77100.92,925211,925211,758673.02,166537.98,41.84,06-02-2026,Pending,235494,74,-3.41,High,681232,304627,UK,Annual
REV0048,CLT013,"Sherman, Reed and Williams",PRJ005,Re-Intermediate Out-Of-The-Box Functionalities,INV0048,CON020,Jan-25,45925,1858977,SGD,Accrued,Recurring,154914.75,1858977,1858977,1524361.14,334615.86,25.05,09-09-2025,Partial,344054,77,35.86,Medium,384432,292206,India,Annual
REV0049,CLT008,"Stewart, Clark and Owen",PRJ011,Incubate Scalable Eyeballs,INV0049,CON054,Feb-25,45883,436159,INR,Accrued,Recurring,36346.58,436159,436159,357650.38,78508.62,36.79,03-12-2025,Overdue,215614,43,12.15,High,1248384,79669,USA,Monthly
REV0050,CLT007,Bailey Inc,PRJ006,Integrate User-Centric Convergence,INV0050,CON002,Jan-25,45917,325871,SGD,Accrued,One-time,27155.92,325871,325871,267214.22,58656.78,31.2,23-06-2025,Partial,312664,34,1.55,Low,1606851,41668,Australia,Annual
REV0051,CLT031,"Dean, Spencer and Walker",PRJ017,Incubate Clicks-And-Mortar Channels,INV0051,CON055,Apr-25,45801,331200,SGD,Deferred,One-time,27600,331200,331200,271584,59616,16.44,12-07-2025,Overdue,257659,65,-3.12,Low,1049058,16897,UK,Quarterly
REV0052,CLT001,Burgess and Sons,PRJ009,Harness Front-End Users,INV0052,CON027,Apr-25,46128,1990778,INR,Accrued,Recurring,165898.17,1990778,1990778,1632437.96,358340.04,36.52,25-06-2025,Paid,92839,61,33.36,Medium,2985105,170338,India,Quarterly
REV0053,CLT016,"Vance, Deleon and Mathis",PRJ013,Iterate Mission-Critical Partnerships,INV0053,CON050,May-25,46071,946649,INR,Accrued,One-time,78887.42,946649,946649,776252.18,170396.82,35.21,22-06-2025,Overdue,320604,78,19.69,High,2790200,459162,India,Annual
REV0054,CLT003,Montes and Sons,PRJ004,Iterate Vertical Networks,INV0054,CON029,Sep-25,45950,1141880,USD,Recognized,Recurring,95156.67,1141880,1141880,936341.6,205538.4,28.15,27-03-2026,Overdue,385440,10,17.89,High,2745131,25845,UK,Monthly
REV0055,CLT019,Trevino-Williams,PRJ013,Syndicate Viral Deliverables,INV0055,CON057,Aug-25,46053,971811,USD,Deferred,One-time,80984.25,971811,971811,796885.02,174925.98,15.83,19-09-2025,Pending,321458,11,24.5,Low,2044391,435103,UK,Annual
REV0056,CLT029,Poole Ltd,PRJ017,Architect Extensible Roi,INV0056,CON008,Sep-25,45998,239668,INR,Accrued,Recurring,19972.33,239668,239668,196527.76,43140.24,23.76,14-01-2026,Pending,236394,8,-1.06,High,946964,462709,Australia,Quarterly
REV0057,CLT006,Robinson PLC,PRJ011,Maximize B2B Info-Mediaries,INV0057,CON045,Sep-25,46133,574460,SGD,Accrued,Recurring,47871.67,574460,574460,471057.2,103402.8,35.14,19-07-2025,Paid,47810,19,25.31,High,1622294,44725,USA,Annual
REV0058,CLT025,Gonzalez and Sons,PRJ017,Evolve Dot-Com Platforms,INV0058,CON040,Dec-25,45876,1574364,INR,Deferred,One-time,131197,1574364,1574364,1290978.48,283385.52,11.54,19-04-2026,Partial,478283,47,18.27,High,729521,84999,UK,Monthly
REV0059,CLT012,Hernandez-Welch,PRJ002,Incentivize Strategic Portals,INV0059,CON027,Dec-25,45955,1663038,USD,Deferred,One-time,138586.5,1663038,1663038,1363691.16,299346.84,20.11,01-09-2025,Partial,61632,21,38.02,Low,2711207,401287,USA,Quarterly
REV0060,CLT001,Burgess and Sons,PRJ016,Cultivate Next-Generation Supply-Chains,INV0060,CON055,Dec-25,46144,1011843,USD,Accrued,Recurring,84320.25,1011843,1011843,829711.26,182131.74,31.28,14-04-2026,Overdue,124716,32,19.44,Medium,2003117,215037,India,Quarterly
REV0061,CLT006,Robinson PLC,PRJ020,Embrace Cross-Platform E-Business,INV0061,CON001,Feb-25,46099,1310842,INR,Accrued,One-time,109236.83,1310842,1310842,1074890.44,235951.56,31.69,04-10-2025,Partial,25647,28,-2.59,High,1563895,19252,USA,Monthly
REV0062,CLT003,Montes and Sons,PRJ019,Reinvent Magnetic Info-Mediaries,INV0062,CON054,Nov-25,45986,1448793,SGD,Deferred,One-time,120732.75,1448793,1448793,1188010.26,260782.74,42.21,06-12-2025,Paid,57088,58,39.69,Low,2918951,149097,UK,Annual
REV0063,CLT039,Atkinson-Willis,PRJ018,Benchmark Ubiquitous Networks,INV0063,CON012,Oct-25,46145,1250163,USD,Accrued,One-time,104180.25,1250163,1250163,1025133.66,225029.34,42.6,30-06-2025,Paid,402921,43,6.14,Medium,383814,397642,USA,Quarterly
REV0064,CLT036,"Morris, Bentley and Wall",PRJ010,Evolve Leading-Edge Technologies,INV0064,CON031,Dec-25,46114,186159,INR,Recognized,One-time,15513.25,186159,186159,152650.38,33508.62,21.52,24-01-2026,Overdue,275065,31,24.79,High,344043,57305,USA,Annual
REV0065,CLT034,"Ward, Hall and Hernandez",PRJ016,Scale Front-End E-Services,INV0065,CON047,Jul-25,45884,233856,SGD,Accrued,One-time,19488,233856,233856,191761.92,42094.08,24.95,14-10-2025,Pending,136136,72,18.76,High,1584168,486070,Australia,Monthly
REV0066,CLT040,Martin-Davis,PRJ016,Reinvent Granular Partnerships,INV0066,CON034,Oct-25,46123,1229929,SGD,Accrued,One-time,102494.08,1229929,1229929,1008541.78,221387.22,27.24,01-06-2025,Partial,463294,83,1.64,Medium,911830,828,India,Monthly
REV0067,CLT002,"Sellers, Robertson and Powers",PRJ004,Transition Visionary Web-Readiness,INV0067,CON048,Jun-25,46002,1024935,INR,Accrued,One-time,85411.25,1024935,1024935,840446.7,184488.3,24.49,03-10-2025,Pending,183317,76,30.3,Low,147384,335868,India,Monthly
REV0068,CLT019,Trevino-Williams,PRJ003,Empower Out-Of-The-Box Interfaces,INV0068,CON020,Apr-25,45828,583552,USD,Accrued,One-time,48629.33,583552,583552,478512.64,105039.36,36.85,21-12-2025,Paid,359575,47,7.07,High,2486229,322957,UK,Monthly
REV0069,CLT012,Hernandez-Welch,PRJ011,Re-Intermediate Visionary Bandwidth,INV0069,CON054,Nov-25,45858,456880,USD,Accrued,One-time,38073.33,456880,456880,374641.6,82238.4,42.07,07-01-2026,Paid,338507,22,14.07,High,2031971,467695,USA,Annual
REV0070,CLT022,"Santos, Taylor and Webb",PRJ014,Transition Integrated Supply-Chains,INV0070,CON060,Sep-25,45806,1019870,SGD,Recognized,One-time,84989.17,1019870,1019870,836293.4,183576.6,29.77,26-06-2025,Pending,291072,73,-9.06,High,2975167,173916,Australia,Quarterly
REV0071,CLT005,"White, Davis and Jennings",PRJ009,Benchmark B2C Methodologies,INV0071,CON054,Apr-25,46140,363115,INR,Deferred,One-time,30259.58,363115,363115,297754.3,65360.7,31.93,04-01-2026,Partial,299358,82,9.48,High,590081,453296,Singapore,Quarterly
REV0072,CLT021,Rodriguez-Beard,PRJ002,Visualize Cross-Media E-Commerce,INV0072,CON018,Jun-25,46158,1538642,USD,Recognized,One-time,128220.17,1538642,1538642,1261686.44,276955.56,40.7,11-04-2026,Pending,236929,43,0.81,Medium,834056,58841,USA,Quarterly
REV0073,CLT003,Montes and Sons,PRJ007,Redefine Next-Generation Systems,INV0073,CON059,Apr-25,46006,1681144,INR,Deferred,Recurring,140095.33,1681144,1681144,1378538.08,302605.92,37.97,15-05-2026,Partial,99725,48,36.18,High,2296254,162717,UK,Quarterly
REV0074,CLT010,Orozco-Graves,PRJ004,Deploy 24/7 Partnerships,INV0074,CON053,Mar-25,46079,1663719,SGD,Accrued,Recurring,138643.25,1663719,1663719,1364249.58,299469.42,17.18,12-02-2026,Paid,240841,54,25.68,High,585851,2154,UK,Quarterly
REV0075,CLT003,Montes and Sons,PRJ020,Leverage Web-Enabled Synergies,INV0075,CON056,May-25,46004,1490853,INR,Deferred,One-time,124237.75,1490853,1490853,1222499.46,268353.54,41.12,06-08-2025,Paid,272932,89,27.28,Low,2522461,397669,UK,Quarterly
REV0076,CLT014,Mason-Bishop,PRJ007,Extend Collaborative Partnerships,INV0076,CON013,Mar-25,46119,722934,USD,Deferred,One-time,60244.5,722934,722934,592805.88,130128.12,37.05,19-02-2026,Paid,142949,24,-2.13,Low,163991,326602,UK,Annual
REV0077,CLT033,"Riley, Martinez and Arnold",PRJ007,E-Enable Bricks-And-Clicks Solutions,INV0077,CON035,Nov-25,45948,264696,USD,Accrued,One-time,22058,264696,264696,217050.72,47645.28,19.49,15-12-2025,Pending,300984,36,-1.44,Medium,2672210,467792,Singapore,Quarterly
REV0078,CLT035,"Martinez, Haynes and Sandoval",PRJ002,Revolutionize B2B Convergence,INV0078,CON009,Jul-25,45891,980396,INR,Deferred,Recurring,81699.67,980396,980396,803924.72,176471.28,13.71,26-03-2026,Paid,45151,59,9.6,High,2600314,467285,Australia,Annual
REV0079,CLT029,Poole Ltd,PRJ012,Utilize Out-Of-The-Box Portals,INV0079,CON020,Oct-25,46024,1342506,USD,Recognized,Recurring,111875.5,1342506,1342506,1100854.92,241651.08,44.08,23-02-2026,Overdue,297685,21,-5.35,High,2064091,50993,Australia,Quarterly
REV0080,CLT020,"Gilmore, West and Wagner",PRJ015,Transform Holistic Metrics,INV0080,CON031,Sep-25,45978,1485454,INR,Recognized,Recurring,123787.83,1485454,1485454,1218072.28,267381.72,40.14,22-05-2026,Pending,478602,51,9.6,High,2889969,173186,Singapore,Quarterly
REV0081,CLT030,Morrow-Robinson,PRJ001,Maximize Open-Source Convergence,INV0081,CON005,Oct-25,46076,1072375,USD,Recognized,One-time,89364.58,1072375,1072375,879347.5,193027.5,26.75,20-03-2026,Partial,147984,49,20.22,Low,2230495,53966,UK,Quarterly
REV0082,CLT007,Bailey Inc,PRJ018,Benchmark Best-Of-Breed Action-Items,INV0082,CON042,May-25,46116,733398,INR,Deferred,One-time,61116.5,733398,733398,601386.36,132011.64,24.03,25-09-2025,Overdue,125082,84,2.18,Low,2123225,201230,Australia,Monthly
REV0083,CLT022,"Santos, Taylor and Webb",PRJ019,Maximize Web-Enabled Systems,INV0083,CON028,Oct-25,45852,486707,USD,Accrued,One-time,40558.92,486707,486707,399099.74,87607.26,29.06,25-02-2026,Partial,90746,89,23.48,High,2508320,438697,Australia,Quarterly
REV0084,CLT008,"Stewart, Clark and Owen",PRJ020,Engage Vertical Channels,INV0084,CON030,Sep-25,45914,1291856,USD,Accrued,Recurring,107654.67,1291856,1291856,1059321.92,232534.08,38.77,17-04-2026,Partial,161499,56,-6.52,Low,2975231,426805,USA,Annual
REV0085,CLT025,Gonzalez and Sons,PRJ016,Visualize Web-Enabled Supply-Chains,INV0085,CON042,Feb-25,45949,736624,SGD,Recognized,Recurring,61385.33,736624,736624,604031.68,132592.32,17.62,19-11-2025,Partial,465180,79,35.16,High,100773,396926,UK,Monthly
REV0086,CLT010,Orozco-Graves,PRJ018,Revolutionize Bricks-And-Clicks E-Services,INV0086,CON019,Feb-25,46133,999956,USD,Accrued,One-time,83329.67,999956,999956,819963.92,179992.08,16.85,25-03-2026,Pending,157147,77,29.72,High,1377375,481559,UK,Quarterly
REV0087,CLT023,"Ellison, Lewis and Montoya",PRJ019,Incubate Next-Generation Solutions,INV0087,CON001,May-25,45879,237249,SGD,Accrued,One-time,19770.75,237249,237249,194544.18,42704.82,39.67,15-09-2025,Pending,32721,52,35.05,Low,103537,368760,Singapore,Annual
REV0088,CLT023,"Ellison, Lewis and Montoya",PRJ010,Generate Killer Functionalities,INV0088,CON056,Sep-25,46073,280054,INR,Recognized,One-time,23337.83,280054,280054,229644.28,50409.72,34.58,06-05-2026,Overdue,327792,45,25.59,Medium,1700399,228164,Singapore,Annual
REV0089,CLT014,Mason-Bishop,PRJ006,Leverage Transparent Channels,INV0089,CON031,Mar-25,46055,1439337,INR,Recognized,One-time,119944.75,1439337,1439337,1180256.34,259080.66,39.52,05-02-2026,Pending,440382,58,-2.29,High,626591,70400,UK,Monthly
REV0090,CLT005,"White, Davis and Jennings",PRJ001,Incubate Robust Users,INV0090,CON010,Jul-25,46012,1409770,SGD,Deferred,One-time,117480.83,1409770,1409770,1156011.4,253758.6,44.12,15-08-2025,Partial,44388,22,22.11,Medium,2012722,468494,Singapore,Annual
REV0091,CLT039,Atkinson-Willis,PRJ020,Reinvent Frictionless Partnerships,INV0091,CON012,Jun-25,45881,942766,USD,Accrued,One-time,78563.83,942766,942766,773068.12,169697.88,29.32,12-05-2026,Overdue,201701,50,1.29,Medium,2635764,3895,USA,Annual
REV0092,CLT032,Bush Inc,PRJ008,Incubate Turn-Key Solutions,INV0092,CON046,Oct-25,46096,1825876,SGD,Deferred,One-time,152156.33,1825876,1825876,1497218.32,328657.68,42.43,30-09-2025,Pending,17543,9,18.41,High,1645930,59330,Singapore,Annual
REV0093,CLT031,"Dean, Spencer and Walker",PRJ003,Evolve Compelling Platforms,INV0093,CON010,Jan-25,46006,1498077,SGD,Accrued,One-time,124839.75,1498077,1498077,1228423.14,269653.86,26.27,17-10-2025,Paid,274389,83,-5.58,Medium,2745191,388857,UK,Annual
REV0094,CLT005,"White, Davis and Jennings",PRJ018,Scale 24/365 Eyeballs,INV0094,CON052,Jul-25,46056,1484607,SGD,Deferred,Recurring,123717.25,1484607,1484607,1217377.74,267229.26,41.63,14-02-2026,Paid,245822,63,15.63,Medium,2507384,384730,Singapore,Quarterly
REV0095,CLT027,Montoya-Wilson,PRJ010,Architect Bricks-And-Clicks Web-Readiness,INV0095,CON019,May-25,45941,790115,INR,Recognized,One-time,65842.92,790115,790115,647894.3,142220.7,35.44,19-10-2025,Pending,32200,85,13.66,Low,2502748,27063,India,Annual
REV0096,CLT019,Trevino-Williams,PRJ020,Incubate Leading-Edge Web-Readiness,INV0096,CON002,Aug-25,45922,1746377,USD,Deferred,Recurring,145531.42,1746377,1746377,1432029.14,314347.86,14.44,08-02-2026,Paid,446402,40,2.6,High,1278481,144293,UK,Quarterly
REV0097,CLT001,Burgess and Sons,PRJ004,Grow Global Supply-Chains,INV0097,CON039,Apr-25,45884,1604889,INR,Accrued,Recurring,133740.75,1604889,1604889,1316008.98,288880.02,33.07,13-10-2025,Pending,423541,27,3.06,High,1090677,254236,India,Monthly
REV0098,CLT034,"Ward, Hall and Hernandez",PRJ002,Deploy Efficient Bandwidth,INV0098,CON022,Dec-25,46075,1857775,INR,Recognized,Recurring,154814.58,1857775,1857775,1523375.5,334399.5,39.32,09-02-2026,Overdue,403894,54,1.9,Medium,2774181,87704,Australia,Monthly
REV0099,CLT037,Frederick Inc,PRJ012,Extend Innovative Info-Mediaries,INV0099,CON004,Apr-25,46146,1590066,SGD,Deferred,Recurring,132505.5,1590066,1590066,1303854.12,286211.88,11.84,12-11-2025,Overdue,209057,65,5.07,High,2333554,122505,Australia,Quarterly
REV0100,CLT025,Gonzalez and Sons,PRJ009,Re-Intermediate Revolutionary Eyeballs,INV0100,CON010,Jul-25,46141,1045286,SGD,Deferred,Recurring,87107.17,1045286,1045286,857134.52,188151.48,20.11,11-08-2025,Overdue,200280,45,38.09,High,272040,51046,UK,Annual
REV0101,CLT023,"Ellison, Lewis and Montoya",PRJ014,Leverage Innovative Interfaces,INV0101,CON040,Apr-25,45817,1820498,SGD,Deferred,One-time,151708.17,1820498,1820498,1492808.36,327689.64,19.46,26-03-2026,Paid,133873,88,19.21,Medium,2932376,392739,Singapore,Monthly
REV0102,CLT038,Allen LLC,PRJ007,Exploit Open-Source Communities,INV0102,CON034,Apr-25,45840,1665849,USD,Accrued,Recurring,138820.75,1665849,1665849,1365996.18,299852.82,20.96,28-07-2025,Paid,352741,6,31.58,Low,1824902,51222,Australia,Annual
REV0103,CLT007,Bailey Inc,PRJ015,Generate Mission-Critical Models,INV0103,CON023,Mar-25,46146,1487596,INR,Accrued,One-time,123966.33,1487596,1487596,1219828.72,267767.28,18.82,14-05-2026,Paid,12425,84,-5.4,High,2854003,468696,Australia,Monthly
REV0104,CLT039,Atkinson-Willis,PRJ004,Leverage Dot-Com Supply-Chains,INV0104,CON046,Aug-25,45813,1388156,INR,Recognized,Recurring,115679.67,1388156,1388156,1138287.92,249868.08,23.16,06-02-2026,Partial,469762,19,24.78,Medium,1335510,244819,USA,Annual
REV0105,CLT005,"White, Davis and Jennings",PRJ015,Grow Ubiquitous Supply-Chains,INV0105,CON060,Nov-25,46004,1389619,USD,Deferred,One-time,115801.58,1389619,1389619,1139487.58,250131.42,19.01,04-07-2025,Paid,145378,12,9.14,Medium,351904,135391,Singapore,Quarterly
REV0106,CLT012,Hernandez-Welch,PRJ003,Whiteboard Plug-And-Play E-Markets,INV0106,CON032,Sep-25,45891,973952,INR,Accrued,One-time,81162.67,973952,973952,798640.64,175311.36,16.25,31-05-2025,Overdue,56848,23,17.03,Medium,1015979,321895,USA,Annual
REV0107,CLT007,Bailey Inc,PRJ015,Utilize Plug-And-Play Synergies,INV0107,CON046,Mar-25,46139,1963880,USD,Recognized,Recurring,163656.67,1963880,1963880,1610381.6,353498.4,12.55,02-06-2025,Pending,407496,62,-9.06,Medium,724340,342289,Australia,Annual
REV0108,CLT001,Burgess and Sons,PRJ013,Enhance Front-End Interfaces,INV0108,CON018,Jul-25,45880,129347,INR,Accrued,One-time,10778.92,129347,129347,106064.54,23282.46,41.66,17-12-2025,Paid,270209,67,13.91,Medium,394019,283183,India,Monthly
REV0109,CLT001,Burgess and Sons,PRJ016,Generate Holistic Synergies,INV0109,CON008,May-25,46152,856195,SGD,Accrued,One-time,71349.58,856195,856195,702079.9,154115.1,21.67,14-11-2025,Pending,210037,12,21.61,High,480284,191551,India,Annual
REV0110,CLT022,"Santos, Taylor and Webb",PRJ015,Enhance Bricks-And-Clicks Paradigms,INV0110,CON049,Jan-25,45985,218730,USD,Accrued,Recurring,18227.5,218730,218730,179358.6,39371.4,16.18,14-04-2026,Paid,201412,89,-0.45,High,1736217,470003,Australia,Monthly
REV0111,CLT023,"Ellison, Lewis and Montoya",PRJ003,Synergize Ubiquitous Infrastructures,INV0111,CON057,Apr-25,45897,1070271,SGD,Deferred,Recurring,89189.25,1070271,1070271,877622.22,192648.78,14.9,26-08-2025,Partial,13298,80,1.92,Medium,364210,415623,Singapore,Annual
REV0112,CLT020,"Gilmore, West and Wagner",PRJ018,Strategize World-Class Mindshare,INV0112,CON054,Mar-25,46136,1097913,USD,Recognized,Recurring,91492.75,1097913,1097913,900288.66,197624.34,21.87,05-05-2026,Pending,413022,10,10.28,Low,2842445,349865,Singapore,Annual
REV0113,CLT030,Morrow-Robinson,PRJ018,Grow Turn-Key E-Commerce,INV0113,CON010,Jan-25,45814,1472032,SGD,Accrued,Recurring,122669.33,1472032,1472032,1207066.24,264965.76,42.37,13-07-2025,Paid,385592,23,14.44,Low,2076438,475622,UK,Annual
REV0114,CLT003,Montes and Sons,PRJ005,Enhance Holistic Markets,INV0114,CON001,Mar-25,46145,558942,INR,Accrued,Recurring,46578.5,558942,558942,458332.44,100609.56,41.66,09-02-2026,Paid,239172,83,-1.47,High,368257,428762,UK,Monthly
REV0115,CLT008,"Stewart, Clark and Owen",PRJ020,Mesh End-To-End Systems,INV0115,CON052,Nov-25,45888,1092585,SGD,Recognized,Recurring,91048.75,1092585,1092585,895919.7,196665.3,38.16,02-12-2025,Overdue,176864,56,6.21,High,2515780,286200,USA,Monthly
REV0116,CLT021,Rodriguez-Beard,PRJ007,Drive Bleeding-Edge Web-Readiness,INV0116,CON049,Nov-25,46082,1804114,INR,Accrued,Recurring,150342.83,1804114,1804114,1479373.48,324740.52,21.74,30-03-2026,Paid,143599,23,27.88,Low,1651587,290145,USA,Monthly
REV0117,CLT029,Poole Ltd,PRJ019,Enable Robust Bandwidth,INV0117,CON003,Apr-25,45963,560959,INR,Recognized,One-time,46746.58,560959,560959,459986.38,100972.62,37.22,14-06-2025,Paid,461177,67,-5.96,Low,852512,485562,Australia,Monthly
REV0118,CLT038,Allen LLC,PRJ010,Redefine 24/7 Web Services,INV0118,CON027,May-25,46030,1909995,SGD,Deferred,Recurring,159166.25,1909995,1909995,1566195.9,343799.1,17.22,29-04-2026,Pending,274248,62,10.6,Low,2660781,362636,Australia,Monthly
REV0119,CLT039,Atkinson-Willis,PRJ016,Utilize User-Centric E-Tailers,INV0119,CON040,Oct-25,46077,427488,INR,Accrued,One-time,35624,427488,427488,350540.16,76947.84,22.17,13-09-2025,Paid,292400,35,-0.4,High,501327,324492,USA,Quarterly
REV0120,CLT035,"Martinez, Haynes and Sandoval",PRJ008,Optimize Seamless Convergence,INV0120,CON030,Aug-25,45825,1114390,SGD,Accrued,Recurring,92865.83,1114390,1114390,913799.8,200590.2,19.67,21-11-2025,Partial,59076,24,24.26,Medium,2186728,92444,Australia,Monthly
REV0121,CLT003,Montes and Sons,PRJ012,Disintermediate Transparent Metrics,INV0121,CON019,Feb-25,46000,163304,INR,Deferred,One-time,13608.67,163304,163304,133909.28,29394.72,21.7,05-05-2026,Overdue,22710,18,27.02,High,837726,82861,UK,Monthly
REV0122,CLT032,Bush Inc,PRJ004,Implement Best-Of-Breed E-Commerce,INV0122,CON005,May-25,46166,1129831,INR,Accrued,One-time,94152.58,1129831,1129831,926461.42,203369.58,30.74,17-12-2025,Pending,219711,30,27.35,Medium,1064955,408407,Singapore,Monthly
REV0123,CLT021,Rodriguez-Beard,PRJ004,Extend Web-Enabled Solutions,INV0123,CON016,Dec-25,45819,527693,SGD,Deferred,Recurring,43974.42,527693,527693,432708.26,94984.74,23.14,08-04-2026,Partial,38550,65,19.25,Low,1928150,75990,USA,Monthly
REV0124,CLT040,Martin-Davis,PRJ006,Expedite Back-End Experiences,INV0124,CON025,Nov-25,45991,1004185,USD,Recognized,One-time,83682.08,1004185,1004185,823431.7,180753.3,35.19,16-10-2025,Pending,141397,30,6.79,Low,2485157,31274,India,Quarterly
REV0125,CLT009,Harrison-George,PRJ015,Engage Impactful E-Services,INV0125,CON030,Sep-25,46108,283013,USD,Recognized,One-time,23584.42,283013,283013,232070.66,50942.34,17.69,29-09-2025,Pending,316479,25,29.48,High,2664934,474783,Australia,Monthly
REV0126,CLT037,Frederick Inc,PRJ008,Streamline Intuitive Interfaces,INV0126,CON006,Jul-25,45934,1209212,USD,Accrued,One-time,100767.67,1209212,1209212,991553.84,217658.16,40.18,30-12-2025,Partial,310158,65,31.85,Medium,160833,382739,Australia,Quarterly
REV0127,CLT016,"Vance, Deleon and Mathis",PRJ011,Engage Dynamic Niches,INV0127,CON028,Sep-25,45947,569740,SGD,Recognized,Recurring,47478.33,569740,569740,467186.8,102553.2,41.98,18-09-2025,Paid,219032,10,-8,Medium,2214836,17626,India,Quarterly
REV0128,CLT034,"Ward, Hall and Hernandez",PRJ016,Transition Dynamic Channels,INV0128,CON052,May-25,45940,876949,SGD,Recognized,One-time,73079.08,876949,876949,719098.18,157850.82,27.33,07-10-2025,Paid,292808,6,24.66,Medium,1014385,69579,Australia,Quarterly
REV0129,CLT019,Trevino-Williams,PRJ003,Envisioneer Compelling Infrastructures,INV0129,CON002,Sep-25,46095,551350,USD,Accrued,One-time,45945.83,551350,551350,452107,99243,15.66,03-09-2025,Overdue,449798,78,27.36,Low,2007740,243144,UK,Monthly
REV0130,CLT026,Ross Inc,PRJ012,Productize Integrated Experiences,INV0130,CON041,Jun-25,45853,437859,USD,Accrued,Recurring,36488.25,437859,437859,359044.38,78814.62,40.11,17-01-2026,Paid,201787,47,16.55,Medium,1886363,394730,Singapore,Quarterly
REV0131,CLT040,Martin-Davis,PRJ019,E-Enable One-To-One Info-Mediaries,INV0131,CON051,Aug-25,45853,1187568,INR,Accrued,Recurring,98964,1187568,1187568,973805.76,213762.24,31.72,12-01-2026,Pending,385750,12,15.74,High,1626686,465556,India,Monthly
REV0132,CLT008,"Stewart, Clark and Owen",PRJ012,Architect Back-End Eyeballs,INV0132,CON030,Dec-25,46136,853114,SGD,Recognized,One-time,71092.83,853114,853114,699553.48,153560.52,22.83,26-01-2026,Paid,293998,31,-3.08,Medium,1100898,282923,USA,Monthly
REV0133,CLT031,"Dean, Spencer and Walker",PRJ019,Embrace Vertical E-Business,INV0133,CON056,Nov-25,45954,1596398,SGD,Recognized,Recurring,133033.17,1596398,1596398,1309046.36,287351.64,21.22,11-05-2026,Pending,264013,59,3.86,Low,1663694,180998,UK,Quarterly
REV0134,CLT032,Bush Inc,PRJ017,Target Open-Source Initiatives,INV0134,CON054,Jul-25,46147,1101617,INR,Deferred,One-time,91801.42,1101617,1101617,903325.94,198291.06,25.82,22-08-2025,Pending,419379,13,-0.58,Medium,466199,42032,Singapore,Quarterly
REV0135,CLT012,Hernandez-Welch,PRJ003,Mesh Scalable Web-Readiness,INV0135,CON007,Jun-25,45833,654761,INR,Deferred,Recurring,54563.42,654761,654761,536904.02,117856.98,34.4,30-05-2025,Overdue,78904,31,16.03,High,195169,153705,USA,Quarterly
REV0136,CLT035,"Martinez, Haynes and Sandoval",PRJ016,Embrace Scalable E-Services,INV0136,CON023,Jun-25,45844,326881,USD,Deferred,Recurring,27240.08,326881,326881,268042.42,58838.58,20.2,22-11-2025,Paid,11553,34,31.75,High,2803950,176096,Australia,Quarterly
REV0137,CLT038,Allen LLC,PRJ011,Strategize Rich Web Services,INV0137,CON032,Feb-25,45906,768887,SGD,Accrued,One-time,64073.92,768887,768887,630487.34,138399.66,26.03,02-05-2026,Partial,470958,44,-1.41,Medium,1051192,253882,Australia,Quarterly
REV0138,CLT019,Trevino-Williams,PRJ002,Optimize Rich Platforms,INV0138,CON010,Nov-25,45921,1664282,USD,Deferred,One-time,138690.17,1664282,1664282,1364711.24,299570.76,43.47,10-08-2025,Partial,373194,73,4.26,Low,2894899,416524,UK,Monthly
REV0139,CLT011,"Jones, Salazar and Hunt",PRJ004,Unleash Real-Time Communities,INV0139,CON003,Jun-25,46076,548923,USD,Accrued,Recurring,45743.58,548923,548923,450116.86,98806.14,25.43,16-09-2025,Pending,96729,31,18.12,Low,2891532,166169,USA,Quarterly
REV0140,CLT010,Orozco-Graves,PRJ015,Strategize Holistic Partnerships,INV0140,CON035,Aug-25,46101,832059,INR,Accrued,One-time,69338.25,832059,832059,682288.38,149770.62,14.25,18-09-2025,Paid,212107,68,28.43,Medium,1443091,81816,UK,Monthly
REV0141,CLT035,"Martinez, Haynes and Sandoval",PRJ011,Benchmark Integrated Partnerships,INV0141,CON042,Nov-25,45933,1114113,SGD,Deferred,One-time,92842.75,1114113,1114113,913572.66,200540.34,41.36,11-10-2025,Partial,419208,77,26.43,Medium,1520545,361311,Australia,Monthly
REV0142,CLT031,"Dean, Spencer and Walker",PRJ002,Embrace Granular Interfaces,INV0142,CON009,Jan-25,45824,1937802,SGD,Accrued,Recurring,161483.5,1937802,1937802,1588997.64,348804.36,20.78,04-03-2026,Overdue,323759,33,12.3,Low,1468880,28853,UK,Annual
REV0143,CLT013,"Sherman, Reed and Williams",PRJ017,Target Cross-Media Vortals,INV0143,CON015,Mar-25,45941,1273544,USD,Recognized,Recurring,106128.67,1273544,1273544,1044306.08,229237.92,12.93,03-12-2025,Overdue,354976,90,37.88,High,1754332,101947,India,Quarterly
REV0144,CLT021,Rodriguez-Beard,PRJ020,Unleash Rich Metrics,INV0144,CON033,Apr-25,45914,1314943,INR,Accrued,One-time,109578.58,1314943,1314943,1078253.26,236689.74,23.91,19-10-2025,Overdue,193792,54,8.64,Medium,1546700,184211,USA,Quarterly
REV0145,CLT029,Poole Ltd,PRJ018,Monetize Customized Niches,INV0145,CON006,Jul-25,45820,1883543,INR,Accrued,One-time,156961.92,1883543,1883543,1544505.26,339037.74,35.95,24-09-2025,Overdue,421362,61,4.43,High,1877681,381999,Australia,Quarterly
REV0146,CLT009,Harrison-George,PRJ019,Incentivize Collaborative E-Commerce,INV0146,CON039,Sep-25,46136,1802194,INR,Recognized,Recurring,150182.83,1802194,1802194,1477799.08,324394.92,20.61,22-09-2025,Pending,34663,80,27.81,Low,127761,214675,Australia,Annual
REV0147,CLT018,Brown-Smith,PRJ006,Transform Virtual Applications,INV0147,CON036,Apr-25,45861,919298,USD,Accrued,Recurring,76608.17,919298,919298,753824.36,165473.64,16.97,03-08-2025,Overdue,151762,75,14.53,Medium,2554541,159338,India,Quarterly
REV0148,CLT036,"Morris, Bentley and Wall",PRJ015,Orchestrate Synergistic Communities,INV0148,CON015,May-25,45850,1601590,INR,Recognized,Recurring,133465.83,1601590,1601590,1313303.8,288286.2,19.19,09-01-2026,Overdue,65104,88,23.3,Medium,1849682,94042,USA,Quarterly
REV0149,CLT016,"Vance, Deleon and Mathis",PRJ004,Strategize B2C Mindshare,INV0149,CON049,Mar-25,45858,109648,USD,Deferred,Recurring,9137.33,109648,109648,89911.36,19736.64,30.96,11-05-2026,Pending,304645,66,18.28,Medium,2734006,359615,India,Quarterly
REV0150,CLT008,"Stewart, Clark and Owen",PRJ017,Transform Scalable Niches,INV0150,CON047,Nov-25,45820,832661,SGD,Recognized,One-time,69388.42,832661,832661,682782.02,149878.98,15.7,17-05-2026,Paid,76617,45,13.05,High,668317,187372,USA,Monthly
REV0151,CLT004,"Thompson, Harris and Wilson",PRJ012,Extend Mission-Critical Systems,INV0151,CON027,Aug-25,45871,621831,SGD,Deferred,Recurring,51819.25,621831,621831,509901.42,111929.58,20.14,22-11-2025,Paid,269414,29,28.32,Low,496398,313923,UK,Monthly
REV0152,CLT035,"Martinez, Haynes and Sandoval",PRJ011,Innovate Intuitive Schemas,INV0152,CON053,Jul-25,45991,726555,SGD,Deferred,One-time,60546.25,726555,726555,595775.1,130779.9,33.99,22-05-2026,Pending,50244,73,19,Low,154096,71800,Australia,Annual
REV0153,CLT019,Trevino-Williams,PRJ016,Enhance Ubiquitous Schemas,INV0153,CON027,Jun-25,46095,832267,USD,Recognized,Recurring,69355.58,832267,832267,682458.94,149808.06,17.63,05-02-2026,Partial,435984,29,29.76,High,2672905,361576,UK,Annual
REV0154,CLT035,"Martinez, Haynes and Sandoval",PRJ018,Disintermediate Bleeding-Edge Deliverables,INV0154,CON045,Sep-25,46017,1544319,INR,Deferred,One-time,128693.25,1544319,1544319,1266341.58,277977.42,42.06,28-08-2025,Paid,429310,21,36.17,Medium,1560498,163354,Australia,Annual
REV0155,CLT024,Marquez LLC,PRJ015,Incentivize Cross-Media Partnerships,INV0155,CON057,Jun-25,45848,341533,SGD,Accrued,One-time,28461.08,341533,341533,280057.06,61475.94,16.03,08-09-2025,Pending,15078,20,1.12,High,697098,360734,USA,Monthly
REV0156,CLT020,"Gilmore, West and Wagner",PRJ007,Aggregate Proactive Methodologies,INV0156,CON009,Dec-25,46101,312865,INR,Deferred,Recurring,26072.08,312865,312865,256549.3,56315.7,12.72,09-04-2026,Overdue,397061,60,-7.87,Low,237542,415789,Singapore,Annual
REV0157,CLT033,"Riley, Martinez and Arnold",PRJ002,Maximize Frictionless Synergies,INV0157,CON031,Apr-25,45984,1293980,INR,Deferred,Recurring,107831.67,1293980,1293980,1061063.6,232916.4,12.32,29-05-2025,Paid,395601,17,29.12,High,961515,308073,Singapore,Monthly
REV0158,CLT012,Hernandez-Welch,PRJ012,Expedite Distributed Niches,INV0158,CON002,Dec-25,45854,1456351,INR,Recognized,One-time,121362.58,1456351,1456351,1194207.82,262143.18,43.21,03-03-2026,Pending,184655,25,32.76,High,2670925,126784,USA,Annual
REV0159,CLT037,Frederick Inc,PRJ004,Innovate Cutting-Edge Solutions,INV0159,CON053,Jan-25,45879,193313,SGD,Recognized,Recurring,16109.42,193313,193313,158516.66,34796.34,35.05,05-07-2025,Pending,90058,73,-9.78,High,513917,484563,Australia,Monthly
REV0160,CLT033,"Riley, Martinez and Arnold",PRJ016,Incentivize Efficient Bandwidth,INV0160,CON024,May-25,45945,1835298,SGD,Accrued,Recurring,152941.5,1835298,1835298,1504944.36,330353.64,25.39,29-10-2025,Paid,94816,50,39.07,Medium,998730,269615,Singapore,Monthly
REV0161,CLT027,Montoya-Wilson,PRJ011,Synergize Mission-Critical Metrics,INV0161,CON008,Nov-25,46155,286654,USD,Recognized,Recurring,23887.83,286654,286654,235056.28,51597.72,27.35,30-09-2025,Pending,369481,41,17.86,Low,444972,172026,India,Quarterly
REV0162,CLT008,"Stewart, Clark and Owen",PRJ010,Maximize Customized Initiatives,INV0162,CON030,Mar-25,46061,856944,SGD,Accrued,One-time,71412,856944,856944,702694.08,154249.92,34.05,10-06-2025,Overdue,118422,75,10.36,Medium,891821,449196,USA,Monthly
REV0163,CLT031,"Dean, Spencer and Walker",PRJ012,Unleash Impactful Infrastructures,INV0163,CON012,Apr-25,46093,1474241,INR,Accrued,One-time,122853.42,1474241,1474241,1208877.62,265363.38,33.52,28-11-2025,Overdue,229668,71,22.93,Low,600035,75165,UK,Quarterly
REV0164,CLT026,Ross Inc,PRJ019,Benchmark Value-Added Platforms,INV0164,CON007,Feb-25,46135,1507598,SGD,Recognized,Recurring,125633.17,1507598,1507598,1236230.36,271367.64,22.73,19-07-2025,Partial,177540,30,19.75,Medium,614901,122090,Singapore,Quarterly
REV0165,CLT032,Bush Inc,PRJ019,Utilize Rich Roi,INV0165,CON038,Jul-25,45906,634095,USD,Accrued,One-time,52841.25,634095,634095,519957.9,114137.1,22.46,10-04-2026,Overdue,254034,70,3.94,Medium,553138,64062,Singapore,Quarterly
REV0166,CLT032,Bush Inc,PRJ008,Scale Dot-Com Bandwidth,INV0166,CON041,May-25,46049,1092858,INR,Recognized,Recurring,91071.5,1092858,1092858,896143.56,196714.44,35.82,04-10-2025,Paid,261166,8,38.6,Medium,2635808,356098,Singapore,Quarterly
REV0167,CLT010,Orozco-Graves,PRJ020,Matrix Robust Markets,INV0167,CON040,Dec-25,45854,684918,INR,Recognized,One-time,57076.5,684918,684918,561632.76,123285.24,37.75,21-08-2025,Partial,153911,89,14.89,High,1197503,284393,UK,Quarterly
REV0168,CLT035,"Martinez, Haynes and Sandoval",PRJ001,Strategize Killer E-Commerce,INV0168,CON049,Jun-25,46119,1196345,INR,Deferred,Recurring,99695.42,1196345,1196345,981002.9,215342.1,23.43,26-08-2025,Pending,447151,53,12.13,Low,237823,92730,Australia,Annual
REV0169,CLT020,"Gilmore, West and Wagner",PRJ006,Scale Extensible Initiatives,INV0169,CON032,Mar-25,45974,1905350,USD,Recognized,One-time,158779.17,1905350,1905350,1562387,342963,35.05,06-01-2026,Overdue,400561,19,18.44,Medium,2868570,290342,Singapore,Annual
REV0170,CLT035,"Martinez, Haynes and Sandoval",PRJ016,Enable 24/7 E-Business,INV0170,CON031,Mar-25,45931,1250011,SGD,Recognized,Recurring,104167.58,1250011,1250011,1025009.02,225001.98,23.7,01-03-2026,Overdue,309877,53,20.85,Medium,1293017,168025,Australia,Monthly
REV0171,CLT002,"Sellers, Robertson and Powers",PRJ002,Re-Contextualize Web-Enabled Relationships,INV0171,CON009,Jan-25,46085,1288291,USD,Deferred,Recurring,107357.58,1288291,1288291,1056398.62,231892.38,36.78,05-01-2026,Pending,199530,17,11.41,Medium,1827757,184166,India,Monthly
REV0172,CLT016,"Vance, Deleon and Mathis",PRJ008,Grow Global Mindshare,INV0172,CON042,Feb-25,45989,569284,USD,Accrued,Recurring,47440.33,569284,569284,466812.88,102471.12,41.86,03-07-2025,Paid,455574,44,-4.28,Low,182678,282285,India,Quarterly
REV0173,CLT003,Montes and Sons,PRJ014,Strategize Vertical Experiences,INV0173,CON037,Dec-25,46002,1016597,SGD,Deferred,One-time,84716.42,1016597,1016597,833609.54,182987.46,10.71,31-03-2026,Overdue,308275,7,39.29,Medium,2492236,204630,UK,Quarterly
REV0174,CLT037,Frederick Inc,PRJ016,Monetize Enterprise Users,INV0174,CON007,Jul-25,45987,254945,SGD,Accrued,Recurring,21245.42,254945,254945,209054.9,45890.1,21.76,09-03-2026,Pending,87360,83,4.98,Medium,946237,260545,Australia,Annual
REV0175,CLT005,"White, Davis and Jennings",PRJ018,Matrix Visionary Networks,INV0175,CON014,May-25,45988,1812405,USD,Deferred,Recurring,151033.75,1812405,1812405,1486172.1,326232.9,20.41,11-03-2026,Overdue,421843,33,21.23,Low,2525118,49667,Singapore,Annual
REV0176,CLT022,"Santos, Taylor and Webb",PRJ003,Innovate Vertical Info-Mediaries,INV0176,CON037,Dec-25,46086,623287,SGD,Deferred,One-time,51940.58,623287,623287,511095.34,112191.66,17.34,13-09-2025,Paid,341592,43,15.23,Medium,1915758,347842,Australia,Annual
REV0177,CLT021,Rodriguez-Beard,PRJ014,Synthesize Compelling Eyeballs,INV0177,CON026,Jul-25,45900,469591,USD,Accrued,One-time,39132.58,469591,469591,385064.62,84526.38,33.5,22-03-2026,Partial,461843,7,21.39,High,882401,302432,USA,Quarterly
REV0178,CLT014,Mason-Bishop,PRJ015,Revolutionize Mission-Critical Channels,INV0178,CON018,Jun-25,46122,1435811,SGD,Accrued,One-time,119650.92,1435811,1435811,1177365.02,258445.98,42.71,12-07-2025,Paid,273819,30,8.21,Low,1108201,78891,UK,Annual
REV0179,CLT020,"Gilmore, West and Wagner",PRJ014,Scale Back-End Interfaces,INV0179,CON027,Nov-25,45998,1820252,USD,Recognized,Recurring,151687.67,1820252,1820252,1492606.64,327645.36,39.61,10-12-2025,Pending,431861,41,22.3,Medium,2980878,315218,Singapore,Monthly
REV0180,CLT026,Ross Inc,PRJ004,Empower Ubiquitous Systems,INV0180,CON010,Nov-25,46156,550135,INR,Recognized,Recurring,45844.58,550135,550135,451110.7,99024.3,37.9,24-12-2025,Pending,243353,67,17.99,Medium,1870076,339173,Singapore,Monthly
REV0181,CLT013,"Sherman, Reed and Williams",PRJ009,Extend Open-Source Mindshare,INV0181,CON009,May-25,46165,384198,INR,Deferred,One-time,32016.5,384198,384198,315042.36,69155.64,33.05,28-12-2025,Partial,337795,10,38.19,Medium,183503,29007,India,Monthly
REV0182,CLT021,Rodriguez-Beard,PRJ010,Maximize Clicks-And-Mortar Initiatives,INV0182,CON056,Jan-25,46094,1311646,INR,Deferred,One-time,109303.83,1311646,1311646,1075549.72,236096.28,33.51,05-06-2025,Paid,208087,22,1.8,High,2198194,489126,USA,Monthly
REV0183,CLT034,"Ward, Hall and Hernandez",PRJ019,Disintermediate Viral E-Services,INV0183,CON050,May-25,45910,1442964,SGD,Deferred,One-time,120247,1442964,1442964,1183230.48,259733.52,40.96,24-02-2026,Partial,314479,20,28.66,Medium,1481125,436382,Australia,Annual
REV0184,CLT025,Gonzalez and Sons,PRJ008,Drive Holistic Schemas,INV0184,CON060,Feb-25,46162,1739972,USD,Recognized,Recurring,144997.67,1739972,1739972,1426777.04,313194.96,13.74,19-03-2026,Partial,143941,61,10.42,High,334568,257089,UK,Annual
REV0185,CLT024,Marquez LLC,PRJ004,Enhance B2B Portals,INV0185,CON021,Apr-25,46088,1517204,SGD,Deferred,One-time,126433.67,1517204,1517204,1244107.28,273096.72,33.9,15-03-2026,Pending,461076,23,8.15,High,1642410,430632,USA,Quarterly
REV0186,CLT002,"Sellers, Robertson and Powers",PRJ020,Incentivize Next-Generation Technologies,INV0186,CON003,Jan-25,45820,1403496,SGD,Accrued,Recurring,116958,1403496,1403496,1150866.72,252629.28,34.17,16-09-2025,Partial,132635,75,9.23,High,1621924,473514,India,Annual
REV0187,CLT008,"Stewart, Clark and Owen",PRJ008,Utilize Integrated Portals,INV0187,CON055,Dec-25,45881,1171789,USD,Deferred,Recurring,97649.08,1171789,1171789,960866.98,210922.02,41.84,22-02-2026,Overdue,486280,37,5.04,Low,1347482,110303,USA,Monthly
REV0188,CLT029,Poole Ltd,PRJ011,Transform Magnetic E-Commerce,INV0188,CON057,May-25,46145,1374042,SGD,Deferred,Recurring,114503.5,1374042,1374042,1126714.44,247327.56,19.59,29-08-2025,Paid,431592,67,13.55,Medium,1495538,376116,Australia,Quarterly
REV0189,CLT007,Bailey Inc,PRJ006,Monetize Magnetic Methodologies,INV0189,CON045,Mar-25,45974,1778893,USD,Accrued,Recurring,148241.08,1778893,1778893,1458692.26,320200.74,22.31,12-08-2025,Pending,237639,8,28.1,High,2791034,96332,Australia,Annual
REV0190,CLT029,Poole Ltd,PRJ005,Transition Vertical Eyeballs,INV0190,CON001,Jan-25,45981,1708887,USD,Recognized,One-time,142407.25,1708887,1708887,1401287.34,307599.66,20.98,04-05-2026,Paid,58105,25,2.48,High,2822860,400117,Australia,Monthly
REV0191,CLT039,Atkinson-Willis,PRJ014,Transition Innovative Partnerships,INV0191,CON051,Feb-25,45846,1488129,USD,Deferred,One-time,124010.75,1488129,1488129,1220265.78,267863.22,40.57,11-11-2025,Partial,136671,27,24.37,Medium,1281943,104157,USA,Monthly
REV0192,CLT027,Montoya-Wilson,PRJ006,Incentivize Innovative Web Services,INV0192,CON026,Dec-25,45860,820912,USD,Accrued,Recurring,68409.33,820912,820912,673147.84,147764.16,10.73,12-09-2025,Paid,483976,76,22.36,High,1059267,475447,India,Monthly
REV0193,CLT030,Morrow-Robinson,PRJ009,Facilitate Cross-Platform Interfaces,INV0193,CON045,Nov-25,45819,465794,INR,Recognized,One-time,38816.17,465794,465794,381951.08,83842.92,31.63,03-05-2026,Pending,78250,16,37.9,Low,2479189,61525,UK,Monthly
REV0194,CLT034,"Ward, Hall and Hernandez",PRJ015,Grow Mission-Critical Vortals,INV0194,CON053,Nov-25,45970,962594,SGD,Deferred,Recurring,80216.17,962594,962594,789327.08,173266.92,17.86,16-06-2025,Partial,99900,39,4.4,Medium,1702532,68261,Australia,Quarterly
REV0195,CLT014,Mason-Bishop,PRJ007,Optimize 24/7 Web-Readiness,INV0195,CON053,Jan-25,46050,1308464,USD,Accrued,Recurring,109038.67,1308464,1308464,1072940.48,235523.52,24.64,18-09-2025,Overdue,415479,23,-8.56,Medium,1087698,323842,UK,Quarterly
REV0196,CLT016,"Vance, Deleon and Mathis",PRJ019,Incentivize Next-Generation Content,INV0196,CON044,Oct-25,45981,825186,SGD,Deferred,Recurring,68765.5,825186,825186,676652.52,148533.48,10.36,28-09-2025,Partial,456887,46,38.72,Medium,2980867,111263,India,Annual
REV0197,CLT025,Gonzalez and Sons,PRJ014,Aggregate Best-Of-Breed Applications,INV0197,CON048,Jul-25,45820,1535733,SGD,Deferred,Recurring,127977.75,1535733,1535733,1259301.06,276431.94,13.33,30-09-2025,Paid,27322,47,36.55,Medium,1586048,317914,UK,Annual
REV0198,CLT039,Atkinson-Willis,PRJ002,Seize Distributed Communities,INV0198,CON001,Jan-25,45953,1538067,USD,Accrued,One-time,128172.25,1538067,1538067,1261214.94,276852.06,20.59,15-07-2025,Overdue,351934,52,-3.39,High,272490,304342,USA,Monthly
REV0199,CLT017,Wang LLC,PRJ017,Maximize End-To-End Interfaces,INV0199,CON032,Aug-25,46056,406235,USD,Deferred,Recurring,33852.92,406235,406235,333112.7,73122.3,13.14,31-08-2025,Overdue,74341,38,-4.16,Low,636331,261730,Australia,Quarterly
REV0200,CLT024,Marquez LLC,PRJ014,Optimize Global Content,INV0200,CON019,Jan-25,46047,1992459,USD,Accrued,One-time,166038.25,1992459,1992459,1633816.38,358642.62,28.09,22-08-2025,Overdue,468017,26,5.78,Medium,734450,291333,USA,Annual
REV0201,CLT029,Poole Ltd,PRJ007,Integrate Compelling E-Markets,INV0201,CON010,Nov-25,45968,161615,INR,Recognized,Recurring,13467.92,161615,161615,132524.3,29090.7,11.26,04-07-2025,Pending,85749,64,11.82,Medium,271092,231483,Australia,Quarterly
REV0202,CLT036,"Morris, Bentley and Wall",PRJ015,Re-Contextualize Magnetic E-Tailers,INV0202,CON032,Apr-25,46042,1067537,INR,Accrued,Recurring,88961.42,1067537,1067537,875380.34,192156.66,14.33,12-07-2025,Paid,106815,41,-0.97,Low,2233800,431264,USA,Quarterly
REV0203,CLT037,Frederick Inc,PRJ019,Harness B2C Deliverables,INV0203,CON014,Nov-25,46017,1918341,SGD,Recognized,Recurring,159861.75,1918341,1918341,1573039.62,345301.38,24.57,27-07-2025,Paid,129057,68,23.85,Medium,208893,149045,Australia,Annual
REV0204,CLT008,"Stewart, Clark and Owen",PRJ012,Disintermediate Cross-Platform Applications,INV0204,CON038,Nov-25,46110,876633,INR,Deferred,Recurring,73052.75,876633,876633,718839.06,157793.94,11.01,28-06-2025,Overdue,435525,89,13.99,High,1229603,311534,USA,Annual
REV0205,CLT001,Burgess and Sons,PRJ002,Engage Customized Users,INV0205,CON042,Apr-25,46109,740858,SGD,Deferred,One-time,61738.17,740858,740858,607503.56,133354.44,43.16,05-08-2025,Partial,110817,11,30.08,Medium,1455476,418458,India,Monthly
REV0206,CLT005,"White, Davis and Jennings",PRJ020,Empower Value-Added E-Markets,INV0206,CON025,Sep-25,46146,1197469,INR,Deferred,One-time,99789.08,1197469,1197469,981924.58,215544.42,16.23,30-08-2025,Overdue,46760,7,32.62,Low,1729499,408678,Singapore,Quarterly
REV0207,CLT019,Trevino-Williams,PRJ005,Transform Cutting-Edge E-Commerce,INV0207,CON008,Mar-25,45830,1407209,USD,Deferred,One-time,117267.42,1407209,1407209,1153911.38,253297.62,35.76,16-03-2026,Pending,473817,82,-3.44,High,503120,436235,UK,Quarterly
REV0208,CLT033,"Riley, Martinez and Arnold",PRJ016,Deploy Next-Generation E-Markets,INV0208,CON029,Feb-25,46118,469160,USD,Deferred,One-time,39096.67,469160,469160,384711.2,84448.8,29.71,22-03-2026,Overdue,47302,59,30.55,High,881633,227596,Singapore,Annual
REV0209,CLT028,Hanson-Anthony,PRJ002,Streamline Bricks-And-Clicks Platforms,INV0209,CON033,Jul-25,46083,244924,USD,Deferred,Recurring,20410.33,244924,244924,200837.68,44086.32,32.67,22-03-2026,Partial,487937,68,16.36,High,2300658,44024,USA,Quarterly
REV0210,CLT030,Morrow-Robinson,PRJ003,Synthesize User-Centric Deliverables,INV0210,CON059,May-25,46033,967201,USD,Deferred,Recurring,80600.08,967201,967201,793104.82,174096.18,44.45,14-09-2025,Pending,441208,36,16.15,Medium,2484611,25023,UK,Annual
REV0211,CLT005,"White, Davis and Jennings",PRJ002,Synergize Synergistic Action-Items,INV0211,CON033,May-25,46132,1973721,INR,Accrued,One-time,164476.75,1973721,1973721,1618451.22,355269.78,24.46,26-12-2025,Overdue,346478,77,30.64,Medium,1168961,307006,Singapore,Monthly
REV0212,CLT033,"Riley, Martinez and Arnold",PRJ004,Integrate Leading-Edge Eyeballs,INV0212,CON048,May-25,46062,84117,SGD,Deferred,Recurring,7009.75,84117,84117,68975.94,15141.06,37.52,30-04-2026,Overdue,23728,15,10.81,High,1348424,164598,Singapore,Annual
REV0213,CLT030,Morrow-Robinson,PRJ015,Enable Impactful Users,INV0213,CON040,Mar-25,45900,1638287,USD,Deferred,Recurring,136523.92,1638287,1638287,1343395.34,294891.66,17.39,04-03-2026,Paid,391658,82,2.97,High,545983,227435,UK,Annual
REV0214,CLT002,"Sellers, Robertson and Powers",PRJ013,Empower User-Centric Methodologies,INV0214,CON008,Jul-25,45919,62262,INR,Recognized,One-time,5188.5,62262,62262,51054.84,11207.16,26.11,30-09-2025,Overdue,455491,89,38.29,High,2141462,158754,India,Annual
REV0215,CLT040,Martin-Davis,PRJ013,Syndicate Viral E-Business,INV0215,CON052,Nov-25,46107,806503,USD,Recognized,Recurring,67208.58,806503,806503,661332.46,145170.54,14.73,19-05-2026,Partial,58674,7,24.8,Low,212471,109696,India,Quarterly
REV0216,CLT010,Orozco-Graves,PRJ008,Orchestrate Best-Of-Breed Roi,INV0216,CON028,Jan-25,45956,1412603,SGD,Accrued,Recurring,117716.92,1412603,1412603,1158334.46,254268.54,13.01,04-05-2026,Overdue,77681,65,11.09,Low,796696,473125,UK,Monthly
REV0217,CLT029,Poole Ltd,PRJ016,Architect Innovative Networks,INV0217,CON002,Aug-25,45866,1067216,USD,Accrued,Recurring,88934.67,1067216,1067216,875117.12,192098.88,17.05,30-09-2025,Overdue,26697,47,-9.61,High,1911049,217939,Australia,Quarterly
REV0218,CLT038,Allen LLC,PRJ018,Re-Contextualize Sticky Initiatives,INV0218,CON019,Nov-25,46118,1299566,INR,Deferred,One-time,108297.17,1299566,1299566,1065644.12,233921.88,27.01,22-10-2025,Overdue,121585,12,16.42,Medium,2517610,165596,Australia,Annual
REV0219,CLT005,"White, Davis and Jennings",PRJ014,Orchestrate Dynamic Channels,INV0219,CON057,Nov-25,46057,611719,USD,Recognized,One-time,50976.58,611719,611719,501609.58,110109.42,31.79,16-12-2025,Pending,235051,60,-8.96,Medium,906150,246017,Singapore,Quarterly
REV0220,CLT029,Poole Ltd,PRJ017,Harness Robust Synergies,INV0220,CON015,Jun-25,46128,536755,SGD,Accrued,One-time,44729.58,536755,536755,440139.1,96615.9,42.26,07-09-2025,Overdue,68764,42,26.15,Medium,1848442,436774,Australia,Annual
REV0221,CLT024,Marquez LLC,PRJ016,Brand Scalable Roi,INV0221,CON052,Sep-25,45839,1719275,INR,Accrued,Recurring,143272.92,1719275,1719275,1409805.5,309469.5,19.89,22-07-2025,Paid,349729,66,-3.55,Low,755628,317586,USA,Quarterly
REV0222,CLT007,Bailey Inc,PRJ014,Enable Dynamic Paradigms,INV0222,CON032,Jan-25,45942,1714053,USD,Recognized,Recurring,142837.75,1714053,1714053,1405523.46,308529.54,29.49,25-12-2025,Paid,188107,38,7.85,Low,832806,434083,Australia,Annual
REV0223,CLT003,Montes and Sons,PRJ003,Strategize Leading-Edge E-Business,INV0223,CON022,Aug-25,45859,1742014,USD,Recognized,Recurring,145167.83,1742014,1742014,1428451.48,313562.52,14.22,20-11-2025,Partial,254995,38,39.68,Medium,295774,403751,UK,Annual
REV0224,CLT018,Brown-Smith,PRJ005,Brand Holistic Paradigms,INV0224,CON055,Oct-25,45959,1929714,SGD,Accrued,Recurring,160809.5,1929714,1929714,1582365.48,347348.52,34.72,29-03-2026,Overdue,418899,63,38.13,Low,544142,409810,India,Annual
REV0225,CLT040,Martin-Davis,PRJ004,Deploy Synergistic Channels,INV0225,CON053,Mar-25,45939,1690300,SGD,Recognized,Recurring,140858.33,1690300,1690300,1386046,304254,15.85,12-03-2026,Paid,456586,31,35.55,Low,1325252,371281,India,Quarterly
REV0226,CLT033,"Riley, Martinez and Arnold",PRJ004,Whiteboard Synergistic Bandwidth,INV0226,CON010,Jan-25,45970,1095201,SGD,Deferred,One-time,91266.75,1095201,1095201,898064.82,197136.18,38.67,03-06-2025,Paid,444908,30,11.96,Medium,127630,128616,Singapore,Quarterly
REV0227,CLT022,"Santos, Taylor and Webb",PRJ017,Architect B2B Architectures,INV0227,CON011,Nov-25,46013,651375,INR,Deferred,One-time,54281.25,651375,651375,534127.5,117247.5,35.03,14-01-2026,Overdue,189081,85,23.25,Low,2321514,221103,Australia,Monthly
REV0228,CLT009,Harrison-George,PRJ014,Benchmark Strategic Bandwidth,INV0228,CON027,Mar-25,46040,1731430,USD,Deferred,One-time,144285.83,1731430,1731430,1419772.6,311657.4,43.03,18-10-2025,Overdue,76328,6,25.88,High,391844,44448,Australia,Quarterly
REV0229,CLT021,Rodriguez-Beard,PRJ006,Mesh B2C Communities,INV0229,CON028,Oct-25,45841,892322,INR,Deferred,Recurring,74360.17,892322,892322,731704.04,160617.96,33.11,10-08-2025,Partial,473175,78,-7.11,High,2869757,459178,USA,Annual
REV0230,CLT019,Trevino-Williams,PRJ013,Synergize Next-Generation Bandwidth,INV0230,CON057,Dec-25,45833,929346,SGD,Accrued,One-time,77445.5,929346,929346,762063.72,167282.28,35.25,08-04-2026,Pending,476698,49,-9.6,Medium,2313718,320025,UK,Monthly
REV0231,CLT026,Ross Inc,PRJ007,Matrix Plug-And-Play Web-Readiness,INV0231,CON057,Oct-25,46003,985726,SGD,Accrued,One-time,82143.83,985726,985726,808295.32,177430.68,34.41,05-12-2025,Overdue,406533,30,34.05,Low,255064,281769,Singapore,Quarterly
REV0232,CLT025,Gonzalez and Sons,PRJ005,Seize Bleeding-Edge Platforms,INV0232,CON034,Jun-25,45803,1570642,SGD,Deferred,Recurring,130886.83,1570642,1570642,1287926.44,282715.56,13.25,10-01-2026,Pending,273330,48,27.85,Low,198237,14623,UK,Annual
REV0233,CLT038,Allen LLC,PRJ008,Repurpose Best-Of-Breed Architectures,INV0233,CON054,Jul-25,45997,592512,USD,Accrued,One-time,49376,592512,592512,485859.84,106652.16,44.54,06-04-2026,Paid,383771,12,32.08,Medium,2729784,266075,Australia,Quarterly
REV0234,CLT008,"Stewart, Clark and Owen",PRJ004,Matrix Robust Users,INV0234,CON029,Feb-25,45922,150103,USD,Accrued,Recurring,12508.58,150103,150103,123084.46,27018.54,25.86,17-01-2026,Partial,422255,79,18.28,High,2891395,279596,USA,Annual
REV0235,CLT015,Harper Group,PRJ010,Disintermediate Compelling Systems,INV0235,CON019,May-25,45892,784710,SGD,Accrued,Recurring,65392.5,784710,784710,643462.2,141247.8,35,20-08-2025,Partial,55169,46,15.82,Low,1615265,238189,UK,Monthly
REV0236,CLT010,Orozco-Graves,PRJ014,Implement Intuitive Users,INV0236,CON054,Nov-25,46145,1542418,USD,Recognized,Recurring,128534.83,1542418,1542418,1264782.76,277635.24,12.18,27-02-2026,Partial,249693,32,12.31,Medium,2938799,275909,UK,Quarterly
REV0237,CLT038,Allen LLC,PRJ017,Extend Rich Web Services,INV0237,CON050,Oct-25,46123,1222241,USD,Deferred,One-time,101853.42,1222241,1222241,1002237.62,220003.38,32.28,07-02-2026,Overdue,361243,67,26.59,Medium,783012,75678,Australia,Annual
REV0238,CLT009,Harrison-George,PRJ015,Disintermediate Viral Models,INV0238,CON009,Mar-25,45980,1066624,SGD,Accrued,Recurring,88885.33,1066624,1066624,874631.68,191992.32,34.31,23-09-2025,Overdue,248174,9,27.32,High,1649090,483234,Australia,Monthly
REV0239,CLT039,Atkinson-Willis,PRJ014,Facilitate Rich Roi,INV0239,CON008,Mar-25,45991,1837439,INR,Deferred,One-time,153119.92,1837439,1837439,1506699.98,330739.02,11.41,28-09-2025,Partial,61730,52,5.25,Medium,1371964,154130,USA,Quarterly
REV0240,CLT002,"Sellers, Robertson and Powers",PRJ005,Scale 24/7 Paradigms,INV0240,CON010,Jan-25,46112,1709274,SGD,Deferred,Recurring,142439.5,1709274,1709274,1401604.68,307669.32,42.79,07-01-2026,Pending,466122,41,0.78,High,2150149,1093,India,Monthly
REV0241,CLT036,"Morris, Bentley and Wall",PRJ003,Innovate Value-Added Infrastructures,INV0241,CON056,Dec-25,46007,781169,INR,Deferred,One-time,65097.42,781169,781169,640558.58,140610.42,30.06,24-08-2025,Overdue,472009,48,29.07,Medium,2640530,69630,USA,Monthly
REV0242,CLT033,"Riley, Martinez and Arnold",PRJ015,Empower Web-Enabled Markets,INV0242,CON049,Jun-25,45979,1384753,USD,Accrued,One-time,115396.08,1384753,1384753,1135497.46,249255.54,15.21,26-03-2026,Pending,46826,84,23.23,Medium,1724181,122065,Singapore,Quarterly
REV0243,CLT022,"Santos, Taylor and Webb",PRJ002,Seize World-Class Channels,INV0243,CON043,Jun-25,45820,1184547,USD,Accrued,One-time,98712.25,1184547,1184547,971328.54,213218.46,32.61,25-02-2026,Partial,370780,8,18.6,High,1395402,294148,Australia,Annual
REV0244,CLT008,"Stewart, Clark and Owen",PRJ018,Optimize E-Business Web-Readiness,INV0244,CON006,Sep-25,46137,1400385,INR,Accrued,Recurring,116698.75,1400385,1400385,1148315.7,252069.3,43.51,19-11-2025,Partial,393508,65,15.13,Low,604504,345114,USA,Annual
REV0245,CLT012,Hernandez-Welch,PRJ009,Cultivate Mission-Critical Communities,INV0245,CON051,Oct-25,46044,89790,INR,Recognized,One-time,7482.5,89790,89790,73627.8,16162.2,12.96,14-06-2025,Pending,210657,80,-7.75,Low,1525881,229122,USA,Monthly
REV0246,CLT027,Montoya-Wilson,PRJ017,Exploit Next-Generation Synergies,INV0246,CON021,Nov-25,46162,100451,USD,Deferred,Recurring,8370.92,100451,100451,82369.82,18081.18,14.01,23-12-2025,Paid,284048,26,4.27,Low,1171873,402812,India,Monthly
REV0247,CLT010,Orozco-Graves,PRJ014,Grow Mission-Critical Eyeballs,INV0247,CON044,Oct-25,45999,693394,INR,Recognized,One-time,57782.83,693394,693394,568583.08,124810.92,16.35,07-11-2025,Paid,156250,54,-5.06,Low,1831504,468194,UK,Quarterly
REV0248,CLT017,Wang LLC,PRJ004,Embrace Viral Web Services,INV0248,CON004,Nov-25,46068,837508,INR,Recognized,Recurring,69792.33,837508,837508,686756.56,150751.44,27.25,14-10-2025,Overdue,497736,19,3.46,Medium,2049611,289994,Australia,Quarterly
REV0249,CLT005,"White, Davis and Jennings",PRJ001,Incubate Real-Time Roi,INV0249,CON027,Jun-25,46103,1065381,SGD,Recognized,Recurring,88781.75,1065381,1065381,873612.42,191768.58,19.42,20-12-2025,Paid,129140,76,22.58,Low,1377638,297924,Singapore,Quarterly
REV0250,CLT029,Poole Ltd,PRJ017,Seize Sticky Solutions,INV0250,CON014,Mar-25,46152,225968,INR,Deferred,Recurring,18830.67,225968,225968,185293.76,40674.24,37.37,24-06-2025,Overdue,477884,76,12.59,Low,2048891,434829,Australia,Annual
REV0251,CLT019,Trevino-Williams,PRJ006,Whiteboard Clicks-And-Mortar Eyeballs,INV0251,CON001,Dec-25,46062,1419563,INR,Deferred,One-time,118296.92,1419563,1419563,1164041.66,255521.34,30.93,30-12-2025,Overdue,184244,85,0.64,High,1279905,23847,UK,Monthly
REV0252,CLT035,"Martinez, Haynes and Sandoval",PRJ003,Reinvent Holistic E-Markets,INV0252,CON020,Nov-25,46146,1230867,INR,Deferred,Recurring,102572.25,1230867,1230867,1009310.94,221556.06,39.07,26-10-2025,Pending,460471,60,0.54,High,1435063,463434,Australia,Annual
REV0253,CLT022,"Santos, Taylor and Webb",PRJ009,Engage Out-Of-The-Box E-Business,INV0253,CON049,Jan-25,45850,1382047,SGD,Deferred,One-time,115170.58,1382047,1382047,1133278.54,248768.46,18.61,14-03-2026,Pending,179112,31,12.99,High,1477649,8322,Australia,Annual
REV0254,CLT009,Harrison-George,PRJ001,Engineer Impactful Web-Readiness,INV0254,CON039,Oct-25,46062,1405689,USD,Recognized,Recurring,117140.75,1405689,1405689,1152664.98,253024.02,33.54,17-11-2025,Overdue,291394,67,28.12,High,440362,412774,Australia,Annual
REV0255,CLT005,"White, Davis and Jennings",PRJ001,Transition Best-Of-Breed Web-Readiness,INV0255,CON058,Mar-25,46146,1179629,SGD,Deferred,Recurring,98302.42,1179629,1179629,967295.78,212333.22,22.35,10-11-2025,Overdue,433830,81,7.9,Low,135363,65412,Singapore,Quarterly
REV0256,CLT024,Marquez LLC,PRJ015,Monetize B2C Metrics,INV0256,CON001,Apr-25,45842,454731,INR,Accrued,Recurring,37894.25,454731,454731,372879.42,81851.58,36.54,02-01-2026,Pending,100407,16,30.81,High,1371622,423842,USA,Annual
REV0257,CLT015,Harper Group,PRJ016,Scale Wireless E-Commerce,INV0257,CON024,Feb-25,46072,541274,INR,Deferred,One-time,45106.17,541274,541274,443844.68,97429.32,41.66,16-08-2025,Partial,3741,30,39.21,High,1761305,58167,UK,Quarterly
REV0258,CLT037,Frederick Inc,PRJ016,Embrace Robust Models,INV0258,CON011,Oct-25,45955,1099258,SGD,Recognized,Recurring,91604.83,1099258,1099258,901391.56,197866.44,12.29,04-12-2025,Partial,391104,13,-3.63,High,1056155,461899,Australia,Annual
REV0259,CLT018,Brown-Smith,PRJ001,Re-Contextualize Granular Vortals,INV0259,CON045,Jan-25,46159,452341,SGD,Accrued,One-time,37695.08,452341,452341,370919.62,81421.38,33.82,08-08-2025,Overdue,1024,59,22.05,High,317528,447668,India,Quarterly
REV0260,CLT028,Hanson-Anthony,PRJ014,Syndicate Plug-And-Play Portals,INV0260,CON018,Nov-25,46134,1820712,INR,Accrued,One-time,151726,1820712,1820712,1492983.84,327728.16,27.35,15-05-2026,Paid,463367,33,-7.65,Medium,2333090,235332,USA,Quarterly
REV0261,CLT001,Burgess and Sons,PRJ007,Cultivate Holistic Eyeballs,INV0261,CON022,Mar-25,45994,871787,INR,Accrued,Recurring,72648.92,871787,871787,714865.34,156921.66,44.66,02-09-2025,Partial,361522,59,37.89,Low,925761,86235,India,Quarterly
REV0262,CLT020,"Gilmore, West and Wagner",PRJ004,Maximize Frictionless Applications,INV0262,CON002,Apr-25,45930,181793,USD,Deferred,Recurring,15149.42,181793,181793,149070.26,32722.74,30.74,31-03-2026,Pending,440668,37,2.36,Medium,1099750,178678,Singapore,Monthly
REV0263,CLT022,"Santos, Taylor and Webb",PRJ008,Re-Contextualize 24/7 Web Services,INV0263,CON005,Jan-25,46037,1139837,SGD,Accrued,One-time,94986.42,1139837,1139837,934666.34,205170.66,36.74,22-12-2025,Overdue,303528,20,-5.72,Low,239853,197863,Australia,Quarterly
REV0264,CLT005,"White, Davis and Jennings",PRJ005,Drive Best-Of-Breed Users,INV0264,CON004,Jun-25,46023,1691328,USD,Recognized,One-time,140944,1691328,1691328,1386888.96,304439.04,31.38,28-05-2025,Overdue,34493,18,23.88,High,318955,154621,Singapore,Quarterly
REV0265,CLT026,Ross Inc,PRJ020,Mesh Mission-Critical Supply-Chains,INV0265,CON049,Jan-25,45910,250970,USD,Recognized,Recurring,20914.17,250970,250970,205795.4,45174.6,25.87,19-05-2026,Overdue,416895,59,34,High,524790,178056,Singapore,Annual
REV0266,CLT002,"Sellers, Robertson and Powers",PRJ017,E-Enable World-Class Infrastructures,INV0266,CON022,Dec-25,45813,1002267,SGD,Recognized,Recurring,83522.25,1002267,1002267,821858.94,180408.06,13.59,29-07-2025,Paid,310843,29,35.22,Low,2773297,266809,India,Quarterly
REV0267,CLT023,"Ellison, Lewis and Montoya",PRJ016,Visualize Distributed Portals,INV0267,CON047,Jun-25,46064,932915,SGD,Deferred,Recurring,77742.92,932915,932915,764990.3,167924.7,18.51,06-04-2026,Paid,31714,21,5.58,Medium,2252205,341681,Singapore,Quarterly
REV0268,CLT020,"Gilmore, West and Wagner",PRJ018,Implement Leading-Edge Communities,INV0268,CON050,Oct-25,45945,1274036,INR,Recognized,One-time,106169.67,1274036,1274036,1044709.52,229326.48,20.8,22-05-2026,Pending,152601,52,38.51,High,2559707,344812,Singapore,Annual
REV0269,CLT010,Orozco-Graves,PRJ008,Morph Seamless Systems,INV0269,CON033,Jul-25,46004,170203,SGD,Recognized,One-time,14183.58,170203,170203,139566.46,30636.54,22.03,05-01-2026,Partial,335835,30,29.26,Medium,894214,350151,UK,Quarterly
REV0270,CLT030,Morrow-Robinson,PRJ011,Harness Plug-And-Play E-Commerce,INV0270,CON055,Feb-25,45913,1307792,SGD,Accrued,One-time,108982.67,1307792,1307792,1072389.44,235402.56,31.56,26-03-2026,Overdue,172291,25,-4.76,Low,2180084,115031,UK,Monthly
REV0271,CLT015,Harper Group,PRJ008,Expedite Visionary Relationships,INV0271,CON030,Sep-25,45905,1503788,SGD,Recognized,Recurring,125315.67,1503788,1503788,1233106.16,270681.84,26.83,08-10-2025,Pending,423242,53,0.27,Low,128208,190220,UK,Monthly
REV0272,CLT005,"White, Davis and Jennings",PRJ001,Synthesize Compelling Functionalities,INV0272,CON036,Oct-25,46011,800542,INR,Recognized,One-time,66711.83,800542,800542,656444.44,144097.56,25.41,09-08-2025,Pending,23018,8,-0.04,Medium,830423,114790,Singapore,Quarterly
REV0273,CLT012,Hernandez-Welch,PRJ018,Scale One-To-One Experiences,INV0273,CON016,May-25,45913,762648,INR,Recognized,Recurring,63554,762648,762648,625371.36,137276.64,16.16,01-10-2025,Pending,477442,17,-8.95,High,675641,198664,USA,Annual
REV0274,CLT008,"Stewart, Clark and Owen",PRJ007,Re-Intermediate Innovative Info-Mediaries,INV0274,CON020,Aug-25,45873,759641,USD,Recognized,One-time,63303.42,759641,759641,622905.62,136735.38,38.33,27-04-2026,Partial,493439,72,38.86,High,1919145,460528,USA,Annual
REV0275,CLT005,"White, Davis and Jennings",PRJ005,Productize Mission-Critical Communities,INV0275,CON057,Jul-25,46163,298498,INR,Recognized,Recurring,24874.83,298498,298498,244768.36,53729.64,28.64,21-05-2026,Pending,166698,81,11.48,High,1125715,482876,Singapore,Monthly
REV0276,CLT040,Martin-Davis,PRJ007,Grow B2B E-Commerce,INV0276,CON055,Jan-25,46117,1281711,SGD,Deferred,Recurring,106809.25,1281711,1281711,1051003.02,230707.98,21.47,11-07-2025,Paid,330017,40,33.64,High,2549818,464432,India,Quarterly
REV0277,CLT014,Mason-Bishop,PRJ003,Implement B2C Systems,INV0277,CON051,Nov-25,46045,1575255,USD,Accrued,Recurring,131271.25,1575255,1575255,1291709.1,283545.9,15.86,10-06-2025,Overdue,393901,87,27.56,Medium,2191228,272049,UK,Quarterly
REV0278,CLT012,Hernandez-Welch,PRJ012,Enable Open-Source Roi,INV0278,CON034,Feb-25,46084,724912,SGD,Deferred,One-time,60409.33,724912,724912,594427.84,130484.16,26.58,24-08-2025,Overdue,334551,79,22.49,Low,1020759,469177,USA,Monthly
REV0279,CLT029,Poole Ltd,PRJ008,Facilitate B2B Roi,INV0279,CON026,Sep-25,45996,1860195,INR,Deferred,One-time,155016.25,1860195,1860195,1525359.9,334835.1,41.1,21-08-2025,Partial,490470,52,2.73,Low,663422,394066,Australia,Monthly
REV0280,CLT019,Trevino-Williams,PRJ017,Matrix Interactive E-Markets,INV0280,CON023,Dec-25,45832,982195,INR,Accrued,Recurring,81849.58,982195,982195,805399.9,176795.1,26.28,09-04-2026,Pending,223400,62,13.38,Medium,1641456,421792,UK,Quarterly
REV0281,CLT021,Rodriguez-Beard,PRJ013,Synergize Dot-Com E-Services,INV0281,CON002,Dec-25,45925,622563,INR,Deferred,Recurring,51880.25,622563,622563,510501.66,112061.34,19.3,20-05-2026,Paid,188268,15,4.73,High,2250801,286603,USA,Annual
REV0282,CLT006,Robinson PLC,PRJ009,Engage Synergistic Systems,INV0282,CON060,Mar-25,45982,1698095,INR,Recognized,Recurring,141507.92,1698095,1698095,1392437.9,305657.1,12.5,13-08-2025,Paid,286274,30,6.69,High,1480938,131084,USA,Quarterly
REV0283,CLT018,Brown-Smith,PRJ020,Deliver Customized Relationships,INV0283,CON009,Jul-25,46072,449806,SGD,Accrued,One-time,37483.83,449806,449806,368840.92,80965.08,10.3,26-12-2025,Pending,147768,49,29.16,Medium,1801874,430892,India,Annual
REV0284,CLT001,Burgess and Sons,PRJ017,Benchmark Innovative Convergence,INV0284,CON049,Jul-25,45974,1039864,INR,Deferred,Recurring,86655.33,1039864,1039864,852688.48,187175.52,17.94,05-12-2025,Partial,248742,34,15.79,High,2066031,378803,India,Quarterly
REV0285,CLT022,"Santos, Taylor and Webb",PRJ003,Synthesize Ubiquitous E-Services,INV0285,CON021,Apr-25,45869,1710765,INR,Deferred,One-time,142563.75,1710765,1710765,1402827.3,307937.7,17.34,03-06-2025,Overdue,447188,76,-8.49,Low,2522245,458096,Australia,Monthly
REV0286,CLT020,"Gilmore, West and Wagner",PRJ001,Brand Viral Schemas,INV0286,CON032,Oct-25,45983,1597289,SGD,Deferred,One-time,133107.42,1597289,1597289,1309776.98,287512.02,17.89,07-07-2025,Overdue,359537,56,28.14,High,2354874,157096,Singapore,Quarterly
REV0287,CLT038,Allen LLC,PRJ019,Extend Enterprise Technologies,INV0287,CON051,Nov-25,45893,98737,INR,Recognized,Recurring,8228.08,98737,98737,80964.34,17772.66,44.2,10-05-2026,Pending,297895,85,29.96,High,2507021,454528,Australia,Quarterly
REV0288,CLT025,Gonzalez and Sons,PRJ013,Generate Virtual Supply-Chains,INV0288,CON005,Oct-25,46082,478248,SGD,Deferred,Recurring,39854,478248,478248,392163.36,86084.64,26.62,15-12-2025,Pending,298589,62,21.95,Medium,491083,89875,UK,Monthly
REV0289,CLT036,"Morris, Bentley and Wall",PRJ002,Iterate Impactful Applications,INV0289,CON053,May-25,45842,422529,SGD,Accrued,One-time,35210.75,422529,422529,346473.78,76055.22,10.94,07-11-2025,Partial,36433,54,4.19,Low,1320985,345804,USA,Annual
REV0290,CLT005,"White, Davis and Jennings",PRJ002,Re-Intermediate Wireless Networks,INV0290,CON024,Nov-25,46040,1003498,SGD,Recognized,Recurring,83624.83,1003498,1003498,822868.36,180629.64,21.44,19-02-2026,Overdue,205051,25,39.48,Low,2350047,219369,Singapore,Quarterly
REV0291,CLT005,"White, Davis and Jennings",PRJ007,Extend Bricks-And-Clicks Schemas,INV0291,CON009,Apr-25,45859,865777,INR,Deferred,One-time,72148.08,865777,865777,709937.14,155839.86,38.63,05-08-2025,Overdue,83247,82,18.75,Medium,2564119,106416,Singapore,Annual
REV0292,CLT030,Morrow-Robinson,PRJ007,Strategize Bleeding-Edge E-Markets,INV0292,CON001,Nov-25,46086,627641,INR,Deferred,Recurring,52303.42,627641,627641,514665.62,112975.38,38.86,10-03-2026,Partial,275700,47,35.52,Medium,2030237,242585,UK,Annual
REV0293,CLT003,Montes and Sons,PRJ003,Embrace User-Centric Platforms,INV0293,CON019,May-25,46046,1596210,SGD,Deferred,One-time,133017.5,1596210,1596210,1308892.2,287317.8,34.51,18-01-2026,Pending,205043,83,31.17,Low,1840857,130618,UK,Monthly
REV0294,CLT040,Martin-Davis,PRJ014,Matrix Visionary Markets,INV0294,CON030,Mar-25,45813,1587724,USD,Accrued,Recurring,132310.33,1587724,1587724,1301933.68,285790.32,34.45,21-12-2025,Paid,206334,10,1.98,Low,1248300,462713,India,Annual
REV0295,CLT035,"Martinez, Haynes and Sandoval",PRJ003,Re-Intermediate Extensible Web-Readiness,INV0295,CON045,Aug-25,45898,662136,SGD,Accrued,Recurring,55178,662136,662136,542951.52,119184.48,41.81,30-12-2025,Overdue,399434,75,-3.94,Medium,421005,396045,Australia,Monthly
REV0296,CLT033,"Riley, Martinez and Arnold",PRJ011,Optimize Seamless Synergies,INV0296,CON027,Jan-25,46013,1657548,USD,Recognized,One-time,138129,1657548,1657548,1359189.36,298358.64,17.26,22-11-2025,Paid,242308,8,-6.34,High,2933764,393077,Singapore,Quarterly
REV0297,CLT025,Gonzalez and Sons,PRJ013,Deploy Distributed Markets,INV0297,CON055,Dec-25,45972,770702,INR,Deferred,Recurring,64225.17,770702,770702,631975.64,138726.36,10.38,12-04-2026,Paid,371772,22,6.36,High,2047186,254153,UK,Quarterly
REV0298,CLT005,"White, Davis and Jennings",PRJ018,Synthesize Back-End Initiatives,INV0298,CON043,Mar-25,46019,223117,INR,Accrued,One-time,18593.08,223117,223117,182955.94,40161.06,14.91,11-05-2026,Pending,441221,25,-1.47,Low,2645894,52698,Singapore,Monthly
REV0299,CLT019,Trevino-Williams,PRJ018,Drive Back-End Functionalities,INV0299,CON048,Feb-25,46011,310364,USD,Recognized,Recurring,25863.67,310364,310364,254498.48,55865.52,33.5,15-09-2025,Paid,355143,39,-2.33,Medium,846335,113598,UK,Annual
REV0300,CLT003,Montes and Sons,PRJ018,Deliver Cross-Media E-Tailers,INV0300,CON014,Jul-25,45872,1922101,USD,Accrued,Recurring,160175.08,1922101,1922101,1576122.82,345978.18,39.28,27-05-2025,Paid,204796,44,12.2,High,119569,25514,UK,Quarterly
