id,employee_id,employee_name,first_name,last_name,personal_email,work_email,phone,alternate_phone,dob,age,gender,marital_status,nationality,blood_group,address,city,state,country,entity,joining_date,hire_year,years_at_company,designation,employment_type,employment_status,reporting_manager_id,emergency_contact_name,emergency_contact_phone,emergency_contact_relation,capability,allocation_group,billable_status,project_id,shift_group,shift_description,shift_start_time,shift_end_time,gross_working_hours,break_hours,working_days,work_mode,bank_name,account_number,account_type,ifsc_code,currency,yearly_salary,monthly_salary,gross_salary,tax_deduction,pf_contribution,other_deductions,net_salary,rating_score,goal_completion_percent
1,EMP001,Wazir Grover,Wazir,Grover,falguniarora@example.org,wazir.grover@company.com,6580839221,6589228452,10-06-1993,32,Male,Single,Indian,B+,"85/735, Bajaj Nagar, Ulhasnagar-218246",Singapore,Singapore,Singapore,Singapore,07-09-2024,2024,1.7,Project Manager,Full-time,Active,,Dominic Parikh,9.1817E+11,Father,AI Native Application Development,Internal,Billable,PRJ003,General Shift,General Shift,09:00,18:00,9,1,Mon-Fri,On-site,Kotak Mahindra Bank,342319992484,Salary,SBIN0948749,SGD,2876705,239725.42,239725.42,28767.05,11986.27,7191.76,191780.34,3.6,56
2,EMP002,Naina Patil,Naina,Patil,chandranathaniel@example.net,mason.sekhon@company.com,6585357277,6594180586,29-07-1971,54,Female,Married,Indian,A+,"H.No. 089, Dar Ganj, Suryapet-957510",Singapore,Singapore,Singapore,Singapore,14-12-2024,2024,1.4,Data Analyst,Full-time,Active,EMP001,Aditya Issac,9.19134E+11,Brother,Next Gen Application Development,Internal,Billable,PRJ012,Evening Shift,Evening Shift,14:00,23:00,9,1,Mon-Fri,Hybrid,HDFC Bank,424493543665,Salary,ICIC0838797,SGD,828700,69058.33,69058.33,8287,3452.92,2071.75,55246.66,2.7,61
3,EMP003,Darsh Keer,Darsh,Keer,qtailor@example.net,darsh.keer@company.com,919320303242,917242911821,21-05-1982,44,Male,Married,Indian,B+,"H.No. 489, Kaul Path, Solapur-885485",Mumbai,Karnataka,India,India,22-03-2024,2024,2.2,Project Manager,Full-time,Active,EMP001,Faqid Dass,9.18878E+11,Spouse,Client Success,Internal,Billable,PRJ012,Evening Shift,Evening Shift,14:00,23:00,9,1,Mon-Fri,On-site,ICICI Bank,901158030343,Savings,ICIC0584714,INR,2301740,191811.67,191811.67,23017.4,9590.58,5754.35,153449.34,4.1,78
4,EMP004,Nirja Kale,Nirja,Kale,doshigayathri@example.com,nirja.kale@company.com,918940395823,917392783743,27-01-1984,42,Female,Married,Indian,AB+,"63/939, Lal, Bhubaneswar 048080",Bangalore,Karnataka,India,India,27-02-2024,2024,2.2,Project Manager,Full-time,Active,EMP003,Dalbir Raval,9.198E+11,Brother,BI & AI Strategies,Strategic,Non-Billable,PRJ007,Night Shift,Night Shift,22:00,07:00,9,1,Mon-Fri,Remote,ICICI Bank,717380026649,Salary,UTIB0711878,INR,1522986,126915.5,126915.5,15229.86,6345.78,3807.46,101532.4,2.7,91
5,EMP005,Anusha Bobal,Anusha,Bobal,pkhare@example.org,anusha.bobal@company.com,916594130308,918188398760,07-03-2002,24,Female,Single,Indian,AB+,"70/666, Gulati Road, Korba-957269",Bangalore,Karnataka,India,India,20-05-2025,2025,1,Senior Software Engineer,Full-time,Active,EMP003,Krish Vohra,9.17639E+11,Brother,AI Native Application Development,Internal,Non-Billable,PRJ020,Morning Shift,Morning Shift,06:00,15:00,9,1,Mon-Fri,On-site,HDFC Bank,893195777447,Savings,SBIN0905934,INR,3031699,252641.58,252641.58,30316.99,12632.08,7579.25,202113.26,2.9,98
6,EMP006,Barkha Chaudhari,Barkha,Chaudhari,kumardavid@example.net,barkha.chaudhari@company.com,917867302554,916679282378,14-01-1998,28,Female,Single,Indian,B+,"91/519, Dass Marg, Haridwar 176949",Mumbai,Telangana,India,India,09-04-2025,2025,1.1,Software Engineer,Intern,Active,EMP003,Jacob Sethi,9.17606E+11,Mother,BI & AI Strategies,Internal,Billable,PRJ017,Morning Shift,Morning Shift,06:00,15:00,9,1,Mon-Fri,On-site,Axis Bank,119278414725,Savings,SBIN0972064,INR,2529371,210780.92,210780.92,25293.71,10539.05,6323.43,168624.73,4.8,95
7,EMP007,Yoshita Mitter,Yoshita,Mitter,pnarang@example.org,yoshita.mitter@company.com,917034535593,919771022520,29-11-1995,30,Female,Single,Indian,O+,"00/22, Walla Chowk, Parbhani 606623",Pune,Maharashtra,India,India,03-08-2025,2025,0.8,Senior Software Engineer,Full-time,Active,EMP004,Anjali Srivastava,9.18266E+11,Brother,Client Success,Strategic,Billable,PRJ016,General Shift,General Shift,09:00,18:00,9,1,Mon-Fri,On-site,Axis Bank,815849444665,Salary,UTIB0642717,INR,2634331,219527.58,219527.58,26343.31,10976.38,6585.83,175622.06,4.4,63
8,EMP008,Lakshmi Mohanty,Lakshmi,Mohanty,anushadatta@example.net,lakshmi.mohanty@company.com,916965067727,916274989148,24-06-1989,36,Female,Single,Indian,A+,"H.No. 61, Buch Path, Panihati-354620",Mumbai,Karnataka,India,India,12-12-2024,2024,1.4,Software Engineer,Intern,Active,EMP001,Zinal Dora,9.19692E+11,Spouse,Next Gen Application Development,Strategic,Billable,PRJ008,Morning Shift,Morning Shift,06:00,15:00,9,1,Mon-Fri,Hybrid,State Bank of India,693625626938,Savings,UTIB0354801,INR,430160,35846.67,35846.67,4301.6,1792.33,1075.4,28677.34,2.7,95
9,EMP009,Saanvi Mann,Saanvi,Mann,lgrewal@example.org,saanvi.mann@company.com,916405126228,916416314667,11-06-1974,51,Female,Single,Indian,AB+,"25/633, Doctor Marg, Sultan Pur Majra-740458",Hyderabad,Karnataka,India,India,05-11-2025,2025,0.6,Consultant,Contract,Active,EMP004,Samaksh Virk,9.19128E+11,Spouse,Client Success,Strategic,Billable,PRJ004,Night Shift,Night Shift,22:00,07:00,9,1,Mon-Fri,Remote,ICICI Bank,591929601508,Savings,UTIB0292401,INR,2358843,196570.25,196570.25,23588.43,9828.51,5897.11,157256.2,4.7,58
10,EMP010,Damyanti Radhakrishnan,Damyanti,Radhakrishnan,saumyadasgupta@example.net,damyanti.radhakrishnan@company.com,919755888575,919965395580,12-12-1987,38,Female,Single,Indian,AB+,"20/253, Bali Zila, Surat-548340",Hyderabad,Karnataka,India,India,18-03-2024,2024,2.2,HR Executive,Intern,Active,EMP001,Manan Sood,9.18086E+11,Brother,AI Native Application Development,Strategic,Non-Billable,PRJ008,General Shift,General Shift,09:00,18:00,9,1,Mon-Fri,Remote,ICICI Bank,101627677155,Salary,SBIN0922157,INR,3135293,261274.42,261274.42,31352.93,13063.72,7838.23,209019.54,5,55
11,EMP011,Leena Dewan,Leena,Dewan,duashravya@example.com,leena.dewan@company.com,918991837720,919137496438,26-06-1975,50,Female,Single,Indian,O+,"76/29, Basu, Bhatpara 630636",Bangalore,Delhi,India,India,23-07-2025,2025,0.8,HR Executive,Full-time,Active,EMP004,Ekbal Date,9.16246E+11,Father,Next Gen Application Development,Internal,Non-Billable,PRJ018,Evening Shift,Evening Shift,14:00,23:00,9,1,Mon-Fri,On-site,Kotak Mahindra Bank,160805710565,Savings,ICIC0171849,INR,1313103,109425.25,109425.25,13131.03,5471.26,3282.76,87540.2,4.9,92
12,EMP012,Christopher Rai,Christopher,Rai,tgupta@example.net,christopher.rai@company.com,916514909066,919823754905,09-01-1985,41,Male,Married,Indian,B+,"28/99, Dutt Zila, Guntakal-799154",Pune,Delhi,India,India,06-08-2025,2025,0.8,Project Manager,Intern,Active,EMP004,Yatan Karnik,9.18876E+11,Spouse,AI Native Application Development,Strategic,Non-Billable,PRJ011,General Shift,General Shift,09:00,18:00,9,1,Mon-Fri,Hybrid,ICICI Bank,811554491388,Salary,UTIB0431535,INR,2158356,179863,179863,21583.56,8993.15,5395.89,143890.4,4.1,91
13,EMP013,Harsh Grewal,Harsh,Grewal,yben@example.net,harsh.grewal@company.com,918667858669,918418039268,28-03-1999,27,Male,Married,Indian,B+,"69/219, Vaidya Path, Gulbarga 141718",Mumbai,Delhi,India,India,12-04-2024,2024,2.1,Senior Software Engineer,Intern,Active,EMP003,Darsh Bhatnagar,9.17882E+11,Spouse,Next Gen Application Development,Internal,Billable,PRJ012,Evening Shift,Evening Shift,14:00,23:00,9,1,Mon-Fri,On-site,Kotak Mahindra Bank,214518382535,Savings,SBIN0221035,INR,955563,79630.25,79630.25,9555.63,3981.51,2388.91,63704.2,4.8,59
14,EMP014,Udarsh Nagar,Udarsh,Nagar,guneetbose@example.org,udarsh.nagar@company.com,917169726681,917210133979,01-03-1990,36,Male,Single,Indian,A+,"H.No. 11, Rajagopal Path, Dewas-275364",Delhi,Karnataka,India,India,11-09-2025,2025,0.7,Project Manager,Intern,Active,EMP012,Darika Kala,9.18724E+11,Brother,BI & AI Strategies,Billable,Billable,PRJ009,Morning Shift,Morning Shift,06:00,15:00,9,1,Mon-Fri,Remote,Axis Bank,245045852621,Salary,ICIC0877236,INR,3283571,273630.92,273630.92,32835.71,13681.55,8208.93,218904.73,4.1,71
15,EMP015,Wishi Vasa,Wishi,Vasa,yashodharadyal@example.net,wishi.vasa@company.com,918409076656,916041531046,27-01-2002,24,Female,Single,Indian,O+,"04/319, Tandon Ganj, Mangalore-461330",Delhi,Delhi,India,India,24-04-2024,2024,2.1,Senior Software Engineer,Intern,Active,EMP012,Yashoda Shanker,9.17566E+11,Father,Next Gen Application Development,Billable,Billable,PRJ005,General Shift,General Shift,09:00,18:00,9,1,Mon-Fri,On-site,ICICI Bank,214533606906,Salary,UTIB0750810,INR,1948604,162383.67,162383.67,19486.04,8119.18,4871.51,129906.94,4,64
16,EMP016,Yug Patla,Yug,Patla,ytrivedi@example.net,yug.patla@company.com,919435488617,919482238042,23-01-1977,49,Male,Single,Indian,AB+,"83, Dave Path, Ulhasnagar-162669",Pune,Karnataka,India,India,30-06-2024,2024,1.9,Consultant,Full-time,Active,EMP004,Faqid Sanghvi,9.19746E+11,Father,Next Gen Application Development,Billable,Billable,PRJ006,Evening Shift,Evening Shift,14:00,23:00,9,1,Mon-Fri,Remote,State Bank of India,436509220579,Savings,ICIC0124813,INR,2126850,177237.5,177237.5,21268.5,8861.88,5317.12,141790,4.5,70
17,EMP017,Finn Bhattacharyya,Finn,Bhattacharyya,kalaaditya@example.com,finn.bhattacharyya@company.com,917196591018,919712367625,17-07-2002,23,Male,Married,Indian,A+,"H.No. 03, Singhal Circle, Mahbubnagar 156000",Hyderabad,Telangana,India,India,12-03-2024,2024,2.2,Data Analyst,Contract,Active,EMP003,Falan Ranganathan,9.16466E+11,Brother,Client Success,Billable,Non-Billable,PRJ019,Evening Shift,Evening Shift,14:00,23:00,9,1,Mon-Fri,Hybrid,Kotak Mahindra Bank,662573009263,Savings,UTIB0704596,INR,515765,42980.42,42980.42,5157.65,2149.02,1289.41,34384.34,2.8,71
18,EMP018,Imaran Peri,Imaran,Peri,nom@example.com,imaran.peri@company.com,919044209616,917872852789,28-10-1976,49,Male,Married,Indian,A+,"686, Som Road, Kakinada-704037",Bangalore,Maharashtra,India,India,02-01-2024,2024,2.4,Business Analyst,Intern,Active,EMP004,Ayaan Gupta,9.19091E+11,Spouse,Next Gen Application Development,Internal,Non-Billable,PRJ020,Evening Shift,Evening Shift,14:00,23:00,9,1,Mon-Fri,On-site,State Bank of India,543782576388,Salary,ICIC0301158,INR,2208992,184082.67,184082.67,22089.92,9204.13,5522.48,147266.14,2.7,97
19,EMP019,Leena Gaba,Leena,Gaba,egarde@example.net,leena.gaba@company.com,918643616431,918444288473,31-08-2002,23,Female,Married,Indian,AB+,"77/756, Bajaj Ganj, Adoni-539741",Hyderabad,Karnataka,India,India,04-11-2024,2024,1.6,Consultant,Intern,Active,EMP014,Samarth Nadkarni,9.17899E+11,Mother,AI Native Application Development,Internal,Non-Billable,PRJ011,Evening Shift,Evening Shift,14:00,23:00,9,1,Mon-Fri,On-site,ICICI Bank,193024055640,Salary,SBIN0197923,INR,1603403,133616.92,133616.92,16034.03,6680.85,4008.51,106893.53,3,92
20,EMP020,Elijah Balan,Elijah,Balan,bhavna65@example.org,elijah.balan@company.com,919464161270,916855256552,16-12-1991,34,Male,Single,Indian,AB+,"35, Shankar Circle, Phusro 600866",Bangalore,Karnataka,India,India,30-05-2024,2024,2,Software Engineer,Full-time,Active,EMP012,Zarna Pillai,9.18123E+11,Brother,Next Gen Application Development,Strategic,Billable,PRJ014,Night Shift,Night Shift,22:00,07:00,9,1,Mon-Fri,On-site,HDFC Bank,928467665569,Savings,UTIB0329471,INR,2963868,246989,246989,29638.68,12349.45,7409.67,197591.2,4.6,59
21,EMP021,Ronith Basu,Ronith,Basu,xvyas@example.org,ronith.basu@company.com,916215686308,918394039673,31-10-1997,28,Male,Married,Indian,AB+,"33/586, Manda Chowk, Adoni 317442",Delhi,Delhi,India,India,12-09-2024,2024,1.7,Senior Software Engineer,Contract,Active,EMP014,Maya Memon,9.19567E+11,Brother,Next Gen Application Development,Strategic,Non-Billable,PRJ011,Night Shift,Night Shift,22:00,07:00,9,1,Mon-Fri,Hybrid,Axis Bank,373811796366,Salary,UTIB0757193,INR,3200023,266668.58,266668.58,32000.23,13333.43,8000.06,213334.86,3.8,90
22,EMP022,Sarthak Kohli,Sarthak,Kohli,ria64@example.org,sarthak.kohli@company.com,916332788471,919064651867,03-08-1983,42,Male,Single,Indian,B+,"27, Konda Chowk, Anantapuram-421548",Bangalore,Delhi,India,India,19-10-2024,2024,1.6,Project Manager,Contract,Active,EMP003,Jagat Chadha,9.16276E+11,Brother,BI & AI Strategies,Billable,Non-Billable,PRJ013,Evening Shift,Evening Shift,14:00,23:00,9,1,Mon-Fri,On-site,State Bank of India,166210246191,Savings,UTIB0508396,INR,2665562,222130.17,222130.17,26655.62,11106.51,6663.91,177704.13,2.7,64
23,EMP023,Dev Sarraf,Dev,Sarraf,ramachandrangauri@example.org,dev.sarraf@company.com,918048612358,916025323460,08-05-1975,51,Male,Married,Indian,O+,"89/151, Shetty Zila, Guntur 075482",Delhi,Delhi,India,India,26-12-2024,2024,1.4,Data Analyst,Contract,Active,EMP012,Jeevika Natt,9.18873E+11,Brother,Client Success,Internal,Billable,PRJ001,Morning Shift,Morning Shift,06:00,15:00,9,1,Mon-Fri,Hybrid,ICICI Bank,787111968895,Savings,UTIB0720644,INR,2447782,203981.83,203981.83,24477.82,10199.09,6119.45,163185.47,3,82
24,EMP024,Nathaniel Shan,Nathaniel,Shan,dborra@example.org,nathaniel.shan@company.com,916582824840,919723098211,29-08-1997,28,Male,Married,Indian,AB+,"750, Ravi Street, Jalgaon-488424",Mumbai,Delhi,India,India,17-04-2025,2025,1.1,Tech Lead,Full-time,Active,EMP004,Zansi Balay,9.17083E+11,Father,BI & AI Strategies,Billable,Billable,PRJ013,Night Shift,Night Shift,22:00,07:00,9,1,Mon-Fri,On-site,Kotak Mahindra Bank,486340553307,Savings,HDFC0919182,INR,1773016,147751.33,147751.33,17730.16,7387.57,4432.54,118201.06,3,75
25,EMP025,Bachittar Lalla,Bachittar,Lalla,vzacharia@example.com,bachittar.lalla@company.com,916856247605,919604460472,17-09-2000,25,Male,Married,Indian,B+,"H.No. 89, Goyal Path, Hazaribagh 122924",Mumbai,Karnataka,India,India,21-01-2024,2024,2.3,Tech Lead,Full-time,Active,EMP012,Vincent Choudhary,9.18602E+11,Father,Next Gen Application Development,Strategic,Non-Billable,PRJ009,Night Shift,Night Shift,22:00,07:00,9,1,Mon-Fri,Remote,Kotak Mahindra Bank,732700038683,Salary,UTIB0849747,INR,3207913,267326.08,267326.08,32079.13,13366.3,8019.78,213860.87,2.8,68
26,EMP026,Zashil Raval,Zashil,Raval,balhaarrai@example.com,zashil.raval@company.com,916437662764,918994421136,17-07-1993,32,Male,Married,Indian,A+,"94/92, Koshy Zila, Mira-Bhayandar-768391",Mumbai,Karnataka,India,India,04-11-2024,2024,1.6,Senior Software Engineer,Intern,Active,EMP003,Deepa Kar,9.19649E+11,Brother,AI Native Application Development,Billable,Billable,PRJ017,Evening Shift,Evening Shift,14:00,23:00,9,1,Mon-Fri,Hybrid,Axis Bank,606070444418,Savings,UTIB0284692,INR,2634495,219541.25,219541.25,26344.95,10977.06,6586.24,175633,3.6,78
27,EMP027,Megha Goel,Megha,Goel,rakshakibe@example.org,megha.goel@company.com,917996617659,917870778191,13-08-1992,33,Female,Married,Indian,O+,"74/73, Bhatia Nagar, Nagercoil-026086",Delhi,Delhi,India,India,29-08-2025,2025,0.7,Data Analyst,Contract,Active,EMP025,Samuel Khosla,9.16123E+11,Brother,Next Gen Application Development,Billable,Billable,PRJ019,General Shift,General Shift,09:00,18:00,9,1,Mon-Fri,Hybrid,ICICI Bank,977697289990,Salary,SBIN0393243,INR,1569909,130825.75,130825.75,15699.09,6541.29,3924.77,104660.6,4.7,70
28,EMP028,Hema Kota,Hema,Kota,ggoda@example.net,hema.kota@company.com,918218897149,916820581106,12-09-1983,42,Female,Married,Indian,A+,"H.No. 131, Karpe Zila, Anantapuram 441579",Delhi,Maharashtra,India,India,28-03-2024,2024,2.2,Project Manager,Intern,Active,EMP025,Ishanvi Date,9.164E+11,Spouse,Client Success,Strategic,Non-Billable,PRJ016,Night Shift,Night Shift,22:00,07:00,9,1,Mon-Fri,On-site,ICICI Bank,827164617915,Salary,UTIB0680358,INR,2728577,227381.42,227381.42,27285.77,11369.07,6821.44,181905.14,4.4,99
29,EMP029,Ekiya Bhasin,Ekiya,Bhasin,robertjhaveri@example.com,ekiya.bhasin@company.com,917511014697,919018739003,27-02-1992,34,Female,Single,Indian,B+,"21/19, Chaudhuri Ganj, Kamarhati-911331",Hyderabad,Telangana,India,India,09-04-2025,2025,1.1,Data Analyst,Contract,Active,EMP003,Lila Sinha,9.16929E+11,Brother,BI & AI Strategies,Billable,Non-Billable,PRJ018,Morning Shift,Morning Shift,06:00,15:00,9,1,Mon-Fri,Remote,ICICI Bank,350380472038,Salary,ICIC0416950,INR,906067,75505.58,75505.58,9060.67,3775.28,2265.17,60404.46,4.3,75
30,EMP030,Falan Rai,Falan,Rai,raghav05@example.com,falan.rai@company.com,917178158203,916195488441,01-12-1985,40,Male,Married,Indian,AB+,"20/573, Contractor Circle, Varanasi 897072",Delhi,Karnataka,India,India,25-02-2024,2024,2.2,Business Analyst,Contract,Active,EMP014,Vrinda Batra,9.17463E+11,Mother,Next Gen Application Development,Strategic,Non-Billable,PRJ016,Night Shift,Night Shift,22:00,07:00,9,1,Mon-Fri,Hybrid,HDFC Bank,172250436572,Salary,UTIB0177680,INR,830283,69190.25,69190.25,8302.83,3459.51,2075.71,55352.2,4.7,91
31,EMP031,Finn Pathak,Finn,Pathak,tarakjain@example.net,finn.pathak@company.com,919483828685,918417377633,14-03-1993,33,Male,Married,Indian,AB+,"53, Mani Circle, Chennai-916296",Pune,Karnataka,India,India,07-11-2024,2024,1.5,Senior Software Engineer,Full-time,Active,EMP012,Ucchal Suri,9.19902E+11,Brother,AI Native Application Development,Billable,Non-Billable,PRJ017,Night Shift,Night Shift,22:00,07:00,9,1,Mon-Fri,Hybrid,Kotak Mahindra Bank,167091801483,Savings,ICIC0755900,INR,2943080,245256.67,245256.67,29430.8,12262.83,7357.7,196205.34,4,94
32,EMP032,Dhruv Dhaliwal,Dhruv,Dhaliwal,vedhika45@example.com,dhruv.dhaliwal@company.com,916674555072,917030213097,07-01-1972,54,Male,Single,Indian,B+,"40/843, Naidu Street, Guntur-985486",Bangalore,Maharashtra,India,India,26-06-2024,2024,1.9,Business Analyst,Full-time,Active,EMP025,Tejas Sani,9.17237E+11,Spouse,Next Gen Application Development,Internal,Non-Billable,PRJ010,General Shift,General Shift,09:00,18:00,9,1,Mon-Fri,Remote,ICICI Bank,391730976567,Savings,UTIB0220351,INR,2113446,176120.5,176120.5,21134.46,8806.02,5283.61,140896.41,3.6,93
33,EMP033,Rehaan Sani,Rehaan,Sani,grajagopalan@example.com,rehaan.sani@company.com,919550353803,916610900200,06-04-1989,37,Male,Married,Indian,AB+,"H.No. 10, Mani Ganj, Patna-034120",Pune,Telangana,India,India,14-03-2024,2024,2.2,Software Engineer,Full-time,Active,EMP014,Ranbir Yogi,9.1788E+11,Father,BI & AI Strategies,Internal,Billable,PRJ013,Evening Shift,Evening Shift,14:00,23:00,9,1,Mon-Fri,Hybrid,Axis Bank,377470837308,Savings,HDFC0340044,INR,2241943,186828.58,186828.58,22419.43,9341.43,5604.86,149462.86,2.8,99
34,EMP034,Chatura Krishnamurthy,Chatura,Krishnamurthy,gabriel57@example.net,chatura.krishnamurthy@company.com,919277528204,919248149900,22-09-1995,30,Male,Married,Indian,O+,"H.No. 49, Oza Circle, Jaipur 719433",Bangalore,Maharashtra,India,India,28-06-2024,2024,1.9,HR Executive,Intern,Active,EMP025,Ishita Pau,9.17754E+11,Spouse,Client Success,Billable,Billable,PRJ003,Evening Shift,Evening Shift,14:00,23:00,9,1,Mon-Fri,Remote,Axis Bank,861977213598,Salary,SBIN0794769,INR,1161220,96768.33,96768.33,11612.2,4838.42,2903.05,77414.66,5,82
35,EMP035,Yutika Bandi,Yutika,Bandi,logannarula@example.net,yutika.bandi@company.com,917953462417,916378213925,05-11-1971,54,Female,Married,Indian,A+,"409, Bhandari, Medininagar-785185",Delhi,Maharashtra,India,India,18-11-2024,2024,1.5,Data Analyst,Contract,Active,EMP028,Gabriel Singh,9.16806E+11,Spouse,AI Native Application Development,Internal,Non-Billable,PRJ015,Night Shift,Night Shift,22:00,07:00,9,1,Mon-Fri,On-site,State Bank of India,159098709360,Savings,SBIN0675898,INR,2558373,213197.75,213197.75,25583.73,10659.89,6395.93,170558.2,4.6,55
36,EMP036,Darsh Nath,Darsh,Nath,aarush12@example.com,darsh.nath@company.com,919783207393,918998961044,10-09-1994,31,Male,Single,Indian,A+,"44/74, Bath Ganj, Amaravati 034434",Bangalore,Delhi,India,India,11-05-2025,2025,1,Senior Software Engineer,Full-time,Active,EMP024,Saksham Sura,9.17982E+11,Father,Next Gen Application Development,Internal,Billable,PRJ003,Morning Shift,Morning Shift,06:00,15:00,9,1,Mon-Fri,Hybrid,Axis Bank,875279701940,Salary,UTIB0975271,INR,1703380,141948.33,141948.33,17033.8,7097.42,4258.45,113558.66,3.9,90
37,EMP037,Forum Mahajan,Forum,Mahajan,maxdeol@example.org,forum.mahajan@company.com,917961882949,918367665472,11-06-1970,55,Female,Married,Indian,A+,"222, Mangal Path, Thane 369644",Hyderabad,Karnataka,India,India,28-05-2024,2024,2,Consultant,Full-time,Active,EMP022,Netra Kade,9.17215E+11,Spouse,Next Gen Application Development,Internal,Non-Billable,PRJ017,General Shift,General Shift,09:00,18:00,9,1,Mon-Fri,Remote,State Bank of India,630594163379,Salary,SBIN0678727,INR,1558665,129888.75,129888.75,15586.65,6494.44,3896.66,103911,4.4,81
38,EMP038,Prisha Sarin,Prisha,Sarin,vamakshi65@example.org,prisha.sarin@company.com,919734910807,916810255760,31-08-1988,37,Female,Single,Indian,AB+,"H.No. 896, Kaul, Bilaspur 364280",Hyderabad,Telangana,India,India,15-12-2025,2025,0.4,Project Manager,Intern,Active,EMP024,Anamika Bhatia,9.16159E+11,Mother,Client Success,Internal,Non-Billable,PRJ013,Morning Shift,Morning Shift,06:00,15:00,9,1,Mon-Fri,Remote,State Bank of India,675953876146,Salary,HDFC0857537,INR,2122915,176909.58,176909.58,21229.15,8845.48,5307.29,141527.66,2.6,85
39,EMP039,Ranbir Dora,Ranbir,Dora,idika40@example.com,ranbir.dora@company.com,916321384892,918016446768,12-01-1975,51,Male,Married,Indian,A+,"H.No. 66, Dash Street, Udaipur-032821",Hyderabad,Karnataka,India,India,28-09-2024,2024,1.7,AI Engineer,Intern,Active,EMP024,Zehaan Rout,9.18652E+11,Father,Client Success,Strategic,Non-Billable,PRJ011,General Shift,General Shift,09:00,18:00,9,1,Mon-Fri,Remote,HDFC Bank,933646465420,Savings,UTIB0274446,INR,1778103,148175.25,148175.25,17781.03,7408.76,4445.26,118540.2,4.6,89
40,EMP040,Mekhala Kade,Mekhala,Kade,ibava@example.net,mekhala.kade@company.com,917393178591,919419410162,15-09-2000,25,Female,Single,Indian,B+,"566, Sidhu Chowk, Adoni 897531",Mumbai,Maharashtra,India,India,27-02-2024,2024,2.2,Data Analyst,Contract,Active,EMP038,Chandran Dave,9.16339E+11,Brother,BI & AI Strategies,Internal,Billable,PRJ006,Night Shift,Night Shift,22:00,07:00,9,1,Mon-Fri,Hybrid,Kotak Mahindra Bank,354017756402,Salary,SBIN0581894,INR,1010563,84213.58,84213.58,10105.63,4210.68,2526.41,67370.86,3.1,81
41,EMP041,Eshana Atwal,Eshana,Atwal,nidrasaha@example.net,eshana.atwal@company.com,919870665004,917235368585,06-09-1985,40,Female,Married,Indian,O+,"H.No. 41, Hegde Road, Korba-637889",Mumbai,Delhi,India,India,24-11-2025,2025,0.5,Business Analyst,Full-time,Active,EMP024,Karan Chowdhury,9.16856E+11,Brother,AI Native Application Development,Billable,Billable,PRJ009,Night Shift,Night Shift,22:00,07:00,9,1,Mon-Fri,Remote,State Bank of India,493298413208,Salary,SBIN0123005,INR,1849407,154117.25,154117.25,18494.07,7705.86,4623.52,123293.8,5,74
42,EMP042,Vedika Misra,Vedika,Misra,psarna@example.com,vedika.misra@company.com,918430646623,919715436184,16-10-1982,43,Female,Married,Indian,B+,"H.No. 569, Pathak Marg, Bettiah-337399",Bangalore,Maharashtra,India,India,03-12-2025,2025,0.5,Software Engineer,Intern,Active,EMP012,Chakrika Manne,9.18698E+11,Father,Client Success,Internal,Billable,PRJ007,Evening Shift,Evening Shift,14:00,23:00,9,1,Mon-Fri,Hybrid,State Bank of India,735798459372,Salary,ICIC0194511,INR,1365186,113765.5,113765.5,13651.86,5688.28,3412.96,91012.4,4,77
43,EMP043,Gaurika Date,Gaurika,Date,cchandran@example.net,gaurika.date@company.com,916754368373,916862407093,28-01-1973,53,Female,Single,Indian,AB+,"H.No. 81, Dara Road, Satara-567511",Bangalore,Delhi,India,India,15-05-2024,2024,2,Business Analyst,Contract,Active,EMP014,Avi Saha,9.16323E+11,Mother,BI & AI Strategies,Strategic,Non-Billable,PRJ011,Morning Shift,Morning Shift,06:00,15:00,9,1,Mon-Fri,On-site,Axis Bank,967971241676,Salary,HDFC0377304,INR,1477810,123150.83,123150.83,14778.1,6157.54,3694.52,98520.67,4.8,85
44,EMP044,Ishwar Boase,Ishwar,Boase,ogoswami@example.com,ishwar.boase@company.com,918889775885,919216980347,12-01-1989,37,Male,Married,Indian,B+,"296, Patel Road, Tumkur 652441",Hyderabad,Telangana,India,India,19-11-2025,2025,0.5,Data Analyst,Intern,Active,EMP001,Vedant Basu,9.18782E+11,Father,Client Success,Internal,Non-Billable,PRJ020,Evening Shift,Evening Shift,14:00,23:00,9,1,Mon-Fri,On-site,Axis Bank,549465060984,Savings,ICIC0147549,INR,854436,71203,71203,8544.36,3560.15,2136.09,56962.4,4.2,85
45,EMP045,Raghav Sachar,Raghav,Sachar,srinivasanbhavna@example.com,raghav.sachar@company.com,916498733671,916417436465,15-11-2004,21,Male,Single,Indian,AB+,"34/918, Saraf Zila, Madurai-266144",Bangalore,Delhi,India,India,28-08-2024,2024,1.7,Business Analyst,Full-time,Active,EMP028,Varenya Taneja,9.18813E+11,Father,Client Success,Billable,Non-Billable,PRJ014,Night Shift,Night Shift,22:00,07:00,9,1,Mon-Fri,Hybrid,HDFC Bank,506691658703,Savings,UTIB0566297,INR,1956135,163011.25,163011.25,19561.35,8150.56,4890.34,130409,4.2,99
46,EMP046,Chaitanya Kashyap,Chaitanya,Kashyap,ypingle@example.com,chaitanya.kashyap@company.com,918944974316,917577691630,12-04-1988,38,Male,Single,Indian,A+,"H.No. 581, Kothari Street, Kota 719753",Bangalore,Maharashtra,India,India,11-07-2025,2025,0.9,AI Engineer,Full-time,Active,EMP003,Frado Kapur,9.19379E+11,Spouse,Client Success,Strategic,Billable,PRJ007,Evening Shift,Evening Shift,14:00,23:00,9,1,Mon-Fri,On-site,ICICI Bank,708876714629,Savings,ICIC0952547,INR,1196114,99676.17,99676.17,11961.14,4983.81,2990.29,79740.93,4.9,84
47,EMP047,Dalbir Pau,Dalbir,Pau,geetikasidhu@example.net,dalbir.pau@company.com,919387199116,919867751337,21-08-1982,43,Male,Single,Indian,A+,"H.No. 44, Dubey Chowk, Gorakhpur 016796",Bangalore,Karnataka,India,India,02-09-2025,2025,0.7,Software Engineer,Contract,Active,EMP003,Abeer Maharaj,9.17539E+11,Mother,Next Gen Application Development,Internal,Non-Billable,PRJ001,Morning Shift,Morning Shift,06:00,15:00,9,1,Mon-Fri,Remote,ICICI Bank,156974319638,Savings,UTIB0651640,INR,2665827,222152.25,222152.25,26658.27,11107.61,6664.57,177721.8,3.1,66
48,EMP048,Advaith Nayar,Advaith,Nayar,sodhiisaac@example.org,advaith.nayar@company.com,917925327382,919341557731,07-03-1999,27,Male,Married,Indian,AB+,"H.No. 31, Oommen Nagar, Nashik 757005",Mumbai,Delhi,India,India,05-01-2025,2025,1.4,Business Analyst,Intern,Active,EMP001,Abhiram Sundaram,9.18763E+11,Father,AI Native Application Development,Strategic,Non-Billable,PRJ017,Night Shift,Night Shift,22:00,07:00,9,1,Mon-Fri,Hybrid,State Bank of India,218910883301,Salary,UTIB0177060,INR,2513252,209437.67,209437.67,25132.52,10471.88,6283.13,167550.14,3.1,94
49,EMP049,Gautam Loke,Gautam,Loke,uboase@example.org,gautam.loke@company.com,916282103057,916541988748,08-06-1979,46,Male,Married,Indian,A+,"726, Maharaj, Maheshtala 225221",Bangalore,Karnataka,India,India,08-10-2024,2024,1.6,Business Analyst,Intern,Active,EMP028,Sanya Savant,9.19406E+11,Father,BI & AI Strategies,Internal,Billable,PRJ020,Night Shift,Night Shift,22:00,07:00,9,1,Mon-Fri,Hybrid,State Bank of India,352922425057,Salary,SBIN0967611,INR,2905643,242136.92,242136.92,29056.43,12106.85,7264.11,193709.53,3.8,84
50,EMP050,Aarna Venkataraman,Aarna,Venkataraman,maharajlibni@example.net,aarna.venkataraman@company.com,919133661881,916408390575,19-09-1998,27,Female,Single,Indian,A+,"14/049, Raju Path, Begusarai-678789",Hyderabad,Delhi,India,India,16-11-2024,2024,1.5,Consultant,Contract,Active,EMP003,Yauvani Reddy,9.17855E+11,Father,BI & AI Strategies,Internal,Non-Billable,PRJ003,Evening Shift,Evening Shift,14:00,23:00,9,1,Mon-Fri,Remote,Kotak Mahindra Bank,744502710739,Salary,HDFC0530764,INR,1040214,86684.5,86684.5,10402.14,4334.23,2600.53,69347.6,4.2,85
51,EMP051,Vidhi Dyal,Vidhi,Dyal,senucchal@example.org,vidhi.dyal@company.com,917235358894,918578741716,03-06-1988,38,Female,Married,Indian,A+,"86/680, Magar Marg, Varanasi-069910",Hyderabad,Maharashtra,India,India,15-11-2024,2024,1.5,AI Engineer,Full-time,Active,EMP022,Bahadurjit Solanki,9.19275E+11,Spouse,Next Gen Application Development,Internal,Billable,PRJ018,Morning Shift,Morning Shift,06:00,15:00,9,1,Mon-Fri,Hybrid,Kotak Mahindra Bank,945999235805,Savings,SBIN0130359,INR,3154551,262879.25,262879.25,31545.51,13143.96,7886.38,210303.4,3.7,61
52,EMP052,Ayaan Mahal,Ayaan,Mahal,ekapad86@example.net,ayaan.mahal@company.com,919957973511,917459535801,19-04-1973,53,Male,Single,Indian,AB+,"04, Ramachandran Zila, Barasat-421871",Bangalore,Telangana,India,India,25-12-2024,2024,1.4,Software Engineer,Full-time,Active,EMP001,Chaaya Shan,9.17803E+11,Brother,Next Gen Application Development,Billable,Billable,PRJ003,Night Shift,Night Shift,22:00,07:00,9,1,Mon-Fri,Hybrid,Axis Bank,459581516648,Savings,HDFC0263137,INR,691862,57655.17,57655.17,6918.62,2882.76,1729.66,46124.13,2.9,95
53,EMP053,Karan Tak,Karan,Tak,gbir@example.org,karan.tak@company.com,918894673596,916350389989,13-10-1978,47,Male,Single,Indian,O+,"06, Seth Nagar, Guna-494934",Delhi,Maharashtra,India,India,05-10-2024,2024,1.6,HR Executive,Intern,Active,EMP012,Samuel Kakar,9.17846E+11,Father,Client Success,Billable,Non-Billable,PRJ017,Night Shift,Night Shift,22:00,07:00,9,1,Mon-Fri,On-site,Axis Bank,340713234664,Salary,HDFC0108060,INR,2946261,245521.75,245521.75,29462.61,12276.09,7365.65,196417.4,3.6,72
54,EMP054,Rudra Srinivas,Rudra,Srinivas,raujagvi@example.org,rudra.srinivas@company.com,919295741120,916589418977,09-09-1991,34,Male,Single,Indian,O+,"59, Buch Marg, Sultan Pur Majra-281584",Bangalore,Karnataka,India,India,18-09-2024,2024,1.7,Data Analyst,Contract,Exited,EMP004,Irya Bahl,9.1631E+11,Brother,AI Native Application Development,Internal,Billable,PRJ013,General Shift,General Shift,09:00,18:00,9,1,Mon-Fri,Hybrid,HDFC Bank,732704777670,Salary,UTIB0843963,INR,2486185,207182.08,207182.08,24861.85,10359.1,6215.46,165745.67,4.4,66
55,EMP055,Yoshita Narasimhan,Yoshita,Narasimhan,gaurav93@example.com,yoshita.narasimhan@company.com,917739600515,916089578218,24-08-1972,53,Female,Married,Indian,A+,"54/541, Johal Street, Jalandhar-116439",Bangalore,Maharashtra,India,India,28-11-2024,2024,1.5,Tech Lead,Intern,Exited,EMP012,Dalbir Dhawan,9.177E+11,Spouse,Client Success,Internal,Non-Billable,PRJ014,Evening Shift,Evening Shift,14:00,23:00,9,1,Mon-Fri,Remote,Axis Bank,288029879499,Savings,HDFC0656379,INR,769643,64136.92,64136.92,7696.43,3206.85,1924.11,51309.53,3.6,61
56,EMP056,Wyatt Mann,Wyatt,Mann,rachanauppal@example.org,wyatt.mann@company.com,919124069454,919517357447,14-04-1999,27,Male,Single,Indian,AB+,"H.No. 942, Aurora Zila, Panihati-015218",Bangalore,Telangana,India,India,22-10-2025,2025,0.6,Tech Lead,Full-time,Exited,EMP004,Anjali Gokhale,9.17993E+11,Brother,AI Native Application Development,Internal,Non-Billable,PRJ003,Morning Shift,Morning Shift,06:00,15:00,9,1,Mon-Fri,On-site,Axis Bank,581684694243,Savings,UTIB0563688,INR,1473608,122800.67,122800.67,14736.08,6140.03,3684.02,98240.54,3,93
57,EMP057,Nidra Sarkar,Nidra,Sarkar,tnayak@example.com,nidra.sarkar@company.com,917511580323,918178995337,31-12-1985,40,Female,Married,Indian,AB+,"644, Sastry Ganj, Guntur-112378",Bangalore,Maharashtra,India,India,16-03-2024,2024,2.2,Data Analyst,Contract,Exited,EMP003,Chameli Krishna,9.18492E+11,Father,Client Success,Billable,Billable,PRJ003,General Shift,General Shift,09:00,18:00,9,1,Mon-Fri,Hybrid,Kotak Mahindra Bank,651798624996,Savings,HDFC0572407,INR,638614,53217.83,53217.83,6386.14,2660.89,1596.53,42574.27,3.4,73
58,EMP058,Rehaan Bhakta,Rehaan,Bhakta,ekalingadeo@example.org,rehaan.bhakta@company.com,918167021467,918775094726,27-11-2002,23,Male,Married,Indian,AB+,"H.No. 683, Buch Ganj, Aurangabad-887891",Bangalore,Maharashtra,India,India,25-06-2024,2024,1.9,Software Engineer,Full-time,Exited,EMP022,Sanya Narayan,9.17756E+11,Spouse,Client Success,Internal,Billable,PRJ012,Night Shift,Night Shift,22:00,07:00,9,1,Mon-Fri,On-site,Axis Bank,461060342132,Savings,UTIB0397949,INR,2598102,216508.5,216508.5,25981.02,10825.43,6495.26,173206.79,3.8,65
59,EMP059,Eesha Kumer,Eesha,Kumer,indali68@example.org,eesha.kumer@company.com,917431779064,916350048353,06-10-1981,44,Female,Married,Indian,O+,"55/724, Hayre Circle, Vijayanagaram 102942",Delhi,Karnataka,India,India,19-08-2025,2025,0.8,Tech Lead,Contract,Exited,EMP014,Umang Dara,9.19493E+11,Mother,BI & AI Strategies,Internal,Billable,PRJ018,Night Shift,Night Shift,22:00,07:00,9,1,Mon-Fri,On-site,State Bank of India,497320932658,Savings,SBIN0423869,INR,940862,78405.17,78405.17,9408.62,3920.26,2352.16,62724.13,4,60
60,EMP060,Lohit Shenoy,Lohit,Shenoy,ikshita70@example.com,lohit.shenoy@company.com,919290615870,918088517710,06-10-2002,23,Male,Single,Indian,O+,"399, Halder Nagar, Patna 875784",Pune,Telangana,India,India,15-07-2024,2024,1.9,Project Manager,Full-time,Exited,EMP028,Amrita Dhaliwal,9.19764E+11,Mother,Next Gen Application Development,Internal,Non-Billable,PRJ018,General Shift,General Shift,09:00,18:00,9,1,Mon-Fri,Remote,ICICI Bank,949084306678,Savings,UTIB0145814,INR,1640641,136720.08,136720.08,16406.41,6836,4101.6,109376.07,4.6,61
61,EMP061,Triveni Bhardwaj,Triveni,Bhardwaj,nachiketkibe@example.org,triveni.bhardwaj@company.com,917907818922,918622487366,05-09-1996,29,Female,Married,Indian,AB+,"573, Basu Zila, Bhimavaram 969055",Bangalore,Karnataka,India,India,18-10-2024,2024,1.6,HR Executive,Full-time,Exited,EMP022,Idika Padmanabhan,9.19305E+11,Spouse,Next Gen Application Development,Billable,Non-Billable,PRJ019,Evening Shift,Evening Shift,14:00,23:00,9,1,Mon-Fri,Remote,ICICI Bank,764866345752,Savings,SBIN0154714,INR,2367194,197266.17,197266.17,23671.94,9863.31,5917.99,157812.93,4.8,67
62,EMP062,Krisha Tailor,Krisha,Tailor,charitashetty@example.net,krisha.tailor@company.com,919055443931,919633079661,04-11-1980,45,Female,Single,Indian,B+,"41/956, Krishnan Nagar, Vijayawada-537038",Bangalore,Maharashtra,India,India,12-06-2025,2025,1,Senior Software Engineer,Contract,Exited,EMP004,Turvi Ravi,9.19508E+11,Brother,AI Native Application Development,Billable,Billable,PRJ014,Morning Shift,Morning Shift,06:00,15:00,9,1,Mon-Fri,Hybrid,HDFC Bank,651458570697,Salary,ICIC0504924,INR,1544169,128680.75,128680.75,15441.69,6434.04,3860.42,102944.6,3.6,87
63,EMP063,Gavin Brahmbhatt,Gavin,Brahmbhatt,zjani@example.org,gavin.brahmbhatt@company.com,916121064582,917368741091,06-11-1990,35,Male,Married,Indian,AB+,"68, Sekhon Zila, Chennai 559830",Bangalore,Karnataka,India,India,11-04-2024,2024,2.1,AI Engineer,Full-time,Exited,EMP056,Eta Kaul,9.18643E+11,Father,Next Gen Application Development,Strategic,Billable,PRJ005,General Shift,General Shift,09:00,18:00,9,1,Mon-Fri,Hybrid,ICICI Bank,266794896461,Salary,HDFC0913875,INR,1603259,133604.92,133604.92,16032.59,6680.25,4008.15,106883.93,4.8,85
64,EMP064,Deepa Kari,Deepa,Kari,unni92@example.com,deepa.kari@company.com,916523334661,916205082311,19-05-1997,29,Female,Single,Indian,B+,"744, Mohan Circle, Sonipat-508056",Pune,Telangana,India,India,01-09-2024,2024,1.7,Consultant,Intern,Exited,EMP038,Wriddhish Balasubramanian,9.19086E+11,Mother,Client Success,Billable,Non-Billable,PRJ018,General Shift,General Shift,09:00,18:00,9,1,Mon-Fri,Remote,Kotak Mahindra Bank,363508338406,Salary,ICIC0796643,INR,864971,72080.92,72080.92,8649.71,3604.05,2162.43,57664.73,4.6,86
65,EMP065,Omkaar Sarkar,Omkaar,Sarkar,naidupooja@example.com,omkaar.sarkar@company.com,916290680473,918259408103,11-07-2004,21,Male,Single,Indian,O+,"84/01, Sandal Circle, Shimla 982683",Delhi,Telangana,India,India,11-07-2025,2025,0.9,Business Analyst,Intern,Exited,EMP022,Chandani Desai,9.19387E+11,Father,AI Native Application Development,Billable,Billable,PRJ009,Night Shift,Night Shift,22:00,07:00,9,1,Mon-Fri,On-site,HDFC Bank,738968732973,Salary,ICIC0146489,INR,2371889,197657.42,197657.42,23718.89,9882.87,5929.72,158125.94,2.6,79
66,EMP066,Udyati D’Alia,Udyati,D’Alia,pavani79@example.org,udyati.d’alia@company.com,919493993978,918760786161,04-04-1976,50,Female,Single,Indian,A+,"202, Ganesan Path, Munger-090734",Delhi,Telangana,India,India,28-06-2024,2024,1.9,HR Executive,Intern,Exited,EMP001,Abhimanyu Bains,9.19398E+11,Mother,Client Success,Strategic,Non-Billable,PRJ010,Morning Shift,Morning Shift,06:00,15:00,9,1,Mon-Fri,Hybrid,Kotak Mahindra Bank,700502596590,Salary,SBIN0138399,INR,965612,80467.67,80467.67,9656.12,4023.38,2414.03,64374.14,2.7,84
67,EMP067,Wahab Sami,Wahab,Sami,triveni56@example.org,wahab.sami@company.com,919702856787,919353689019,16-08-1986,39,Male,Single,Indian,AB+,"H.No. 71, Soni Marg, Bihar Sharif-952192",Bangalore,Telangana,India,India,18-02-2024,2024,2.3,AI Engineer,Contract,Exited,EMP024,Chandran Sawhney,9.18972E+11,Brother,AI Native Application Development,Billable,Non-Billable,PRJ011,Evening Shift,Evening Shift,14:00,23:00,9,1,Mon-Fri,Remote,State Bank of India,572785391458,Savings,SBIN0436814,INR,2232706,186058.83,186058.83,22327.06,9302.94,5581.76,148847.07,4.7,83
68,EMP068,Andrew Khatri,Andrew,Khatri,upma33@example.net,andrew.khatri@company.com,918838626452,917269763934,17-05-1994,32,Male,Married,Indian,O+,"94, Sarraf Path, Mumbai-813473",Mumbai,Telangana,India,India,09-11-2024,2024,1.5,HR Executive,Intern,Exited,EMP001,Tarak Kapadia,9.18746E+11,Father,Client Success,Strategic,Non-Billable,PRJ012,Morning Shift,Morning Shift,06:00,15:00,9,1,Mon-Fri,Hybrid,Kotak Mahindra Bank,923779434558,Savings,HDFC0249715,INR,3293083,274423.58,274423.58,32930.83,13721.18,8232.71,219538.86,3.6,83
69,EMP069,Vanya Walia,Vanya,Walia,dugaludant@example.net,vanya.walia@company.com,916288765093,917013592436,16-09-1994,31,Female,Married,Indian,A+,"08, Brahmbhatt Path, Machilipatnam-630421",Mumbai,Karnataka,India,India,22-10-2025,2025,0.6,AI Engineer,Contract,Exited,EMP022,Ekansh Bhatt,9.18465E+11,Mother,Client Success,Internal,Non-Billable,PRJ012,General Shift,General Shift,09:00,18:00,9,1,Mon-Fri,Hybrid,Axis Bank,407732520156,Savings,HDFC0127172,INR,2937951,244829.25,244829.25,29379.51,12241.46,7344.88,195863.4,2.9,83
70,EMP070,Chatura Loyal,Chatura,Loyal,abhiramvarma@example.org,chatura.loyal@company.com,919923635189,918412365931,18-07-1996,29,Male,Single,Indian,A+,"335, Chana Nagar, Ranchi 757456",Hyderabad,Delhi,India,India,30-04-2024,2024,2.1,Data Analyst,Contract,Exited,EMP012,Aadi Gole,9.17942E+11,Mother,Client Success,Internal,Non-Billable,PRJ004,Morning Shift,Morning Shift,06:00,15:00,9,1,Mon-Fri,Remote,Axis Bank,480825472103,Savings,SBIN0414527,INR,2966398,247199.83,247199.83,29663.98,12359.99,7415.99,197759.87,3.2,86
71,EMP071,Azad Lanka,Azad,Lanka,basakdakshesh@example.com,azad.lanka@company.com,918185089287,916963110410,21-05-2004,22,Male,Single,Indian,A+,"H.No. 01, Verma Marg, Mahbubnagar 649550",Pune,Telangana,India,India,04-05-2024,2024,2.1,Project Manager,Full-time,Exited,EMP022,Urmi Dash,9.16282E+11,Spouse,Next Gen Application Development,Billable,Non-Billable,PRJ015,Night Shift,Night Shift,22:00,07:00,9,1,Mon-Fri,On-site,State Bank of India,549980135389,Savings,ICIC0432427,INR,510243,42520.25,42520.25,5102.43,2126.01,1275.61,34016.2,3.4,91
72,EMP072,Faris Salvi,Faris,Salvi,ekata@example.net,faris.salvi@company.com,918921045865,918222044336,09-07-1983,42,Male,Single,Indian,O+,"93/20, Chaudry Chowk, Chittoor 106594",Hyderabad,Delhi,India,India,18-12-2024,2024,1.4,Tech Lead,Intern,Exited,EMP060,Gunbir Shere,9.16707E+11,Mother,Next Gen Application Development,Billable,Billable,PRJ004,Morning Shift,Morning Shift,06:00,15:00,9,1,Mon-Fri,Hybrid,Kotak Mahindra Bank,413081322878,Savings,SBIN0305837,INR,2214532,184544.33,184544.33,22145.32,9227.22,5536.33,147635.46,3.8,58
73,EMP073,Hemani Bala,Hemani,Bala,xpingle@example.com,hemani.bala@company.com,918638949369,918291270703,13-05-2005,21,Female,Single,Indian,A+,"93, Manda Path, Durgapur 502232",Pune,Telangana,India,India,05-04-2024,2024,2.1,Business Analyst,Intern,Exited,EMP055,Megha Oommen,9.16349E+11,Father,Next Gen Application Development,Internal,Non-Billable,PRJ019,Morning Shift,Morning Shift,06:00,15:00,9,1,Mon-Fri,On-site,ICICI Bank,730359289027,Salary,HDFC0622230,INR,1118067,93172.25,93172.25,11180.67,4658.61,2795.17,74537.8,4.1,93
74,EMP074,Anya Krishnamurthy,Anya,Krishnamurthy,lakshitchaudhry@example.org,anya.krishnamurthy@company.com,917051742593,919456109296,11-01-1993,33,Female,Married,Indian,B+,"721, Baral Circle, Gangtok 600268",Bangalore,Delhi,India,India,02-12-2025,2025,0.5,Consultant,Contract,Exited,EMP060,Dayita Viswanathan,9.17461E+11,Mother,Client Success,Billable,Non-Billable,PRJ016,General Shift,General Shift,09:00,18:00,9,1,Mon-Fri,On-site,Axis Bank,542275864174,Savings,SBIN0639995,INR,3288254,274021.17,274021.17,32882.54,13701.06,8220.64,219216.93,2.6,83
75,EMP075,Chaitanya Bava,Chaitanya,Bava,chadaurvi@example.org,chaitanya.bava@company.com,918003484425,916526227599,20-07-1979,46,Male,Single,Indian,O+,"H.No. 525, Reddy Marg, Bhiwandi 863258",Bangalore,Karnataka,India,India,30-09-2024,2024,1.6,HR Executive,Full-time,Exited,EMP060,Yahvi Kakar,9.18481E+11,Spouse,Next Gen Application Development,Strategic,Billable,PRJ008,General Shift,General Shift,09:00,18:00,9,1,Mon-Fri,Hybrid,Kotak Mahindra Bank,647465802270,Salary,UTIB0124302,INR,612253,51021.08,51021.08,6122.53,2551.05,1530.63,40816.87,3.2,79
76,EMP076,Chatura Sachar,Chatura,Sachar,radhikapatla@example.com,chatura.sachar@company.com,917033921654,916924038246,26-06-1999,26,Male,Single,Indian,A+,"55, Rajagopal Road, Gangtok-202262",Hyderabad,Delhi,India,India,20-08-2025,2025,0.8,AI Engineer,Full-time,Exited,EMP072,Oviya Dhaliwal,9.17851E+11,Mother,AI Native Application Development,Billable,Non-Billable,PRJ010,Evening Shift,Evening Shift,14:00,23:00,9,1,Mon-Fri,Hybrid,Axis Bank,538280978812,Savings,ICIC0480133,INR,2475736,206311.33,206311.33,24757.36,10315.57,6189.34,165049.06,4,96
77,EMP077,Bhavini Tara,Bhavini,Tara,zbera@example.org,bhavini.tara@company.com,918165761020,917934257315,02-04-1980,46,Female,Single,Indian,AB+,"H.No. 169, Nigam Nagar, Pudukkottai 008132",Mumbai,Delhi,India,India,17-07-2025,2025,0.9,Data Analyst,Intern,Exited,EMP056,Aryan Kannan,9.18148E+11,Father,AI Native Application Development,Strategic,Billable,PRJ005,Morning Shift,Morning Shift,06:00,15:00,9,1,Mon-Fri,Remote,Axis Bank,623144049876,Salary,ICIC0735710,INR,805511,67125.92,67125.92,8055.11,3356.3,2013.78,53700.73,3.5,76
78,EMP078,Anirudh Kothari,Anirudh,Kothari,raoquincy@example.org,anirudh.kothari@company.com,916697940975,917687727081,23-02-1993,33,Male,Married,Indian,A+,"34, Sen Zila, Dhule 272783",Bangalore,Telangana,India,India,23-09-2025,2025,0.7,Data Analyst,Intern,Exited,EMP001,Turvi Rajan,9.17789E+11,Spouse,BI & AI Strategies,Internal,Billable,PRJ012,Night Shift,Night Shift,22:00,07:00,9,1,Mon-Fri,On-site,State Bank of India,961809200976,Savings,HDFC0711868,INR,3372670,281055.83,281055.83,33726.7,14052.79,8431.67,224844.67,3.9,85
79,EMP079,Eiravati Andra,Eiravati,Andra,alka72@example.com,eiravati.andra@company.com,916634691836,919529008370,09-05-1998,28,Female,Single,Indian,AB+,"79, Keer Nagar, Gopalpur-002135",Pune,Delhi,India,India,28-11-2025,2025,0.5,Project Manager,Full-time,Exited,EMP014,Oscar Bumb,9.18155E+11,Brother,AI Native Application Development,Internal,Billable,PRJ014,Morning Shift,Morning Shift,06:00,15:00,9,1,Mon-Fri,On-site,ICICI Bank,329860994118,Salary,UTIB0651002,INR,479429,39952.42,39952.42,4794.29,1997.62,1198.57,31961.94,3.6,81
80,EMP080,Chasmum Chaudhary,Chasmum,Chaudhary,oscar44@example.net,chasmum.chaudhary@company.com,917974239820,919917543432,01-06-1988,38,Female,Married,Indian,B+,"H.No. 43, Saran Marg, Tiruchirappalli-680636",Bangalore,Karnataka,India,India,29-06-2025,2025,0.9,AI Engineer,Intern,Exited,EMP028,Baghyawati Gokhale,9.17278E+11,Spouse,BI & AI Strategies,Internal,Billable,PRJ018,Evening Shift,Evening Shift,14:00,23:00,9,1,Mon-Fri,On-site,State Bank of India,625347689741,Salary,SBIN0401769,INR,2958846,246570.5,246570.5,29588.46,12328.53,7397.11,197256.4,3.7,70
81,EMP081,Reyansh Kapoor,Reyansh,Kapoor,chavvi99@example.net,reyansh.kapoor@company.com,919847261858,917694503971,03-05-1997,29,Male,Single,Indian,B+,"92, Golla Chowk, Nashik-221255",Delhi,Delhi,India,India,19-12-2024,2024,1.4,Tech Lead,Contract,Exited,EMP028,Ridhi Sarkar,9.19556E+11,Spouse,AI Native Application Development,Internal,Non-Billable,PRJ016,Evening Shift,Evening Shift,14:00,23:00,9,1,Mon-Fri,Remote,HDFC Bank,914393131662,Savings,ICIC0153231,INR,3395325,282943.75,282943.75,33953.25,14147.19,8488.31,226355,2.7,83
82,EMP082,Zehaan Setty,Zehaan,Setty,omyahanda@example.net,zehaan.setty@company.com,916430346953,917775115854,11-04-1992,34,Male,Married,Indian,B+,"H.No. 07, Ramanathan Ganj, Udaipur 547385",Pune,Maharashtra,India,India,04-12-2024,2024,1.5,HR Executive,Full-time,Exited,EMP060,Rishi Verma,9.19247E+11,Spouse,Next Gen Application Development,Billable,Non-Billable,PRJ016,General Shift,General Shift,09:00,18:00,9,1,Mon-Fri,On-site,HDFC Bank,945713149539,Savings,ICIC0661147,INR,2708345,225695.42,225695.42,27083.45,11284.77,6770.86,180556.34,4.9,65
83,EMP083,Michael Swamy,Michael,Swamy,ynaidu@example.com,michael.swamy@company.com,919789213290,919597485607,30-11-1999,26,Male,Single,Indian,O+,"80/194, Morar Marg, Parbhani-994196",Pune,Delhi,India,India,29-06-2024,2024,1.9,Software Engineer,Contract,Exited,EMP038,Vedhika Dey,9.17222E+11,Brother,Client Success,Internal,Non-Billable,PRJ019,Morning Shift,Morning Shift,06:00,15:00,9,1,Mon-Fri,Remote,Kotak Mahindra Bank,398362877342,Savings,HDFC0446747,INR,1614112,134509.33,134509.33,16141.12,6725.47,4035.28,107607.46,4.7,55
84,EMP084,Bahadurjit Choudhry,Bahadurjit,Choudhry,tarachandran@example.net,bahadurjit.choudhry@company.com,919086355679,916799718923,23-01-1976,50,Male,Married,Indian,A+,"01, Sheth Street, Nashik 271344",Hyderabad,Telangana,India,India,15-01-2024,2024,2.4,AI Engineer,Contract,Exited,EMP060,Adweta Bala,9.17722E+11,Father,Next Gen Application Development,Strategic,Billable,PRJ017,Morning Shift,Morning Shift,06:00,15:00,9,1,Mon-Fri,Hybrid,Axis Bank,374602279094,Savings,SBIN0502206,INR,2962528,246877.33,246877.33,29625.28,12343.87,7406.32,197501.86,4.6,80
85,EMP085,Oliver Varughese,Oliver,Varughese,zkade@example.org,oliver.varughese@company.com,917415729895,917296847488,27-07-1976,49,Male,Married,Indian,O+,"H.No. 097, Sule Marg, Mathura 575255",Hyderabad,Telangana,India,India,19-08-2025,2025,0.8,Software Engineer,Contract,Exited,EMP038,Christopher Nagarajan,9.18965E+11,Father,BI & AI Strategies,Internal,Non-Billable,PRJ006,Morning Shift,Morning Shift,06:00,15:00,9,1,Mon-Fri,Hybrid,Kotak Mahindra Bank,341466708842,Savings,UTIB0260626,INR,660568,55047.33,55047.33,6605.68,2752.37,1651.42,44037.86,4.2,84
86,EMP086,Omisha Kant,Omisha,Kant,falakkhalsa@example.net,omisha.kant@company.com,917786043319,919014812471,06-01-1991,35,Female,Married,Indian,A+,"H.No. 78, Golla Zila, Shahjahanpur 331029",Delhi,Telangana,India,India,16-07-2025,2025,0.9,HR Executive,Intern,Exited,EMP079,Atharv Karan,9.1994E+11,Father,Next Gen Application Development,Strategic,Billable,PRJ015,Morning Shift,Morning Shift,06:00,15:00,9,1,Mon-Fri,On-site,Kotak Mahindra Bank,281032237529,Salary,UTIB0221886,INR,3253560,271130,271130,32535.6,13556.5,8133.9,216904,4.4,60
87,EMP087,Omkaar Tailor,Omkaar,Tailor,purohiteshana@example.net,omkaar.tailor@company.com,916390591367,919860700382,08-04-2001,25,Male,Married,Indian,O+,"225, Rastogi Path, Jalna 941121",Delhi,Delhi,India,India,06-06-2025,2025,1,HR Executive,Full-time,Exited,EMP003,Zaid Seshadri,9.19106E+11,Father,Client Success,Billable,Non-Billable,PRJ018,Morning Shift,Morning Shift,06:00,15:00,9,1,Mon-Fri,Remote,ICICI Bank,179793239299,Savings,UTIB0461264,INR,2552717,212726.42,212726.42,25527.17,10636.32,6381.79,170181.14,3.5,91
88,EMP088,Ishaan Mutti,Ishaan,Mutti,jrana@example.com,ishaan.mutti@company.com,919840638976,916296434961,08-05-1989,37,Male,Married,Indian,AB+,"197, Oommen Road, Pune 321289",Delhi,Maharashtra,India,India,28-04-2025,2025,1.1,Software Engineer,Contract,Exited,EMP060,Nirja Mutti,9.19735E+11,Brother,Client Success,Billable,Billable,PRJ012,Morning Shift,Morning Shift,06:00,15:00,9,1,Mon-Fri,On-site,Kotak Mahindra Bank,817830725289,Salary,HDFC0287143,INR,968029,80669.08,80669.08,9680.29,4033.45,2420.07,64535.27,4.4,96
89,EMP089,Widisha Patil,Widisha,Patil,gchana@example.org,widisha.patil@company.com,919126126880,916956447193,27-04-2005,21,Female,Married,Indian,B+,"558, Dhingra Ganj, Ahmedabad 109883",Delhi,Karnataka,India,India,04-01-2024,2024,2.4,Software Engineer,Contract,Exited,EMP025,Manan Nagarajan,9.17184E+11,Mother,Client Success,Internal,Billable,PRJ015,Night Shift,Night Shift,22:00,07:00,9,1,Mon-Fri,Remote,State Bank of India,944454665058,Savings,ICIC0316092,INR,2631091,219257.58,219257.58,26310.91,10962.88,6577.73,175406.06,3.4,69
90,EMP090,Chanakya Nagy,Chanakya,Nagy,hardik24@example.net,chanakya.nagy@company.com,917917449772,918567466567,05-08-1978,47,Male,Married,Indian,B+,"63/793, Madan Path, Ambattur-110952",Mumbai,Maharashtra,India,India,19-11-2025,2025,0.5,Software Engineer,Full-time,Exited,EMP003,Megha Koshy,9.19504E+11,Spouse,AI Native Application Development,Internal,Non-Billable,PRJ005,Night Shift,Night Shift,22:00,07:00,9,1,Mon-Fri,Remote,Axis Bank,258382323513,Savings,UTIB0415098,INR,2241143,186761.92,186761.92,22411.43,9338.1,5602.86,149409.53,3.1,68
91,EMP091,Yasti Krishna,Yasti,Krishna,avi80@example.org,yasti.krishna@company.com,918688620050,918915209592,18-04-1994,32,Female,Married,Indian,B+,"H.No. 22, Dyal Road, Jhansi-529348",Mumbai,Karnataka,India,India,13-03-2025,2025,1.2,Business Analyst,Contract,Exited,EMP055,Pallavi Lalla,9.17288E+11,Brother,AI Native Application Development,Strategic,Non-Billable,PRJ014,Evening Shift,Evening Shift,14:00,23:00,9,1,Mon-Fri,Remote,ICICI Bank,257657841886,Salary,HDFC0689704,INR,3098263,258188.58,258188.58,30982.63,12909.43,7745.66,206550.86,4.2,88
92,EMP092,Urishilla Sarna,Urishilla,Sarna,chhabraudant@example.org,urishilla.sarna@company.com,917668247132,917043069385,26-03-1971,55,Female,Married,Indian,A+,"H.No. 030, Bhasin Street, Hospet 340827",Hyderabad,Karnataka,India,India,18-09-2024,2024,1.7,Project Manager,Contract,Exited,EMP003,Inaya Rajan,9.19752E+11,Father,AI Native Application Development,Strategic,Billable,PRJ009,Night Shift,Night Shift,22:00,07:00,9,1,Mon-Fri,Hybrid,ICICI Bank,432142552613,Savings,ICIC0299254,INR,1956411,163034.25,163034.25,19564.11,8151.71,4891.03,130427.4,2.7,67
93,EMP093,Nicholas Sabharwal,Nicholas,Sabharwal,pantrehaan@example.com,nicholas.sabharwal@company.com,918987692130,918595884821,27-10-1989,36,Male,Married,Indian,O+,"H.No. 82, Raja Circle, Ujjain-267162",Hyderabad,Karnataka,India,India,21-12-2025,2025,0.4,Project Manager,Contract,Exited,EMP056,Nirja Luthra,9.18203E+11,Brother,Next Gen Application Development,Billable,Billable,PRJ010,Evening Shift,Evening Shift,14:00,23:00,9,1,Mon-Fri,On-site,State Bank of India,504599351747,Salary,UTIB0147936,INR,1587236,132269.67,132269.67,15872.36,6613.48,3968.09,105815.74,3.5,89
94,EMP094,Nitesh Ahluwalia,Nitesh,Ahluwalia,maanas00@example.org,nitesh.ahluwalia@company.com,917120016279,918376455067,31-12-1982,43,Male,Married,Indian,O+,"H.No. 898, Ranganathan Path, Gandhidham-543375",Pune,Maharashtra,India,India,21-08-2025,2025,0.8,Consultant,Contract,Exited,EMP025,Sai Bhargava,9.19279E+11,Brother,Next Gen Application Development,Internal,Non-Billable,PRJ016,Morning Shift,Morning Shift,06:00,15:00,9,1,Mon-Fri,Hybrid,ICICI Bank,975025593858,Salary,ICIC0246757,INR,1783555,148629.58,148629.58,17835.55,7431.48,4458.89,118903.66,3.1,91
95,EMP095,Waida Jha,Waida,Jha,niharika10@example.com,waida.jha@company.com,918250324141,916145271935,08-02-1980,46,Female,Single,Indian,AB+,"191, Pall Marg, Siliguri-845330",Pune,Maharashtra,India,India,17-03-2024,2024,2.2,Software Engineer,Full-time,Exited,EMP014,Henry De,9.17603E+11,Father,Client Success,Internal,Non-Billable,PRJ001,Morning Shift,Morning Shift,06:00,15:00,9,1,Mon-Fri,On-site,State Bank of India,104362534724,Salary,HDFC0117538,INR,3045354,253779.5,253779.5,30453.54,12688.98,7613.38,203023.6,3.1,100
96,EMP096,Amaira Bains,Amaira,Bains,rmall@example.net,amaira.bains@company.com,916073626894,918157001409,12-01-2003,23,Female,Married,Indian,O+,"28/933, Kumar Street, Jhansi 432998",Delhi,Telangana,India,India,15-12-2025,2025,0.4,Consultant,Full-time,Exited,EMP093,Tanish Luthra,9.17148E+11,Brother,AI Native Application Development,Strategic,Non-Billable,PRJ017,General Shift,General Shift,09:00,18:00,9,1,Mon-Fri,Hybrid,State Bank of India,368714638271,Savings,SBIN0817269,INR,2599431,216619.25,216619.25,25994.31,10830.96,6498.58,173295.4,2.9,67
97,EMP097,Logan Modi,Logan,Modi,srinivasdarika@example.org,logan.modi@company.com,917740657035,917628926576,02-03-2001,25,Male,Single,Indian,A+,"057, Khanna Road, Darbhanga 026663",Mumbai,Maharashtra,India,India,21-01-2025,2025,1.3,Business Analyst,Contract,Exited,EMP060,Anya Maharaj,9.16987E+11,Mother,AI Native Application Development,Internal,Non-Billable,PRJ011,General Shift,General Shift,09:00,18:00,9,1,Mon-Fri,Hybrid,HDFC Bank,185573612460,Salary,HDFC0288066,INR,3347946,278995.5,278995.5,33479.46,13949.78,8369.86,223196.4,2.9,86
98,EMP098,Ekiya Sachar,Ekiya,Sachar,advay37@example.net,ekiya.sachar@company.com,918521300895,916619298045,08-05-1991,35,Female,Married,Indian,B+,"H.No. 657, Magar, Amritsar-819904",Mumbai,Karnataka,India,India,30-12-2025,2025,0.4,Consultant,Full-time,Exited,EMP081,Chaitaly Babu,9.19395E+11,Father,BI & AI Strategies,Internal,Non-Billable,PRJ011,Morning Shift,Morning Shift,06:00,15:00,9,1,Mon-Fri,Remote,HDFC Bank,355280350219,Savings,SBIN0734565,INR,2765412,230451,230451,27654.12,11522.55,6913.53,184360.8,3.1,79
99,EMP099,Dayamai Kapoor,Dayamai,Kapoor,nihalmall@example.net,dayamai.kapoor@company.com,918723537339,917173930637,22-03-1996,30,Female,Married,Indian,B+,"H.No. 54, Varghese Nagar, Raichur 570540",Bangalore,Maharashtra,India,India,06-04-2025,2025,1.1,HR Executive,Full-time,Exited,EMP059,Hritik Panchal,9.19063E+11,Father,BI & AI Strategies,Strategic,Non-Billable,PRJ003,Night Shift,Night Shift,22:00,07:00,9,1,Mon-Fri,Remote,State Bank of India,962050089293,Savings,UTIB0432061,INR,2211301,184275.08,184275.08,22113.01,9213.75,5528.25,147420.07,3,92
100,EMP100,Alka Sengupta,Alka,Sengupta,anirudh83@example.net,alka.sengupta@company.com,916022313296,917323998648,20-10-1985,40,Female,Married,Indian,A+,"50, Sharma Road, Farrukhabad-010937",Mumbai,Maharashtra,India,India,31-03-2025,2025,1.2,AI Engineer,Contract,Exited,EMP081,Anjali Walia,9.16113E+11,Father,AI Native Application Development,Billable,Billable,PRJ018,Morning Shift,Morning Shift,06:00,15:00,9,1,Mon-Fri,On-site,Kotak Mahindra Bank,459851424229,Salary,HDFC0406024,INR,766151,63845.92,63845.92,7661.51,3192.3,1915.38,51076.73,3,83
