invoice_id,client_id,project_id,contract_id,invoice_date,due_date,invoice_amount,tax_amount,discount_amount,total_payable,invoice_status,currency,invoice_type
INV00001,CLT008,PRJ001,CON048,03-11-2025,02-12-2025,2357113,424280.34,66237,2781393.34,Paid,SGD,Subscription
INV00002,CLT001,PRJ006,CON045,25-02-2026,14-03-2026,3595146,647126.28,95647,4242272.28,Paid,USD,Support
INV00003,CLT024,PRJ019,CON013,27-11-2025,22-12-2025,633470,114024.6,48520,747494.6,Partial,INR,One-time
INV00004,CLT011,PRJ015,CON025,23-10-2025,20-11-2025,2314486,416607.48,74341,2731093.48,Paid,INR,One-time
INV00005,CLT016,PRJ018,CON035,22-11-2025,16-01-2026,2254036,405726.48,20969,2659762.48,Partial,SGD,Support
INV00006,CLT001,PRJ004,CON044,18-06-2025,04-08-2025,4554433,819797.94,13947,5374230.94,Partial,USD,One-time
INV00007,CLT034,PRJ001,CON039,05-03-2026,24-03-2026,2769218,498459.24,99693,3267677.24,Pending,INR,Milestone
INV00008,CLT035,PRJ007,CON046,20-12-2025,04-01-2026,2664865,479675.7,9305,3144540.7,Partial,INR,Subscription
INV00009,CLT014,PRJ018,CON009,04-07-2025,22-07-2025,4840256,871246.08,88259,5711502.08,Paid,INR,Subscription
INV00010,CLT029,PRJ005,CON028,08-11-2025,19-12-2025,1589209,286057.62,63653,1875266.62,Paid,INR,Support
INV00011,CLT030,PRJ010,CON028,20-02-2026,08-04-2026,4712122,848181.96,69615,5560303.96,Paid,SGD,Milestone
INV00012,CLT016,PRJ013,CON008,21-09-2025,31-10-2025,4828783,869180.94,17154,5697963.94,Pending,USD,One-time
INV00013,CLT014,PRJ017,CON017,15-12-2025,18-01-2026,1161126,209002.68,86951,1370128.68,Overdue,SGD,Subscription
INV00014,CLT019,PRJ020,CON014,25-09-2025,18-10-2025,2926288,526731.84,83507,3453019.84,Paid,INR,One-time
INV00015,CLT005,PRJ005,CON035,08-07-2025,14-08-2025,352225,63400.5,73385,415625.5,Paid,USD,Support
INV00016,CLT022,PRJ014,CON052,11-06-2025,10-07-2025,2131777,383719.86,3101,2515496.86,Overdue,INR,Milestone
INV00017,CLT035,PRJ011,CON002,13-03-2026,09-04-2026,1017556,183160.08,33386,1200716.08,Overdue,USD,Subscription
INV00018,CLT021,PRJ004,CON047,10-02-2026,05-04-2026,2569285,462471.3,74593,3031756.3,Partial,INR,One-time
INV00019,CLT021,PRJ015,CON029,16-06-2025,13-08-2025,3759105,676638.9,40687,4435743.9,Partial,SGD,Milestone
INV00020,CLT027,PRJ019,CON013,10-02-2026,12-03-2026,3271044,588787.92,15906,3859831.92,Paid,USD,Support
INV00021,CLT029,PRJ020,CON053,16-03-2026,10-05-2026,4284386,771189.48,31358,5055575.48,Overdue,USD,One-time
INV00022,CLT010,PRJ008,CON025,19-02-2026,05-04-2026,1331823,239728.14,772,1571551.14,Paid,INR,One-time
INV00023,CLT039,PRJ008,CON032,02-08-2025,18-08-2025,1890642,340315.56,51645,2230957.56,Overdue,SGD,Subscription
INV00024,CLT014,PRJ015,CON021,07-11-2025,02-01-2026,2881159,518608.62,8993,3399767.62,Paid,USD,Subscription
INV00025,CLT031,PRJ004,CON037,13-04-2026,10-06-2026,1878419,338115.42,49192,2216534.42,Paid,INR,Support
INV00026,CLT020,PRJ020,CON052,29-04-2026,14-06-2026,1065483,191786.94,13833,1257269.94,Pending,INR,Support
INV00027,CLT040,PRJ018,CON050,05-04-2026,29-05-2026,4105871,739056.78,87580,4844927.78,Partial,INR,Support
INV00028,CLT018,PRJ020,CON045,17-11-2025,30-12-2025,2367508,426151.44,2260,2793659.44,Overdue,USD,Subscription
INV00029,CLT034,PRJ012,CON028,29-07-2025,26-09-2025,4666993,840058.74,24267,5507051.74,Paid,SGD,Milestone
INV00030,CLT019,PRJ004,CON054,05-09-2025,30-10-2025,1678376,302107.68,98669,1980483.68,Partial,USD,Support
INV00031,CLT017,PRJ016,CON008,13-10-2025,23-11-2025,598140,107665.2,79471,705805.2,Partial,SGD,Milestone
INV00032,CLT040,PRJ002,CON040,10-03-2026,08-05-2026,882431,158837.58,77832,1041268.58,Partial,SGD,Support
INV00033,CLT017,PRJ019,CON043,03-03-2026,05-04-2026,1709427,307696.86,57560,2017123.86,Partial,INR,Subscription
INV00034,CLT039,PRJ002,CON057,12-10-2025,29-11-2025,3674119,661341.42,85394,4335460.42,Paid,SGD,Support
INV00035,CLT031,PRJ012,CON027,10-05-2026,14-06-2026,2845993,512278.74,33082,3358271.74,Pending,SGD,One-time
INV00036,CLT024,PRJ020,CON049,27-07-2025,26-08-2025,4231663,761699.34,93032,4993362.34,Pending,USD,Milestone
INV00037,CLT008,PRJ005,CON032,23-06-2025,09-08-2025,2498312,449696.16,97818,2948008.16,Partial,USD,Milestone
INV00038,CLT020,PRJ019,CON038,04-05-2026,02-06-2026,4157400,748332,53841,4905732,Overdue,USD,Subscription
INV00039,CLT032,PRJ002,CON009,29-10-2025,29-11-2025,4263523,767434.14,44375,5030957.14,Overdue,INR,Support
INV00040,CLT035,PRJ002,CON040,28-08-2025,26-10-2025,623954,112311.72,39251,736265.72,Paid,USD,Subscription
INV00041,CLT016,PRJ017,CON027,24-07-2025,17-09-2025,4797348,863522.64,33289,5660870.64,Overdue,SGD,Support
INV00042,CLT023,PRJ019,CON020,09-01-2026,09-03-2026,3609361,649684.98,38696,4259045.98,Overdue,INR,Subscription
INV00043,CLT039,PRJ016,CON054,07-01-2026,03-03-2026,2450770,441138.6,84717,2891908.6,Partial,SGD,Subscription
INV00044,CLT019,PRJ011,CON048,29-07-2025,20-08-2025,3535492,636388.56,61385,4171880.56,Pending,INR,Subscription
INV00045,CLT017,PRJ018,CON008,22-07-2025,26-08-2025,3865021,695703.78,79964,4560724.78,Pending,INR,Milestone
INV00046,CLT032,PRJ004,CON007,24-12-2025,03-02-2026,2019645,363536.1,36666,2383181.1,Overdue,SGD,Subscription
INV00047,CLT024,PRJ018,CON058,17-02-2026,19-03-2026,3058774,550579.32,16505,3609353.32,Overdue,INR,Milestone
INV00048,CLT010,PRJ020,CON001,27-10-2025,12-11-2025,2375949,427670.82,22838,2803619.82,Paid,INR,One-time
INV00049,CLT029,PRJ012,CON033,29-04-2026,26-06-2026,964811,173665.98,14150,1138476.98,Pending,USD,Support
INV00050,CLT018,PRJ020,CON041,26-01-2026,23-03-2026,4960394,892870.92,85316,5853264.92,Overdue,SGD,Milestone
INV00051,CLT021,PRJ014,CON021,18-11-2025,06-12-2025,2188170,393870.6,76869,2582040.6,Paid,INR,One-time
INV00052,CLT019,PRJ020,CON020,25-10-2025,23-11-2025,2999822,539967.96,56244,3539789.96,Paid,USD,Subscription
INV00053,CLT022,PRJ012,CON001,17-10-2025,22-11-2025,1571740,282913.2,20631,1854653.2,Paid,INR,One-time
INV00054,CLT040,PRJ002,CON044,18-07-2025,20-08-2025,734355,132183.9,88895,866538.9,Pending,INR,Support
INV00055,CLT020,PRJ007,CON050,09-10-2025,05-12-2025,1201208,216217.44,46421,1417425.44,Overdue,INR,Subscription
INV00056,CLT037,PRJ013,CON046,05-03-2026,16-04-2026,3553870,639696.6,77184,4193566.6,Overdue,SGD,Support
INV00057,CLT033,PRJ004,CON034,29-09-2025,21-11-2025,4327787,779001.66,20036,5106788.66,Partial,INR,Subscription
INV00058,CLT040,PRJ011,CON056,14-08-2025,26-09-2025,2701965,486353.7,4929,3188318.7,Pending,SGD,Subscription
INV00059,CLT038,PRJ018,CON051,02-07-2025,18-08-2025,394123,70942.14,84689,465065.14,Partial,INR,Milestone
INV00060,CLT019,PRJ013,CON027,16-04-2026,12-06-2026,2888429,519917.22,18537,3408346.22,Pending,USD,One-time
INV00061,CLT022,PRJ005,CON043,12-09-2025,05-10-2025,4465707,803827.26,20308,5269534.26,Pending,INR,Subscription
INV00062,CLT011,PRJ006,CON054,01-07-2025,28-07-2025,1438643,258955.74,48213,1697598.74,Pending,SGD,Support
INV00063,CLT039,PRJ005,CON056,21-03-2026,14-04-2026,2147178,386492.04,57340,2533670.04,Paid,USD,Subscription
INV00064,CLT024,PRJ008,CON025,29-11-2025,28-01-2026,734556,132220.08,61487,866776.08,Pending,INR,Support
INV00065,CLT039,PRJ017,CON028,24-03-2026,14-05-2026,982702,176886.36,31711,1159588.36,Overdue,INR,Milestone
INV00066,CLT006,PRJ017,CON024,16-07-2025,01-08-2025,617735,111192.3,46805,728927.3,Overdue,USD,Subscription
INV00067,CLT012,PRJ015,CON045,04-06-2025,09-07-2025,4064210,731557.8,40642,4795767.8,Overdue,INR,Support
INV00068,CLT023,PRJ002,CON056,21-01-2026,28-02-2026,2834386,510189.48,68062,3344575.48,Overdue,USD,One-time
INV00069,CLT021,PRJ004,CON006,29-05-2026,30-06-2026,2800791,504142.38,83816,3304933.38,Overdue,USD,Subscription
INV00070,CLT039,PRJ015,CON003,22-12-2025,03-02-2026,1108894,199600.92,10077,1308494.92,Paid,SGD,Milestone
INV00071,CLT002,PRJ006,CON032,07-05-2026,30-05-2026,4393162,790769.16,9706,5183931.16,Partial,SGD,Support
INV00072,CLT035,PRJ010,CON058,11-10-2025,26-11-2025,2566218,461919.24,3445,3028137.24,Pending,SGD,One-time
INV00073,CLT026,PRJ016,CON034,29-05-2026,24-06-2026,3495999,629279.82,16912,4125278.82,Overdue,USD,Support
INV00074,CLT015,PRJ012,CON034,15-01-2026,08-03-2026,2432769,437898.42,76106,2870667.42,Partial,SGD,Milestone
INV00075,CLT014,PRJ019,CON027,04-04-2026,29-04-2026,304056,54730.08,57619,358786.08,Overdue,INR,Support
INV00076,CLT023,PRJ013,CON009,12-08-2025,05-10-2025,3158316,568496.88,54805,3726812.88,Overdue,INR,Milestone
INV00077,CLT033,PRJ015,CON032,27-12-2025,18-02-2026,2638225,474880.5,85755,3113105.5,Partial,SGD,Support
INV00078,CLT026,PRJ012,CON003,06-12-2025,28-12-2025,3410322,613857.96,16864,4024179.96,Overdue,SGD,Subscription
INV00079,CLT003,PRJ002,CON003,25-01-2026,28-02-2026,1199544,215917.92,77820,1415461.92,Partial,USD,One-time
INV00080,CLT022,PRJ004,CON027,11-11-2025,02-01-2026,4946448,890360.64,62973,5836808.64,Overdue,USD,Milestone
INV00081,CLT002,PRJ015,CON021,18-03-2026,07-05-2026,3562983,641336.94,42604,4204319.94,Overdue,SGD,Support
INV00082,CLT017,PRJ020,CON031,01-12-2025,07-01-2026,1662828,299309.04,73464,1962137.04,Pending,SGD,One-time
INV00083,CLT003,PRJ010,CON046,06-11-2025,06-12-2025,712946,128330.28,31779,841276.28,Pending,SGD,Subscription
INV00084,CLT031,PRJ004,CON044,07-07-2025,27-07-2025,1203157,216568.26,85498,1419725.26,Overdue,USD,Milestone
INV00085,CLT032,PRJ006,CON060,20-09-2025,03-11-2025,2478224,446080.32,35761,2924304.32,Pending,USD,Milestone
INV00086,CLT022,PRJ010,CON037,10-03-2026,24-04-2026,1670354,300663.72,42415,1971017.72,Pending,INR,Milestone
INV00087,CLT037,PRJ001,CON017,05-12-2025,03-01-2026,3066141,551905.38,28721,3618046.38,Pending,SGD,Milestone
INV00088,CLT014,PRJ008,CON044,03-04-2026,27-04-2026,736777,132619.86,21566,869396.86,Paid,INR,One-time
INV00089,CLT006,PRJ017,CON029,12-11-2025,27-11-2025,516706,93007.08,97754,609713.08,Overdue,SGD,Milestone
INV00090,CLT005,PRJ016,CON003,05-10-2025,02-12-2025,2458291,442492.38,86742,2900783.38,Overdue,USD,Milestone
INV00091,CLT015,PRJ001,CON049,27-04-2026,19-05-2026,240717,43329.06,4222,284046.06,Partial,INR,Support
INV00092,CLT039,PRJ002,CON016,12-12-2025,16-01-2026,421084,75795.12,75690,496879.12,Paid,INR,One-time
INV00093,CLT018,PRJ002,CON036,18-09-2025,22-10-2025,1519123,273442.14,49343,1792565.14,Overdue,SGD,Milestone
INV00094,CLT030,PRJ002,CON036,15-06-2025,12-07-2025,3511789,632122.02,6755,4143911.02,Pending,SGD,One-time
INV00095,CLT031,PRJ007,CON056,03-04-2026,23-05-2026,2843107,511759.26,42154,3354866.26,Overdue,INR,One-time
INV00096,CLT007,PRJ016,CON049,09-10-2025,05-11-2025,2736311,492535.98,43236,3228846.98,Partial,INR,Milestone
INV00097,CLT032,PRJ016,CON030,01-06-2025,24-06-2025,1461246,263024.28,82667,1724270.28,Paid,SGD,Milestone
INV00098,CLT040,PRJ020,CON059,17-02-2026,17-04-2026,4103410,738613.8,88346,4842023.8,Paid,SGD,Support
INV00099,CLT034,PRJ009,CON053,05-07-2025,25-07-2025,3023267,544188.06,53120,3567455.06,Partial,SGD,Support
INV00100,CLT028,PRJ011,CON037,15-12-2025,10-02-2026,849953,152991.54,4312,1002944.54,Overdue,USD,Milestone
INV00101,CLT026,PRJ003,CON020,24-02-2026,07-04-2026,1412731,254291.58,30427,1667022.58,Partial,SGD,Subscription
INV00102,CLT015,PRJ012,CON036,10-03-2026,09-05-2026,3199309,575875.62,83086,3775184.62,Pending,INR,Milestone
INV00103,CLT018,PRJ004,CON009,06-10-2025,10-11-2025,782302,140814.36,50493,923116.36,Paid,INR,Subscription
INV00104,CLT034,PRJ006,CON044,21-08-2025,28-09-2025,3243811,583885.98,32990,3827696.98,Partial,USD,Milestone
INV00105,CLT026,PRJ011,CON054,27-05-2026,22-06-2026,3236747,582614.46,52198,3819361.46,Partial,USD,One-time
INV00106,CLT008,PRJ019,CON013,28-12-2025,20-01-2026,4627068,832872.24,83012,5459940.24,Partial,USD,One-time
INV00107,CLT026,PRJ018,CON033,20-06-2025,07-07-2025,3558960,640612.8,73822,4199572.8,Paid,INR,Support
INV00108,CLT034,PRJ018,CON038,02-10-2025,22-10-2025,4875424,877576.32,15213,5753000.32,Partial,USD,Milestone
INV00109,CLT029,PRJ015,CON021,30-07-2025,18-09-2025,613499,110429.82,20989,723928.82,Paid,SGD,One-time
INV00110,CLT012,PRJ014,CON026,24-03-2026,14-05-2026,294882,53078.76,13336,347960.76,Paid,SGD,Milestone
INV00111,CLT032,PRJ017,CON041,17-07-2025,21-08-2025,2679024,482224.32,15448,3161248.32,Partial,SGD,Milestone
INV00112,CLT037,PRJ013,CON028,24-10-2025,17-12-2025,1608214,289478.52,7026,1897692.52,Partial,USD,One-time
INV00113,CLT027,PRJ016,CON027,04-04-2026,25-05-2026,3773298,679193.64,97323,4452491.64,Pending,INR,Support
INV00114,CLT003,PRJ015,CON035,21-09-2025,21-10-2025,1883262,338987.16,27509,2222249.16,Paid,USD,One-time
INV00115,CLT023,PRJ018,CON018,17-01-2026,17-03-2026,4569518,822513.24,17392,5392031.24,Paid,INR,Milestone
INV00116,CLT018,PRJ014,CON025,30-11-2025,15-12-2025,3841581,691484.58,96039,4533065.58,Pending,SGD,Subscription
INV00117,CLT014,PRJ016,CON018,26-06-2025,12-07-2025,2758389,496510.02,16284,3254899.02,Pending,SGD,Milestone
INV00118,CLT018,PRJ003,CON042,03-06-2025,02-08-2025,3073551,553239.18,12475,3626790.18,Overdue,SGD,Subscription
INV00119,CLT001,PRJ011,CON053,01-06-2025,24-06-2025,1061613,191090.34,84092,1252703.34,Paid,INR,Milestone
INV00120,CLT010,PRJ014,CON040,02-09-2025,28-10-2025,3760984,676977.12,11042,4437961.12,Overdue,USD,Milestone
INV00121,CLT026,PRJ010,CON042,02-02-2026,25-03-2026,507759,91396.62,55163,599155.62,Paid,SGD,One-time
INV00122,CLT017,PRJ007,CON003,18-01-2026,21-02-2026,557249,100304.82,10357,657553.82,Overdue,USD,Milestone
INV00123,CLT005,PRJ010,CON045,21-02-2026,21-04-2026,3719898,669581.64,1487,4389479.64,Paid,USD,Milestone
INV00124,CLT011,PRJ012,CON009,30-12-2025,15-02-2026,2304559,414820.62,47202,2719379.62,Pending,SGD,Subscription
INV00125,CLT008,PRJ008,CON048,05-06-2025,04-07-2025,4318332,777299.76,42179,5095631.76,Pending,USD,Milestone
INV00126,CLT004,PRJ006,CON015,02-05-2026,29-05-2026,4376626,787792.68,38219,5164418.68,Pending,USD,One-time
INV00127,CLT035,PRJ008,CON010,17-07-2025,07-08-2025,103501,18630.18,26895,122131.18,Paid,USD,Milestone
INV00128,CLT015,PRJ017,CON027,16-01-2026,15-02-2026,3174689,571444.02,38230,3746133.02,Overdue,INR,One-time
INV00129,CLT013,PRJ005,CON050,28-07-2025,28-08-2025,4954886,891879.48,15717,5846765.48,Paid,SGD,Subscription
INV00130,CLT006,PRJ008,CON023,27-05-2026,17-06-2026,3373939,607309.02,18322,3981248.02,Paid,USD,Subscription
INV00131,CLT006,PRJ019,CON038,19-10-2025,06-11-2025,2221144,399805.92,22018,2620949.92,Overdue,INR,Support
INV00132,CLT014,PRJ006,CON018,27-09-2025,29-10-2025,2397590,431566.2,50202,2829156.2,Pending,USD,Milestone
INV00133,CLT031,PRJ018,CON051,17-07-2025,03-09-2025,4115786,740841.48,46849,4856627.48,Pending,SGD,Milestone
INV00134,CLT015,PRJ019,CON055,18-09-2025,12-10-2025,3308324,595498.32,73807,3903822.32,Pending,SGD,Milestone
INV00135,CLT039,PRJ008,CON002,24-10-2025,15-12-2025,4466170,803910.6,92365,5270080.6,Pending,SGD,Milestone
INV00136,CLT007,PRJ011,CON020,04-06-2025,30-06-2025,2756191,496114.38,49595,3252305.38,Pending,INR,One-time
INV00137,CLT037,PRJ002,CON012,04-09-2025,17-10-2025,2719396,489491.28,1493,3208887.28,Pending,USD,One-time
INV00138,CLT029,PRJ014,CON011,30-07-2025,03-09-2025,3523044,634147.92,34226,4157191.92,Partial,INR,Subscription
INV00139,CLT039,PRJ020,CON058,03-10-2025,13-11-2025,4099489,737908.02,91382,4837397.02,Overdue,INR,One-time
INV00140,CLT032,PRJ005,CON004,27-11-2025,17-12-2025,3076852,553833.36,62071,3630685.36,Overdue,INR,Subscription
INV00141,CLT025,PRJ006,CON024,02-09-2025,22-09-2025,3249794,584962.92,87574,3834756.92,Partial,USD,One-time
INV00142,CLT035,PRJ016,CON037,10-06-2025,03-07-2025,2026708,364807.44,5593,2391515.44,Partial,INR,Support
INV00143,CLT005,PRJ003,CON025,01-10-2025,25-10-2025,4717121,849081.78,19424,5566202.78,Paid,SGD,Subscription
INV00144,CLT032,PRJ019,CON039,01-10-2025,02-11-2025,4018202,723276.36,48816,4741478.36,Overdue,INR,Subscription
INV00145,CLT015,PRJ005,CON020,13-06-2025,01-07-2025,3767081,678074.58,67537,4445155.58,Overdue,INR,Milestone
INV00146,CLT013,PRJ002,CON016,12-11-2025,12-12-2025,327420,58935.6,48819,386355.6,Overdue,SGD,Support
INV00147,CLT017,PRJ003,CON019,10-01-2026,26-02-2026,280271,50448.78,2628,330719.78,Partial,SGD,Subscription
INV00148,CLT020,PRJ009,CON028,15-02-2026,09-04-2026,3208104,577458.72,37051,3785562.72,Overdue,SGD,One-time
INV00149,CLT020,PRJ007,CON010,28-01-2026,25-03-2026,4389373,790087.14,65191,5179460.14,Overdue,SGD,One-time
INV00150,CLT013,PRJ011,CON047,17-03-2026,01-05-2026,1915317,344757.06,16769,2260074.06,Pending,SGD,One-time
INV00151,CLT020,PRJ014,CON051,24-09-2025,10-11-2025,2829289,509272.02,15704,3338561.02,Paid,SGD,Support
INV00152,CLT022,PRJ014,CON037,24-08-2025,25-09-2025,3888387,699909.66,27444,4588296.66,Pending,SGD,Milestone
INV00153,CLT026,PRJ014,CON031,22-12-2025,20-01-2026,3265491,587788.38,90901,3853279.38,Pending,SGD,One-time
INV00154,CLT003,PRJ010,CON019,16-04-2026,02-05-2026,3874587,697425.66,29939,4572012.66,Partial,USD,Milestone
INV00155,CLT003,PRJ013,CON057,20-07-2025,28-08-2025,2195715,395228.7,16199,2590943.7,Paid,SGD,One-time
INV00156,CLT027,PRJ004,CON043,09-05-2026,24-06-2026,4414670,794640.6,26037,5209310.6,Paid,SGD,Milestone
INV00157,CLT036,PRJ016,CON059,24-05-2026,14-06-2026,1792263,322607.34,33540,2114870.34,Paid,SGD,Milestone
INV00158,CLT003,PRJ010,CON024,24-10-2025,25-11-2025,2673177,481171.86,96084,3154348.86,Partial,SGD,Subscription
INV00159,CLT025,PRJ016,CON052,02-03-2026,28-03-2026,3587810,645805.8,80127,4233615.8,Partial,INR,Support
INV00160,CLT005,PRJ009,CON042,10-10-2025,03-11-2025,2686018,483483.24,73183,3169501.24,Paid,USD,Subscription
INV00161,CLT032,PRJ011,CON016,22-06-2025,04-08-2025,2825747,508634.46,41426,3334381.46,Partial,INR,Subscription
INV00162,CLT006,PRJ020,CON040,13-07-2025,05-09-2025,2605152,468927.36,78636,3074079.36,Pending,USD,Support
INV00163,CLT022,PRJ012,CON054,01-12-2025,28-12-2025,2499335,449880.3,15826,2949215.3,Overdue,INR,Support
INV00164,CLT008,PRJ015,CON030,30-11-2025,26-12-2025,4993542,898837.56,95747,5892379.56,Overdue,SGD,Milestone
INV00165,CLT026,PRJ011,CON019,26-04-2026,19-06-2026,3848745,692774.1,93635,4541519.1,Pending,SGD,One-time
INV00166,CLT008,PRJ012,CON036,01-08-2025,25-08-2025,4079634,734334.12,6955,4813968.12,Pending,USD,Subscription
INV00167,CLT019,PRJ007,CON049,08-08-2025,06-10-2025,4589680,826142.4,87096,5415822.4,Partial,SGD,Subscription
INV00168,CLT013,PRJ020,CON056,14-07-2025,09-08-2025,3766688,678003.84,22779,4444691.84,Partial,SGD,Subscription
INV00169,CLT017,PRJ001,CON022,04-01-2026,21-02-2026,3961870,713136.6,28830,4675006.6,Pending,USD,Milestone
INV00170,CLT015,PRJ007,CON043,17-11-2025,12-01-2026,2834040,510127.2,80439,3344167.2,Overdue,SGD,Milestone
INV00171,CLT002,PRJ017,CON053,14-08-2025,02-10-2025,3195376,575167.68,960,3770543.68,Partial,USD,Subscription
INV00172,CLT028,PRJ003,CON048,29-03-2026,07-05-2026,1339786,241161.48,59129,1580947.48,Partial,USD,Support
INV00173,CLT005,PRJ019,CON003,16-09-2025,04-11-2025,658924,118606.32,28818,777530.32,Pending,USD,Milestone
INV00174,CLT024,PRJ001,CON036,15-04-2026,10-06-2026,4706262,847127.16,67181,5553389.16,Paid,USD,Milestone
INV00175,CLT012,PRJ019,CON055,10-01-2026,02-02-2026,506242,91123.56,87988,597365.56,Paid,USD,Milestone
INV00176,CLT040,PRJ010,CON045,04-09-2025,06-10-2025,4950372,891066.96,47118,5841438.96,Partial,INR,Milestone
INV00177,CLT036,PRJ004,CON012,17-12-2025,26-01-2026,737645,132776.1,77337,870421.1,Paid,SGD,Milestone
INV00178,CLT026,PRJ008,CON058,04-02-2026,23-03-2026,4995929,899267.22,18398,5895196.22,Overdue,USD,Support
INV00179,CLT005,PRJ009,CON024,02-04-2026,27-05-2026,2013090,362356.2,35847,2375446.2,Overdue,USD,One-time
INV00180,CLT017,PRJ013,CON059,21-08-2025,19-09-2025,1919814,345566.52,10104,2265380.52,Overdue,SGD,One-time
INV00181,CLT015,PRJ014,CON052,08-07-2025,02-08-2025,2820126,507622.68,17658,3327748.68,Overdue,INR,Subscription
INV00182,CLT037,PRJ001,CON057,12-02-2026,07-04-2026,2427789,437002.02,86461,2864791.02,Partial,INR,One-time
INV00183,CLT009,PRJ004,CON002,25-05-2026,16-06-2026,1747422,314535.96,12214,2061957.96,Partial,USD,Support
INV00184,CLT034,PRJ014,CON015,26-10-2025,28-11-2025,4094344,736981.92,78419,4831325.92,Paid,USD,Support
INV00185,CLT034,PRJ004,CON034,26-02-2026,09-04-2026,110348,19862.64,74012,130210.64,Paid,INR,One-time
INV00186,CLT012,PRJ012,CON036,21-01-2026,11-02-2026,4704933,846887.94,28109,5551820.94,Partial,SGD,Support
INV00187,CLT010,PRJ016,CON060,24-12-2025,11-01-2026,3702210,666397.8,22973,4368607.8,Overdue,USD,Support
INV00188,CLT015,PRJ020,CON011,23-06-2025,22-08-2025,352502,63450.36,8993,415952.36,Overdue,USD,Subscription
INV00189,CLT026,PRJ019,CON001,08-02-2026,19-03-2026,2240328,403259.04,73815,2643587.04,Pending,INR,Support
INV00190,CLT005,PRJ013,CON041,10-10-2025,07-12-2025,1898700,341766,98145,2240466,Paid,SGD,One-time
INV00191,CLT012,PRJ007,CON032,24-07-2025,20-09-2025,1724924,310486.32,86956,2035410.32,Partial,SGD,Support
INV00192,CLT037,PRJ009,CON032,13-03-2026,26-04-2026,1584040,285127.2,15776,1869167.2,Overdue,USD,Support
INV00193,CLT040,PRJ009,CON012,24-07-2025,31-08-2025,4651683,837302.94,52506,5488985.94,Partial,USD,One-time
INV00194,CLT028,PRJ013,CON013,03-01-2026,03-02-2026,1273425,229216.5,73680,1502641.5,Overdue,USD,Subscription
INV00195,CLT029,PRJ011,CON017,05-08-2025,30-09-2025,3077968,554034.24,85082,3632002.24,Overdue,INR,Milestone
INV00196,CLT006,PRJ013,CON040,07-08-2025,01-09-2025,2453533,441635.94,45039,2895168.94,Pending,USD,Milestone
INV00197,CLT024,PRJ019,CON034,12-12-2025,02-01-2026,3827295,688913.1,8361,4516208.1,Pending,SGD,Support
INV00198,CLT006,PRJ013,CON020,01-02-2026,17-03-2026,1973977,355315.86,70855,2329292.86,Partial,INR,One-time
INV00199,CLT037,PRJ014,CON034,13-04-2026,28-04-2026,4527705,814986.9,68592,5342691.9,Pending,USD,Milestone
INV00200,CLT019,PRJ020,CON015,03-12-2025,14-01-2026,110548,19898.64,81962,130446.64,Partial,INR,Milestone
INV00201,CLT009,PRJ010,CON008,04-08-2025,06-09-2025,3869694,696544.92,35283,4566238.92,Paid,INR,Milestone
INV00202,CLT022,PRJ014,CON020,19-02-2026,17-03-2026,4230846,761552.28,25191,4992398.28,Partial,INR,One-time
INV00203,CLT003,PRJ007,CON030,08-05-2026,02-07-2026,838196,150875.28,39166,989071.28,Pending,INR,Milestone
INV00204,CLT011,PRJ009,CON038,25-05-2026,19-06-2026,1053693,189664.74,65525,1243357.74,Overdue,SGD,Subscription
INV00205,CLT007,PRJ005,CON032,31-12-2025,31-01-2026,2001816,360326.88,5175,2362142.88,Overdue,SGD,Support
INV00206,CLT035,PRJ012,CON021,26-04-2026,20-06-2026,3979179,716252.22,66316,4695431.22,Overdue,USD,Support
INV00207,CLT025,PRJ007,CON034,16-08-2025,11-09-2025,4223744,760273.92,4099,4984017.92,Pending,INR,Milestone
INV00208,CLT032,PRJ017,CON040,23-12-2025,30-01-2026,2196968,395454.24,73140,2592422.24,Partial,SGD,Support
INV00209,CLT014,PRJ017,CON007,16-11-2025,23-12-2025,899137,161844.66,88407,1060981.66,Partial,SGD,Support
INV00210,CLT011,PRJ018,CON039,20-08-2025,10-10-2025,3766255,677925.9,71516,4444180.9,Overdue,SGD,Milestone
INV00211,CLT003,PRJ010,CON039,14-08-2025,03-10-2025,186754,33615.72,74798,220369.72,Partial,USD,Milestone
INV00212,CLT015,PRJ009,CON052,24-08-2025,10-09-2025,2569119,462441.42,95786,3031560.42,Pending,USD,Support
INV00213,CLT039,PRJ001,CON041,15-11-2025,28-12-2025,3258533,586535.94,98676,3845068.94,Pending,SGD,Subscription
INV00214,CLT004,PRJ018,CON026,26-03-2026,22-04-2026,2252495,405449.1,73553,2657944.1,Partial,USD,Milestone
INV00215,CLT027,PRJ014,CON024,02-03-2026,31-03-2026,2971818,534927.24,26173,3506745.24,Partial,USD,One-time
INV00216,CLT022,PRJ004,CON020,14-03-2026,22-04-2026,3825390,688570.2,76415,4513960.2,Pending,SGD,Subscription
INV00217,CLT001,PRJ003,CON025,24-11-2025,16-01-2026,2325916,418664.88,69672,2744580.88,Overdue,INR,Subscription
INV00218,CLT034,PRJ010,CON022,19-10-2025,27-11-2025,4159854,748773.72,3862,4908627.72,Pending,INR,One-time
INV00219,CLT040,PRJ008,CON027,20-05-2026,17-07-2026,2066292,371932.56,26517,2438224.56,Overdue,SGD,Milestone
INV00220,CLT005,PRJ018,CON035,07-02-2026,03-03-2026,1043104,187758.72,24632,1230862.72,Pending,USD,Subscription
INV00221,CLT015,PRJ001,CON023,08-10-2025,04-11-2025,716688,129003.84,29658,845691.84,Pending,INR,Subscription
INV00222,CLT014,PRJ003,CON012,18-08-2025,27-09-2025,3734991,672298.38,80151,4407289.38,Overdue,USD,Subscription
INV00223,CLT003,PRJ018,CON025,05-11-2025,23-11-2025,4379584,788325.12,90433,5167909.12,Pending,USD,Milestone
INV00224,CLT035,PRJ005,CON026,24-05-2026,23-07-2026,3519186,633453.48,96110,4152639.48,Partial,USD,Subscription
INV00225,CLT033,PRJ020,CON011,29-10-2025,02-12-2025,3226586,580785.48,95703,3807371.48,Partial,INR,Support
INV00226,CLT030,PRJ016,CON055,12-11-2025,27-11-2025,4232914,761924.52,32075,4994838.52,Overdue,USD,One-time
INV00227,CLT003,PRJ005,CON055,18-10-2025,11-12-2025,322060,57970.8,86628,380030.8,Paid,INR,Milestone
INV00228,CLT025,PRJ003,CON049,27-01-2026,22-03-2026,3634652,654237.36,7626,4288889.36,Pending,USD,Subscription
INV00229,CLT028,PRJ020,CON055,14-05-2026,10-06-2026,2704898,486881.64,207,3191779.64,Overdue,USD,Subscription
INV00230,CLT014,PRJ001,CON041,17-02-2026,09-04-2026,1737680,312782.4,80739,2050462.4,Pending,INR,Subscription
INV00231,CLT009,PRJ016,CON010,26-06-2025,12-07-2025,3913943,704509.74,27297,4618452.74,Paid,SGD,One-time
INV00232,CLT035,PRJ006,CON037,18-02-2026,20-03-2026,3317918,597225.24,48704,3915143.24,Pending,SGD,Support
INV00233,CLT003,PRJ007,CON059,19-11-2025,10-12-2025,826819,148827.42,67652,975646.42,Partial,USD,Milestone
INV00234,CLT003,PRJ020,CON056,17-02-2026,16-03-2026,780445,140480.1,37560,920925.1,Pending,INR,One-time
INV00235,CLT040,PRJ018,CON033,12-10-2025,17-11-2025,908786,163581.48,70854,1072367.48,Pending,SGD,Support
INV00236,CLT026,PRJ006,CON046,28-12-2025,18-01-2026,3789945,682190.1,59714,4472135.1,Paid,USD,One-time
INV00237,CLT024,PRJ013,CON012,02-04-2026,25-04-2026,2820991,507778.38,66577,3328769.38,Overdue,USD,Subscription
INV00238,CLT030,PRJ013,CON038,14-10-2025,19-11-2025,3518202,633276.36,71372,4151478.36,Paid,USD,Milestone
INV00239,CLT021,PRJ018,CON007,28-04-2026,21-05-2026,3784744,681253.92,76122,4465997.92,Overdue,USD,Subscription
INV00240,CLT013,PRJ007,CON044,16-07-2025,23-08-2025,2705814,487046.52,71943,3192860.52,Paid,SGD,Subscription
INV00241,CLT038,PRJ013,CON041,06-10-2025,30-10-2025,2718645,489356.1,37810,3208001.1,Overdue,INR,Milestone
INV00242,CLT006,PRJ005,CON042,27-07-2025,11-08-2025,3538448,636920.64,75751,4175368.64,Overdue,USD,Support
INV00243,CLT037,PRJ016,CON046,20-05-2026,14-07-2026,3141861,565534.98,97214,3707395.98,Pending,USD,Subscription
INV00244,CLT030,PRJ017,CON058,14-11-2025,15-12-2025,3986206,717517.08,8050,4703723.08,Pending,USD,Support
INV00245,CLT005,PRJ009,CON017,01-07-2025,01-08-2025,1161815,209126.7,91851,1370941.7,Partial,SGD,Milestone
INV00246,CLT032,PRJ014,CON050,30-10-2025,09-12-2025,3264237,587562.66,62420,3851799.66,Pending,INR,One-time
INV00247,CLT010,PRJ017,CON056,10-01-2026,07-03-2026,3696815,665426.7,35728,4362241.7,Paid,INR,One-time
INV00248,CLT016,PRJ019,CON050,11-03-2026,28-04-2026,1685155,303327.9,13619,1988482.9,Paid,SGD,Support
INV00249,CLT006,PRJ002,CON039,11-08-2025,11-09-2025,1868857,336394.26,38609,2205251.26,Partial,USD,Support
INV00250,CLT011,PRJ003,CON018,22-12-2025,31-01-2026,573343,103201.74,23388,676544.74,Pending,INR,Support
INV00251,CLT017,PRJ004,CON003,22-12-2025,31-01-2026,661693,119104.74,75319,780797.74,Paid,INR,Subscription
INV00252,CLT005,PRJ018,CON015,10-10-2025,17-11-2025,77744,13993.92,70074,91737.92,Pending,USD,One-time
INV00253,CLT013,PRJ010,CON045,23-01-2026,16-03-2026,3322435,598038.3,31258,3920473.3,Overdue,SGD,Support
INV00254,CLT003,PRJ011,CON004,12-09-2025,06-10-2025,2882988,518937.84,64080,3401925.84,Overdue,SGD,Subscription
INV00255,CLT020,PRJ004,CON030,15-11-2025,12-01-2026,1481846,266732.28,75493,1748578.28,Paid,INR,Milestone
INV00256,CLT018,PRJ005,CON049,03-01-2026,18-02-2026,3532566,635861.88,10580,4168427.88,Paid,INR,Subscription
INV00257,CLT031,PRJ005,CON014,11-05-2026,05-07-2026,1250307,225055.26,39478,1475362.26,Paid,SGD,One-time
INV00258,CLT040,PRJ012,CON056,17-07-2025,11-08-2025,4577523,823954.14,87836,5401477.14,Paid,INR,Subscription
INV00259,CLT030,PRJ002,CON007,01-05-2026,28-06-2026,490037,88206.66,42688,578243.66,Paid,INR,Milestone
INV00260,CLT013,PRJ013,CON058,07-11-2025,21-12-2025,1901053,342189.54,94348,2243242.54,Partial,SGD,Milestone
INV00261,CLT018,PRJ005,CON008,11-10-2025,28-11-2025,3955184,711933.12,64122,4667117.12,Partial,SGD,Milestone
INV00262,CLT021,PRJ014,CON038,20-10-2025,04-12-2025,1915681,344822.58,91311,2260503.58,Paid,USD,Subscription
INV00263,CLT027,PRJ007,CON009,03-09-2025,26-09-2025,3056524,550174.32,92161,3606698.32,Pending,INR,Support
INV00264,CLT034,PRJ002,CON019,19-12-2025,06-01-2026,3622727,652090.86,14544,4274817.86,Paid,SGD,Support
INV00265,CLT005,PRJ018,CON046,08-10-2025,05-12-2025,1767253,318105.54,55434,2085358.54,Partial,SGD,One-time
INV00266,CLT035,PRJ018,CON058,05-04-2026,08-05-2026,2501691,450304.38,10085,2951995.38,Paid,INR,Subscription
INV00267,CLT014,PRJ017,CON041,26-03-2026,24-04-2026,240339,43261.02,68107,283600.02,Overdue,USD,One-time
INV00268,CLT036,PRJ015,CON030,12-10-2025,14-11-2025,2600827,468148.86,59759,3068975.86,Partial,USD,Milestone
INV00269,CLT010,PRJ006,CON016,27-05-2026,04-07-2026,1030773,185539.14,58776,1216312.14,Partial,SGD,Milestone
INV00270,CLT021,PRJ005,CON001,29-10-2025,15-11-2025,4631401,833652.18,18274,5465053.18,Partial,SGD,Subscription
INV00271,CLT013,PRJ019,CON034,25-02-2026,19-04-2026,1913477,344425.86,67050,2257902.86,Paid,SGD,Subscription
INV00272,CLT024,PRJ001,CON019,08-03-2026,18-04-2026,2943400,529812,18293,3473212,Overdue,SGD,Subscription
INV00273,CLT006,PRJ001,CON027,09-10-2025,26-10-2025,2342848,421712.64,39582,2764560.64,Partial,INR,One-time
INV00274,CLT031,PRJ004,CON042,29-01-2026,21-03-2026,2463310,443395.8,57156,2906705.8,Paid,USD,One-time
INV00275,CLT017,PRJ006,CON038,23-11-2025,26-12-2025,540820,97347.6,69417,638167.6,Paid,USD,Subscription
INV00276,CLT021,PRJ011,CON053,09-10-2025,19-11-2025,2575577,463603.86,44605,3039180.86,Pending,INR,Milestone
INV00277,CLT035,PRJ018,CON045,31-12-2025,22-02-2026,1006022,181083.96,68566,1187105.96,Overdue,USD,One-time
INV00278,CLT015,PRJ010,CON009,22-11-2025,18-01-2026,1810273,325849.14,67302,2136122.14,Paid,USD,Subscription
INV00279,CLT007,PRJ004,CON059,19-04-2026,19-05-2026,1773030,319145.4,66179,2092175.4,Pending,SGD,Subscription
INV00280,CLT007,PRJ007,CON059,09-09-2025,08-10-2025,4279496,770309.28,53422,5049805.28,Paid,INR,Subscription
INV00281,CLT024,PRJ010,CON036,25-11-2025,22-12-2025,390649,70316.82,9123,460965.82,Pending,SGD,Support
INV00282,CLT029,PRJ017,CON043,02-11-2025,12-12-2025,763081,137354.58,16090,900435.58,Partial,INR,Milestone
INV00283,CLT026,PRJ012,CON031,07-08-2025,25-08-2025,3442718,619689.24,8942,4062407.24,Pending,USD,Support
INV00284,CLT040,PRJ004,CON049,15-01-2026,31-01-2026,691873,124537.14,4141,816410.14,Overdue,SGD,Support
INV00285,CLT003,PRJ002,CON012,11-12-2025,31-01-2026,4719657,849538.26,88476,5569195.26,Overdue,INR,Support
INV00286,CLT026,PRJ009,CON032,05-04-2026,17-05-2026,3219196,579455.28,45238,3798651.28,Pending,USD,One-time
INV00287,CLT005,PRJ010,CON008,24-10-2025,15-12-2025,2881945,518750.1,2914,3400695.1,Overdue,SGD,One-time
INV00288,CLT014,PRJ011,CON032,18-07-2025,20-08-2025,4267528,768155.04,34754,5035683.04,Overdue,INR,Subscription
INV00289,CLT022,PRJ009,CON005,16-11-2025,26-12-2025,4801544,864277.92,32933,5665821.92,Pending,SGD,Support
INV00290,CLT032,PRJ007,CON043,12-09-2025,06-10-2025,3969957,714592.26,31506,4684549.26,Overdue,SGD,Milestone
INV00291,CLT027,PRJ009,CON053,13-01-2026,28-02-2026,2457904,442422.72,73377,2900326.72,Paid,INR,Support
INV00292,CLT018,PRJ018,CON012,27-09-2025,27-10-2025,404270,72768.6,14671,477038.6,Pending,INR,Subscription
INV00293,CLT021,PRJ011,CON054,13-02-2026,26-03-2026,4951683,891302.94,33332,5842985.94,Partial,INR,Subscription
INV00294,CLT018,PRJ005,CON024,03-08-2025,11-09-2025,4036449,726560.82,40536,4763009.82,Paid,SGD,One-time
INV00295,CLT006,PRJ008,CON020,04-11-2025,10-12-2025,1814849,326672.82,94029,2141521.82,Overdue,INR,Support
INV00296,CLT036,PRJ011,CON030,29-07-2025,18-08-2025,279435,50298.3,14526,329733.3,Partial,INR,Milestone
INV00297,CLT012,PRJ019,CON053,04-06-2025,29-07-2025,2797943,503629.74,29977,3301572.74,Overdue,SGD,Subscription
INV00298,CLT017,PRJ005,CON006,12-04-2026,09-05-2026,3136337,564540.66,34891,3700877.66,Overdue,SGD,One-time
INV00299,CLT013,PRJ014,CON012,10-04-2026,25-05-2026,3476948,625850.64,17459,4102798.64,Partial,USD,One-time
INV00300,CLT005,PRJ004,CON036,31-05-2025,27-07-2025,542850,97713,48614,640563,Paid,INR,Milestone
INV00301,CLT022,PRJ015,CON009,02-12-2025,02-01-2026,802021,144363.78,80338,946384.78,Partial,USD,One-time
INV00302,CLT029,PRJ002,CON013,18-11-2025,17-01-2026,1296721,233409.78,73512,1530130.78,Overdue,USD,Support
INV00303,CLT011,PRJ017,CON053,25-05-2026,30-06-2026,2338341,420901.38,3402,2759242.38,Partial,USD,One-time
INV00304,CLT002,PRJ003,CON030,15-09-2025,20-10-2025,4075316,733556.88,7279,4808872.88,Overdue,USD,Subscription
INV00305,CLT002,PRJ007,CON011,28-05-2026,20-06-2026,3308998,595619.64,47060,3904617.64,Pending,USD,Subscription
INV00306,CLT039,PRJ014,CON006,02-05-2026,26-06-2026,3594491,647008.38,84833,4241499.38,Pending,USD,Subscription
INV00307,CLT020,PRJ008,CON034,04-01-2026,04-02-2026,3638074,654853.32,46590,4292927.32,Paid,SGD,One-time
INV00308,CLT012,PRJ013,CON003,27-05-2026,16-06-2026,748691,134764.38,97914,883455.38,Overdue,SGD,One-time
INV00309,CLT011,PRJ016,CON030,02-03-2026,24-03-2026,3448154,620667.72,2082,4068821.72,Overdue,USD,Milestone
INV00310,CLT035,PRJ007,CON006,10-12-2025,31-01-2026,2574282,463370.76,31801,3037652.76,Partial,SGD,Milestone
INV00311,CLT027,PRJ016,CON048,29-04-2026,16-06-2026,4904162,882749.16,2492,5786911.16,Overdue,SGD,Support
INV00312,CLT040,PRJ012,CON029,09-04-2026,02-05-2026,3709362,667685.16,38455,4377047.16,Partial,SGD,Support
INV00313,CLT006,PRJ016,CON009,15-09-2025,16-10-2025,1503671,270660.78,46798,1774331.78,Overdue,USD,Milestone
INV00314,CLT008,PRJ018,CON015,19-04-2026,01-06-2026,4129927,743386.86,59917,4873313.86,Pending,INR,Subscription
INV00315,CLT014,PRJ012,CON011,19-05-2026,01-07-2026,2500505,450090.9,54493,2950595.9,Partial,SGD,Subscription
INV00316,CLT027,PRJ012,CON041,24-07-2025,17-08-2025,2108994,379618.92,1303,2488612.92,Overdue,USD,Subscription
INV00317,CLT010,PRJ019,CON004,26-06-2025,19-08-2025,4410216,793838.88,19249,5204054.88,Pending,SGD,Support
INV00318,CLT020,PRJ003,CON003,02-06-2025,27-07-2025,4558318,820497.24,20975,5378815.24,Pending,INR,Subscription
INV00319,CLT004,PRJ012,CON017,09-04-2026,30-05-2026,4307213,775298.34,93670,5082511.34,Pending,SGD,Milestone
INV00320,CLT034,PRJ019,CON013,25-05-2026,13-06-2026,3080531,554495.58,48404,3635026.58,Paid,INR,Support
INV00321,CLT032,PRJ014,CON053,04-02-2026,26-03-2026,1416024,254884.32,48409,1670908.32,Paid,SGD,Subscription
INV00322,CLT010,PRJ004,CON024,29-07-2025,24-08-2025,2607892,469420.56,96948,3077312.56,Partial,SGD,Support
INV00323,CLT037,PRJ015,CON058,24-10-2025,13-11-2025,2883866,519095.88,81889,3402961.88,Partial,SGD,Support
INV00324,CLT006,PRJ006,CON046,23-07-2025,12-09-2025,258071,46452.78,99302,304523.78,Paid,SGD,Subscription
INV00325,CLT035,PRJ006,CON002,31-10-2025,17-11-2025,2356552,424179.36,64418,2780731.36,Overdue,INR,Subscription
INV00326,CLT008,PRJ004,CON035,19-08-2025,18-10-2025,1460594,262906.92,7667,1723500.92,Overdue,SGD,One-time
INV00327,CLT013,PRJ008,CON049,23-05-2026,08-06-2026,4965968,893874.24,53411,5859842.24,Pending,INR,Milestone
INV00328,CLT036,PRJ005,CON020,25-04-2026,14-06-2026,4816789,867022.02,59210,5683811.02,Partial,USD,Subscription
INV00329,CLT017,PRJ013,CON023,31-12-2025,01-02-2026,1834711,330247.98,56618,2164958.98,Paid,USD,Milestone
INV00330,CLT018,PRJ008,CON043,12-12-2025,08-02-2026,2748097,494657.46,22745,3242754.46,Partial,SGD,Support
INV00331,CLT035,PRJ001,CON058,13-07-2025,20-08-2025,3784413,681194.34,25295,4465607.34,Pending,USD,Support
INV00332,CLT020,PRJ008,CON015,01-05-2026,21-06-2026,4192367,754626.06,65578,4946993.06,Partial,INR,Support
INV00333,CLT017,PRJ019,CON055,02-06-2025,07-07-2025,1962310,353215.8,56694,2315525.8,Pending,SGD,Support
INV00334,CLT015,PRJ002,CON018,07-07-2025,03-08-2025,3573736,643272.48,21558,4217008.48,Paid,SGD,One-time
INV00335,CLT022,PRJ009,CON016,22-03-2026,13-05-2026,954632,171833.76,16361,1126465.76,Partial,INR,Subscription
INV00336,CLT029,PRJ002,CON020,13-04-2026,09-06-2026,3672528,661055.04,81789,4333583.04,Overdue,USD,Subscription
INV00337,CLT034,PRJ011,CON038,28-03-2026,12-05-2026,1664650,299637,94977,1964287,Partial,SGD,Support
INV00338,CLT023,PRJ010,CON038,23-12-2025,08-02-2026,4589442,826099.56,73328,5415541.56,Pending,INR,Subscription
INV00339,CLT030,PRJ020,CON045,31-12-2025,13-02-2026,2827849,509012.82,81778,3336861.82,Paid,USD,Milestone
INV00340,CLT001,PRJ012,CON001,08-10-2025,06-11-2025,668501,120330.18,34340,788831.18,Pending,INR,Milestone
INV00341,CLT007,PRJ001,CON054,13-11-2025,31-12-2025,1201282,216230.76,81684,1417512.76,Pending,USD,Support
INV00342,CLT025,PRJ012,CON021,08-04-2026,01-05-2026,3653244,657583.92,66619,4310827.92,Pending,INR,Support
INV00343,CLT033,PRJ012,CON032,07-06-2025,02-08-2025,4402784,792501.12,4797,5195285.12,Overdue,USD,Milestone
INV00344,CLT025,PRJ019,CON011,04-01-2026,09-02-2026,3188239,573883.02,55850,3762122.02,Pending,INR,Support
INV00345,CLT029,PRJ008,CON017,03-05-2026,20-05-2026,686598,123587.64,71568,810185.64,Paid,USD,Milestone
INV00346,CLT018,PRJ007,CON046,05-06-2025,20-07-2025,1206496,217169.28,85733,1423665.28,Pending,USD,Milestone
INV00347,CLT036,PRJ015,CON047,05-07-2025,25-08-2025,3920513,705692.34,16822,4626205.34,Overdue,INR,One-time
INV00348,CLT026,PRJ018,CON020,26-11-2025,23-12-2025,2785353,501363.54,62230,3286716.54,Overdue,USD,Subscription
INV00349,CLT003,PRJ020,CON032,27-09-2025,14-11-2025,275137,49524.66,1447,324661.66,Partial,USD,Milestone
INV00350,CLT005,PRJ013,CON058,27-11-2025,29-12-2025,1782077,320773.86,26437,2102850.86,Partial,SGD,Subscription
INV00351,CLT037,PRJ016,CON030,28-02-2026,26-03-2026,3931370,707646.6,80967,4639016.6,Overdue,USD,Support
INV00352,CLT035,PRJ010,CON043,02-02-2026,27-02-2026,609888,109779.84,33130,719667.84,Paid,USD,Milestone
INV00353,CLT030,PRJ013,CON022,12-09-2025,01-11-2025,3399922,611985.96,86117,4011907.96,Partial,USD,Milestone
INV00354,CLT002,PRJ020,CON007,22-08-2025,19-09-2025,1536768,276618.24,93639,1813386.24,Paid,SGD,Subscription
INV00355,CLT034,PRJ004,CON025,16-04-2026,27-05-2026,2636411,474553.98,3662,3110964.98,Partial,INR,Subscription
INV00356,CLT011,PRJ002,CON027,31-05-2025,21-06-2025,4349162,782849.16,46737,5132011.16,Partial,SGD,One-time
INV00357,CLT018,PRJ020,CON024,29-05-2026,26-07-2026,418586,75345.48,90927,493931.48,Partial,USD,Milestone
INV00358,CLT025,PRJ017,CON041,17-04-2026,07-05-2026,1999726,359950.68,7854,2359676.68,Paid,USD,Milestone
INV00359,CLT003,PRJ008,CON060,16-06-2025,22-07-2025,3772245,679004.1,31752,4451249.1,Overdue,SGD,Milestone
INV00360,CLT001,PRJ003,CON056,19-11-2025,09-12-2025,4174194,751354.92,55868,4925548.92,Partial,INR,Support
INV00361,CLT037,PRJ015,CON041,24-03-2026,09-04-2026,1739474,313105.32,99867,2052579.32,Partial,USD,Support
INV00362,CLT017,PRJ013,CON030,11-03-2026,26-03-2026,2615632,470813.76,65627,3086445.76,Partial,SGD,One-time
INV00363,CLT005,PRJ014,CON057,10-12-2025,04-02-2026,375703,67626.54,50506,443329.54,Pending,SGD,Support
INV00364,CLT010,PRJ009,CON039,04-10-2025,24-10-2025,3870765,696737.7,67965,4567502.7,Partial,INR,Milestone
INV00365,CLT025,PRJ019,CON020,19-08-2025,03-09-2025,3502826,630508.68,22072,4133334.68,Partial,USD,Support
INV00366,CLT011,PRJ006,CON024,10-02-2026,23-03-2026,1613636,290454.48,57767,1904090.48,Partial,INR,Subscription
INV00367,CLT022,PRJ001,CON038,10-02-2026,25-02-2026,2019478,363506.04,49239,2382984.04,Paid,SGD,One-time
INV00368,CLT022,PRJ011,CON053,18-11-2025,04-12-2025,2059885,370779.3,78893,2430664.3,Pending,INR,Subscription
INV00369,CLT031,PRJ017,CON027,11-12-2025,31-12-2025,1626512,292772.16,45656,1919284.16,Pending,SGD,Support
INV00370,CLT034,PRJ019,CON051,27-11-2025,27-12-2025,4283198,770975.64,31897,5054173.64,Overdue,INR,Milestone
INV00371,CLT025,PRJ009,CON015,07-09-2025,16-10-2025,2211144,398005.92,94036,2609149.92,Overdue,INR,Support
INV00372,CLT008,PRJ003,CON022,11-02-2026,18-03-2026,1628370,293106.6,47844,1921476.6,Paid,USD,Milestone
INV00373,CLT010,PRJ010,CON054,22-01-2026,08-03-2026,1886301,339534.18,82716,2225835.18,Paid,SGD,Milestone
INV00374,CLT014,PRJ008,CON045,25-01-2026,03-03-2026,490958,88372.44,99315,579330.44,Partial,INR,Support
INV00375,CLT007,PRJ005,CON021,06-03-2026,03-04-2026,4918611,885349.98,28591,5803960.98,Partial,SGD,Milestone
INV00376,CLT028,PRJ006,CON060,25-03-2026,16-04-2026,522542,94057.56,31569,616599.56,Pending,SGD,Support
INV00377,CLT029,PRJ012,CON001,13-12-2025,03-02-2026,1056636,190194.48,23736,1246830.48,Partial,INR,Support
INV00378,CLT035,PRJ006,CON026,10-04-2026,06-05-2026,215644,38815.92,78525,254459.92,Paid,SGD,Milestone
INV00379,CLT011,PRJ003,CON036,29-10-2025,01-12-2025,2203863,396695.34,86397,2600558.34,Partial,USD,Support
INV00380,CLT007,PRJ002,CON016,03-04-2026,15-05-2026,358146,64466.28,9746,422612.28,Partial,SGD,One-time
INV00381,CLT010,PRJ018,CON014,07-04-2026,12-05-2026,641883,115538.94,56836,757421.94,Pending,SGD,Support
INV00382,CLT027,PRJ003,CON022,01-03-2026,23-03-2026,796369,143346.42,23033,939715.42,Pending,INR,One-time
INV00383,CLT018,PRJ020,CON007,05-08-2025,04-10-2025,452345,81422.1,20380,533767.1,Overdue,USD,Milestone
INV00384,CLT027,PRJ015,CON012,28-01-2026,24-03-2026,3732263,671807.34,10416,4404070.34,Partial,USD,Subscription
INV00385,CLT032,PRJ001,CON028,27-04-2026,26-06-2026,4317136,777084.48,55702,5094220.48,Paid,USD,One-time
INV00386,CLT015,PRJ006,CON005,17-02-2026,22-03-2026,3129046,563228.28,39213,3692274.28,Partial,USD,Support
INV00387,CLT003,PRJ015,CON058,02-10-2025,17-10-2025,4145875,746257.5,13282,4892132.5,Paid,INR,Support
INV00388,CLT032,PRJ001,CON010,08-04-2026,03-05-2026,2148282,386690.76,18333,2534972.76,Partial,SGD,One-time
INV00389,CLT026,PRJ014,CON048,21-05-2026,25-06-2026,2828420,509115.6,98446,3337535.6,Pending,INR,Support
INV00390,CLT023,PRJ017,CON001,16-04-2026,28-05-2026,2033947,366110.46,32472,2400057.46,Paid,USD,Milestone
INV00391,CLT016,PRJ014,CON013,03-12-2025,30-12-2025,4025301,724554.18,19163,4749855.18,Partial,INR,Support
INV00392,CLT015,PRJ008,CON022,07-05-2026,25-05-2026,3624183,652352.94,23822,4276535.94,Pending,USD,Subscription
INV00393,CLT012,PRJ009,CON032,24-06-2025,11-08-2025,3099940,557989.2,79261,3657929.2,Partial,USD,One-time
INV00394,CLT039,PRJ004,CON003,13-03-2026,09-04-2026,4970434,894678.12,69934,5865112.12,Paid,INR,Milestone
INV00395,CLT036,PRJ012,CON058,29-12-2025,18-02-2026,3120331,561659.58,7968,3681990.58,Paid,INR,Milestone
INV00396,CLT033,PRJ013,CON036,06-04-2026,07-05-2026,3323628,598253.04,39768,3921881.04,Partial,SGD,Milestone
INV00397,CLT003,PRJ005,CON057,27-02-2026,06-04-2026,2379990,428398.2,42540,2808388.2,Partial,SGD,Subscription
INV00398,CLT001,PRJ012,CON015,19-12-2025,07-02-2026,2396208,431317.44,27021,2827525.44,Paid,SGD,Support
INV00399,CLT010,PRJ015,CON015,15-09-2025,10-11-2025,3689846,664172.28,36968,4354018.28,Partial,INR,Subscription
INV00400,CLT016,PRJ015,CON059,16-03-2026,08-04-2026,3426450,616761,32550,4043211,Paid,USD,Subscription
INV00401,CLT022,PRJ003,CON013,08-08-2025,02-10-2025,1217946,219230.28,71252,1437176.28,Pending,USD,Subscription
INV00402,CLT001,PRJ008,CON002,28-03-2026,18-04-2026,1951488,351267.84,36937,2302755.84,Overdue,SGD,One-time
INV00403,CLT028,PRJ017,CON022,08-02-2026,11-03-2026,1571403,282852.54,93232,1854255.54,Pending,USD,Subscription
INV00404,CLT031,PRJ003,CON008,10-05-2026,08-07-2026,4897297,881513.46,54256,5778810.46,Partial,USD,One-time
INV00405,CLT035,PRJ018,CON053,19-04-2026,05-05-2026,1980340,356461.2,47500,2336801.2,Partial,SGD,Support
INV00406,CLT030,PRJ005,CON054,22-01-2026,01-03-2026,4676320,841737.6,7088,5518057.6,Paid,SGD,Subscription
INV00407,CLT006,PRJ008,CON005,02-02-2026,10-03-2026,154670,27840.6,58192,182510.6,Partial,SGD,Subscription
INV00408,CLT001,PRJ013,CON054,19-05-2026,06-07-2026,3603588,648645.84,49487,4252233.84,Pending,SGD,Milestone
INV00409,CLT039,PRJ003,CON053,25-12-2025,13-01-2026,3979526,716314.68,47540,4695840.68,Paid,USD,One-time
INV00410,CLT039,PRJ001,CON049,16-08-2025,19-09-2025,2643087,475755.66,1111,3118842.66,Paid,SGD,One-time
INV00411,CLT023,PRJ005,CON045,27-01-2026,01-03-2026,866881,156038.58,21131,1022919.58,Partial,INR,Milestone
INV00412,CLT011,PRJ017,CON034,07-11-2025,26-11-2025,4439650,799137,19975,5238787,Overdue,INR,Support
INV00413,CLT007,PRJ015,CON021,16-02-2026,13-04-2026,1473694,265264.92,18408,1738958.92,Paid,INR,Subscription
INV00414,CLT009,PRJ015,CON024,20-06-2025,18-08-2025,4348987,782817.66,73505,5131804.66,Pending,SGD,Subscription
INV00415,CLT025,PRJ015,CON043,06-11-2025,03-12-2025,834361,150184.98,52628,984545.98,Paid,INR,One-time
INV00416,CLT031,PRJ004,CON018,22-08-2025,03-10-2025,3863282,695390.76,62050,4558672.76,Pending,SGD,Milestone
INV00417,CLT005,PRJ009,CON026,12-06-2025,07-07-2025,735425,132376.5,26031,867801.5,Pending,INR,One-time
INV00418,CLT023,PRJ019,CON025,29-03-2026,14-05-2026,133311,23995.98,41472,157306.98,Partial,USD,Subscription
INV00419,CLT029,PRJ019,CON007,27-04-2026,12-05-2026,356066,64091.88,48530,420157.88,Overdue,INR,One-time
INV00420,CLT023,PRJ018,CON028,21-11-2025,17-01-2026,4438666,798959.88,90249,5237625.88,Partial,SGD,Support
INV00421,CLT027,PRJ004,CON032,22-08-2025,13-09-2025,4619557,831520.26,25632,5451077.26,Pending,USD,Support
INV00422,CLT001,PRJ012,CON051,22-03-2026,07-04-2026,1928516,347132.88,20103,2275648.88,Overdue,SGD,One-time
INV00423,CLT026,PRJ007,CON040,02-09-2025,23-09-2025,3349388,602889.84,93064,3952277.84,Partial,USD,Milestone
INV00424,CLT002,PRJ014,CON001,25-10-2025,28-11-2025,1333864,240095.52,25405,1573959.52,Overdue,SGD,Milestone
INV00425,CLT038,PRJ004,CON008,23-08-2025,08-10-2025,3901442,702259.56,2877,4603701.56,Paid,INR,Support
INV00426,CLT021,PRJ015,CON052,24-09-2025,12-11-2025,1401435,252258.3,657,1653693.3,Paid,INR,Milestone
INV00427,CLT034,PRJ017,CON049,24-09-2025,14-10-2025,1327971,239034.78,45685,1567005.78,Partial,INR,One-time
INV00428,CLT018,PRJ013,CON007,28-03-2026,18-04-2026,4945996,890279.28,79599,5836275.28,Overdue,USD,Support
INV00429,CLT038,PRJ014,CON019,23-05-2026,30-06-2026,4500141,810025.38,19010,5310166.38,Partial,USD,One-time
INV00430,CLT015,PRJ018,CON005,24-09-2025,21-10-2025,3284570,591222.6,25837,3875792.6,Paid,SGD,Subscription
INV00431,CLT011,PRJ020,CON021,28-10-2025,15-12-2025,3261641,587095.38,5127,3848736.38,Paid,USD,One-time
INV00432,CLT020,PRJ009,CON021,15-08-2025,05-09-2025,2950985,531177.3,3838,3482162.3,Overdue,USD,Milestone
INV00433,CLT011,PRJ003,CON013,15-11-2025,13-01-2026,3144385,565989.3,80314,3710374.3,Paid,INR,Support
INV00434,CLT010,PRJ019,CON057,28-05-2026,26-06-2026,3516960,633052.8,12032,4150012.8,Overdue,SGD,One-time
INV00435,CLT014,PRJ003,CON005,20-08-2025,06-10-2025,4199053,755829.54,41072,4954882.54,Partial,USD,One-time
INV00436,CLT040,PRJ017,CON013,24-02-2026,09-04-2026,3407162,613289.16,24514,4020451.16,Paid,INR,One-time
INV00437,CLT036,PRJ003,CON023,03-04-2026,15-05-2026,3669463,660503.34,25419,4329966.34,Overdue,USD,One-time
INV00438,CLT004,PRJ008,CON008,22-05-2026,12-06-2026,1891968,340554.24,28821,2232522.24,Paid,USD,One-time
INV00439,CLT039,PRJ010,CON047,13-10-2025,07-11-2025,76062,13691.16,24555,89753.16,Pending,SGD,One-time
INV00440,CLT005,PRJ006,CON044,26-02-2026,14-04-2026,131653,23697.54,21928,155350.54,Overdue,INR,Milestone
INV00441,CLT017,PRJ016,CON017,01-09-2025,30-09-2025,3105880,559058.4,86424,3664938.4,Overdue,INR,Milestone
INV00442,CLT006,PRJ007,CON059,06-01-2026,27-02-2026,3219033,579425.94,54695,3798458.94,Overdue,SGD,One-time
INV00443,CLT023,PRJ010,CON008,28-05-2025,11-07-2025,119918,21585.24,5367,141503.24,Partial,USD,Milestone
INV00444,CLT001,PRJ002,CON017,09-07-2025,29-07-2025,1205268,216948.24,38116,1422216.24,Partial,INR,Milestone
INV00445,CLT020,PRJ020,CON020,09-11-2025,29-11-2025,1503762,270677.16,38972,1774439.16,Partial,USD,Support
INV00446,CLT033,PRJ012,CON030,11-05-2026,27-06-2026,3021193,543814.74,48904,3565007.74,Paid,USD,Milestone
INV00447,CLT030,PRJ017,CON030,04-07-2025,25-08-2025,505889,91060.02,88396,596949.02,Paid,USD,Subscription
INV00448,CLT010,PRJ010,CON041,13-03-2026,03-04-2026,2657941,478429.38,62094,3136370.38,Partial,SGD,Subscription
INV00449,CLT016,PRJ018,CON017,20-07-2025,22-08-2025,3733688,672063.84,37938,4405751.84,Partial,SGD,Subscription
INV00450,CLT027,PRJ014,CON010,20-06-2025,03-08-2025,284634,51234.12,94773,335868.12,Paid,SGD,Support
INV00451,CLT023,PRJ017,CON025,27-08-2025,22-10-2025,4353734,783672.12,63405,5137406.12,Pending,USD,Support
INV00452,CLT038,PRJ020,CON054,13-09-2025,04-10-2025,3437100,618678,22806,4055778,Paid,USD,Support
INV00453,CLT005,PRJ015,CON049,29-11-2025,14-01-2026,3190041,574207.38,57345,3764248.38,Partial,SGD,One-time
INV00454,CLT007,PRJ007,CON003,24-05-2026,14-07-2026,1229124,221242.32,62093,1450366.32,Paid,USD,One-time
INV00455,CLT005,PRJ019,CON006,06-02-2026,25-02-2026,1116967,201054.06,20691,1318021.06,Pending,INR,One-time
INV00456,CLT008,PRJ019,CON031,26-06-2025,26-07-2025,2256649,406196.82,64691,2662845.82,Paid,INR,Subscription
INV00457,CLT006,PRJ018,CON031,13-07-2025,29-07-2025,1136027,204484.86,25712,1340511.86,Pending,USD,Support
INV00458,CLT028,PRJ014,CON036,28-12-2025,17-01-2026,1205702,217026.36,77151,1422728.36,Pending,INR,Subscription
INV00459,CLT004,PRJ005,CON029,03-10-2025,29-11-2025,1564927,281686.86,10066,1846613.86,Pending,INR,Subscription
INV00460,CLT015,PRJ015,CON046,30-05-2026,10-07-2026,2589390,466090.2,92471,3055480.2,Pending,USD,Support
INV00461,CLT008,PRJ012,CON047,27-03-2026,05-05-2026,1240857,223354.26,39375,1464211.26,Paid,INR,Subscription
INV00462,CLT003,PRJ008,CON014,22-02-2026,10-03-2026,3232025,581764.5,44688,3813789.5,Pending,INR,Support
INV00463,CLT035,PRJ015,CON028,10-02-2026,02-03-2026,4853338,873600.84,32759,5726938.84,Overdue,SGD,One-time
INV00464,CLT039,PRJ001,CON008,09-05-2026,06-06-2026,2624423,472396.14,53557,3096819.14,Paid,USD,Subscription
INV00465,CLT018,PRJ009,CON056,02-07-2025,14-08-2025,4201764,756317.52,76007,4958081.52,Paid,INR,One-time
INV00466,CLT023,PRJ018,CON046,20-02-2026,11-03-2026,425248,76544.64,84133,501792.64,Paid,INR,Support
INV00467,CLT027,PRJ012,CON031,01-03-2026,22-04-2026,2516779,453020.22,93433,2969799.22,Paid,INR,One-time
INV00468,CLT006,PRJ003,CON060,16-10-2025,03-12-2025,1933922,348105.96,57805,2282027.96,Paid,SGD,One-time
INV00469,CLT024,PRJ008,CON030,12-04-2026,04-06-2026,2690871,484356.78,30192,3175227.78,Paid,USD,Support
INV00470,CLT038,PRJ005,CON039,24-09-2025,09-10-2025,2233378,402008.04,21859,2635386.04,Partial,SGD,Subscription
INV00471,CLT011,PRJ003,CON009,02-10-2025,24-11-2025,4369269,786468.42,80822,5155737.42,Partial,SGD,Subscription
INV00472,CLT028,PRJ010,CON049,14-11-2025,23-12-2025,4052255,729405.9,42000,4781660.9,Paid,INR,Support
INV00473,CLT037,PRJ017,CON058,16-09-2025,18-10-2025,4455643,802015.74,75384,5257658.74,Pending,INR,One-time
INV00474,CLT011,PRJ010,CON059,08-08-2025,25-08-2025,2226248,400724.64,70756,2626972.64,Paid,INR,Milestone
INV00475,CLT029,PRJ017,CON009,10-06-2025,17-07-2025,3857164,694289.52,10363,4551453.52,Overdue,USD,Milestone
INV00476,CLT033,PRJ003,CON046,06-04-2026,28-05-2026,2690817,484347.06,49310,3175164.06,Partial,SGD,Milestone
INV00477,CLT019,PRJ005,CON013,13-08-2025,06-10-2025,794167,142950.06,49845,937117.06,Partial,SGD,Milestone
INV00478,CLT026,PRJ020,CON023,01-05-2026,23-05-2026,4608481,829526.58,23094,5438007.58,Pending,USD,Support
INV00479,CLT032,PRJ020,CON027,02-11-2025,13-12-2025,2020148,363626.64,51298,2383774.64,Overdue,INR,Support
INV00480,CLT003,PRJ010,CON029,01-11-2025,17-11-2025,3487748,627794.64,94663,4115542.64,Paid,SGD,Subscription
INV00481,CLT004,PRJ017,CON014,20-11-2025,09-01-2026,3087496,555749.28,96119,3643245.28,Partial,USD,Milestone
INV00482,CLT011,PRJ010,CON020,08-10-2025,27-10-2025,253376,45607.68,66127,298983.68,Paid,USD,Support
INV00483,CLT026,PRJ007,CON054,13-10-2025,24-11-2025,2668837,480390.66,12197,3149227.66,Partial,INR,Milestone
INV00484,CLT025,PRJ001,CON032,07-10-2025,02-12-2025,3352135,603384.3,40712,3955519.3,Overdue,INR,One-time
INV00485,CLT006,PRJ005,CON026,19-12-2025,23-01-2026,4022128,723983.04,90308,4746111.04,Overdue,USD,Support
INV00486,CLT016,PRJ011,CON030,02-09-2025,20-10-2025,4101666,738299.88,98061,4839965.88,Paid,USD,Subscription
INV00487,CLT034,PRJ016,CON009,12-12-2025,05-01-2026,4639282,835070.76,38036,5474352.76,Pending,SGD,Milestone
INV00488,CLT009,PRJ006,CON034,23-01-2026,28-02-2026,4025113,724520.34,12414,4749633.34,Pending,SGD,Subscription
INV00489,CLT001,PRJ007,CON018,05-11-2025,29-11-2025,2433938,438108.84,13497,2872046.84,Overdue,USD,Milestone
INV00490,CLT037,PRJ019,CON039,02-03-2026,26-03-2026,2375636,427614.48,21603,2803250.48,Partial,INR,Support
INV00491,CLT031,PRJ011,CON020,19-05-2026,11-07-2026,4247450,764541,28036,5011991,Overdue,USD,Milestone
INV00492,CLT017,PRJ004,CON036,20-07-2025,15-08-2025,3702512,666452.16,97993,4368964.16,Pending,SGD,Subscription
INV00493,CLT024,PRJ009,CON033,16-10-2025,15-12-2025,159005,28620.9,61709,187625.9,Paid,SGD,Support
INV00494,CLT007,PRJ002,CON024,02-03-2026,06-04-2026,291902,52542.36,12776,344444.36,Partial,INR,One-time
INV00495,CLT038,PRJ012,CON034,17-06-2025,19-07-2025,168876,30397.68,79761,199273.68,Partial,SGD,Milestone
INV00496,CLT022,PRJ015,CON037,09-07-2025,06-08-2025,772219,138999.42,83616,911218.42,Paid,INR,One-time
INV00497,CLT013,PRJ005,CON020,17-02-2026,20-03-2026,497408,89533.44,91430,586941.44,Overdue,INR,Support
INV00498,CLT029,PRJ006,CON003,16-02-2026,07-04-2026,4959206,892657.08,97403,5851863.08,Pending,SGD,One-time
INV00499,CLT012,PRJ016,CON009,10-03-2026,20-04-2026,3969550,714519,62324,4684069,Paid,USD,One-time
INV00500,CLT012,PRJ001,CON029,12-05-2026,15-06-2026,3878943,698209.74,5259,4577152.74,Partial,USD,Milestone
