collection_id,invoice_id,client_id,project_id,payment_date,payment_amount,payment_mode,payment_status,outstanding_amount,collection_days,collector_name,remarks
COL00001,INV00001,CLT008,PRJ001,01-01-2026,2357113,UPI,Paid,234053,22,Wayne Martinez,Radio foot she give people.
COL00002,INV00002,CLT001,PRJ006,12-04-2026,3595146,Bank Transfer,Paid,582738,24,David Jackson,Picture little agree stay traditional partner black hand.
COL00003,INV00003,CLT024,PRJ019,03-01-2026,256399.21,Bank Transfer,Partial,173346,34,Connor Gentry,Father player blood break class follow natural.
COL00004,INV00004,CLT011,PRJ015,28-11-2025,2314486,Wire Transfer,Paid,721590,76,Brandon Stark,Partner high professional ten however.
COL00005,INV00005,CLT016,PRJ018,04-02-2026,1348374.51,Wire Transfer,Partial,612982,59,Brandon Curtis,American environmental up every friend challenge.
COL00006,INV00006,CLT001,PRJ004,31-08-2025,3282993.23,UPI,Partial,559572,103,Amanda Byrd,Class claim nothing may.
COL00007,INV00007,CLT034,PRJ001,18-04-2026,1008537.38,UPI,Pending,40845,19,Ryan Callahan,Out couple remain whose home experience.
COL00008,INV00008,CLT035,PRJ007,01-01-2026,1104508.97,Credit Card,Partial,783119,61,Lisa Norton,Build road poor near.
COL00009,INV00009,CLT014,PRJ018,20-07-2025,4840256,Wire Transfer,Paid,991262,36,Samuel Gray,Land clearly above sense option.
COL00010,INV00010,CLT029,PRJ005,27-12-2025,1589209,Wire Transfer,Paid,485100,36,Jane Wood,Democrat three although action use project continue husband.
COL00011,INV00011,CLT030,PRJ010,06-04-2026,4712122,Bank Transfer,Paid,1506611,67,Angela Ross,No day window push.
COL00012,INV00012,CLT016,PRJ013,30-10-2025,2552554.02,Bank Transfer,Pending,1214081,81,John Bailey,Able hair since our exactly north.
COL00013,INV00013,CLT014,PRJ017,21-01-2026,893445.82,Credit Card,Overdue,461826,13,Colleen Pitts,Now become want charge adult including might.
COL00014,INV00014,CLT019,PRJ020,23-10-2025,2926288,Wire Transfer,Paid,553614,69,Brenda Anderson,Father actually leader drop any task writer single.
COL00015,INV00015,CLT005,PRJ005,18-08-2025,352225,UPI,Paid,38821,60,Steven Smith,Market build human news.
COL00016,INV00016,CLT022,PRJ014,22-07-2025,1064253.4,Bank Transfer,Overdue,166931,105,Joshua Jackson,On any laugh weight television success society.
COL00017,INV00017,CLT035,PRJ011,04-04-2026,665881.16,UPI,Overdue,93620,79,Anita Nelson,Team stage rock music.
COL00018,INV00018,CLT021,PRJ004,31-03-2026,1292446.92,Credit Card,Partial,324308,90,Matthew Rose,Huge dream contain again over body cause.
COL00019,INV00019,CLT021,PRJ015,17-08-2025,2643708.8,Bank Transfer,Partial,448164,70,Calvin James,Nation though name of.
COL00020,INV00020,CLT027,PRJ019,15-03-2026,3271044,Wire Transfer,Paid,838132,36,Benjamin Hines,Add network information leave.
COL00021,INV00021,CLT029,PRJ020,23-05-2026,2227607.79,UPI,Overdue,1148970,62,David Palmer,Product through system question note laugh down.
COL00022,INV00022,CLT010,PRJ008,19-04-2026,1331823,Wire Transfer,Paid,67348,58,Zachary Barrett,Own theory organization cause itself spring.
COL00023,INV00023,CLT039,PRJ008,09-09-2025,646549.9,UPI,Overdue,457007,67,Franklin Hill,Piece then trial food even green inside art.
COL00024,INV00024,CLT014,PRJ015,29-12-2025,2881159,UPI,Paid,583546,101,Karen Gonzalez,Dog to low edge especially again.
COL00025,INV00025,CLT031,PRJ004,17-06-2026,1878419,Bank Transfer,Paid,733442,37,Kristina Smith,Friend be before whether time site born.
COL00026,INV00026,CLT020,PRJ020,08-07-2026,831496.31,UPI,Pending,296711,105,Manuel Mcclain,Up whom too here movement.
COL00027,INV00027,CLT040,PRJ018,24-06-2026,1922361.86,Credit Card,Partial,913465,110,Courtney Collins,Everybody toward strong artist possible large.
COL00028,INV00028,CLT018,PRJ020,19-01-2026,1058554.95,UPI,Overdue,10644,71,Dwayne Santos,Summer her arm their science number brother stage.
COL00029,INV00029,CLT034,PRJ012,04-10-2025,4666993,Wire Transfer,Paid,737800,94,Charles Rowland,Central compare avoid talk sound our sister.
COL00030,INV00030,CLT019,PRJ004,25-10-2025,589603.12,Credit Card,Partial,238533,51,Lori Delgado,Effort hold west now wall.
COL00031,INV00031,CLT017,PRJ016,12-12-2025,411428.67,Wire Transfer,Partial,128908,14,Larry Durham,Rock sign its role into.
COL00032,INV00032,CLT040,PRJ002,17-05-2026,393237.41,Credit Card,Partial,327950,32,Michael Holland,Less hold mission myself tough series.
COL00033,INV00033,CLT017,PRJ019,19-04-2026,913430.58,Wire Transfer,Partial,120351,74,Nathan Reid,Nation statement water draw.
COL00034,INV00034,CLT039,PRJ002,11-12-2025,3674119,UPI,Paid,1266079,37,Tamara Jones,Difficult if product form.
COL00035,INV00035,CLT031,PRJ012,04-07-2026,1018753.93,Bank Transfer,Pending,219361,114,Brenda Davenport,Serve maintain these significant senior yard issue.
COL00036,INV00036,CLT024,PRJ020,21-08-2025,1926993.83,Wire Transfer,Pending,927027,102,Lisa Brandt,Them whatever explain watch win professor reach.
COL00037,INV00037,CLT008,PRJ005,21-08-2025,1828798.03,Wire Transfer,Partial,739677,39,Dale Harris,Go any beautiful question former level approach.
COL00038,INV00038,CLT020,PRJ019,27-06-2026,1908613.13,Wire Transfer,Overdue,936477,73,Jonathan Stewart,General bank stand smile.
COL00039,INV00039,CLT032,PRJ002,15-12-2025,2664353.66,Wire Transfer,Overdue,696243,116,Carly Sandoval,Stand your just simple different.
COL00040,INV00040,CLT035,PRJ002,23-10-2025,623954,Credit Card,Paid,165455,92,Derek Yang,National financial letter run.
COL00041,INV00041,CLT016,PRJ017,12-09-2025,2051649.94,Wire Transfer,Overdue,1662033,28,Anna Martinez,Yes thing rate Mr coach.
COL00042,INV00042,CLT023,PRJ019,29-03-2026,2847685.64,Credit Card,Overdue,958054,113,Ryan Bruce,Exactly might test arm.
COL00043,INV00043,CLT039,PRJ016,26-03-2026,1113792.72,Bank Transfer,Partial,837665,34,Devin Williams,Night everybody fill alone be.
COL00044,INV00044,CLT019,PRJ011,29-08-2025,1309470.25,Wire Transfer,Pending,421097,21,Erica Ritter,Indeed him day song certainly bring production outside.
COL00045,INV00045,CLT017,PRJ018,19-09-2025,2411101.33,Credit Card,Pending,1411023,100,David Wilson,Even likely hospital market daughter.
COL00046,INV00046,CLT032,PRJ004,11-02-2026,1302954.45,Wire Transfer,Overdue,142254,54,David Howard,Receive million seek Republican first mother short.
COL00047,INV00047,CLT024,PRJ018,18-04-2026,1022563.68,UPI,Overdue,834959,40,Devin Morrow,Husband white and first as among.
COL00048,INV00048,CLT010,PRJ020,10-11-2025,2375949,UPI,Paid,151716,21,Tamara Butler,Scientist avoid letter shake create everybody range.
COL00049,INV00049,CLT029,PRJ012,19-07-2026,633109.61,Bank Transfer,Pending,264156,33,Jesse Hubbard,Rate production change so responsibility senior minute.
COL00050,INV00050,CLT018,PRJ020,01-04-2026,2554776.38,Wire Transfer,Overdue,1493492,46,Mrs. Sydney Matthews,Travel whom left game.
COL00051,INV00051,CLT021,PRJ014,08-12-2025,2188170,Wire Transfer,Paid,160053,92,Cameron Singh,Federal spring every end discuss step window.
COL00052,INV00052,CLT019,PRJ020,05-12-2025,2999822,Bank Transfer,Paid,1064121,32,Maria Jackson,By happy development speech tough open form.
COL00053,INV00053,CLT022,PRJ012,06-12-2025,1571740,Credit Card,Paid,593830,89,Douglas Peterson,Common start general note evening road.
COL00054,INV00054,CLT040,PRJ002,03-09-2025,413784.85,Bank Transfer,Pending,232318,89,Erika Scott,Career page each you recent summer accept.
COL00055,INV00055,CLT020,PRJ007,02-12-2025,598844.94,Wire Transfer,Overdue,133965,42,Clayton Olson,Participant policy lose provide about family local difference.
COL00056,INV00056,CLT037,PRJ013,06-05-2026,1997208.38,Credit Card,Overdue,241536,56,Bryan Young,Decade peace idea sell experience friend interview.
COL00057,INV00057,CLT033,PRJ004,17-12-2025,1681661.46,Wire Transfer,Partial,1627868,49,Courtney Patel,Important mother whom leg despite people.
COL00058,INV00058,CLT040,PRJ011,09-10-2025,1308747.54,Bank Transfer,Pending,922249,13,Matthew Madden,Be major system institution American security student.
COL00059,INV00059,CLT038,PRJ018,10-09-2025,125950.31,Wire Transfer,Partial,149856,88,Jill Olsen,Other there early western significant.
COL00060,INV00060,CLT019,PRJ013,02-07-2026,1314569.87,UPI,Pending,701810,13,Christian Yates,Agency door world teach message individual article.
COL00061,INV00061,CLT022,PRJ005,06-10-2025,2000172.53,Bank Transfer,Pending,1354812,90,Laura Brooks,Mean whole inside.
COL00062,INV00062,CLT011,PRJ006,10-08-2025,763689.23,Wire Transfer,Pending,45814,57,Jared Anderson,Impact PM page.
COL00063,INV00063,CLT039,PRJ005,23-04-2026,2147178,Wire Transfer,Paid,672324,66,Jeffrey Baird,Heavy black common.
COL00064,INV00064,CLT024,PRJ008,28-01-2026,446370.68,Bank Transfer,Pending,117722,8,Samantha Allen,Within per system effect.
COL00065,INV00065,CLT039,PRJ017,09-05-2026,437927.38,Credit Card,Overdue,124591,43,Scott Oliver,What two similar degree from age.
COL00066,INV00066,CLT006,PRJ017,02-08-2025,291818.78,Credit Card,Overdue,142627,69,Willie Camacho,Small police soldier help.
COL00067,INV00067,CLT012,PRJ015,07-08-2025,3229264.19,Wire Transfer,Overdue,382264,108,Karen Lane,Green six occur sense.
COL00068,INV00068,CLT023,PRJ002,22-03-2026,1985697.26,Bank Transfer,Overdue,261043,107,Molly Perry,Outside technology skin name Democrat require.
COL00069,INV00069,CLT021,PRJ004,20-07-2026,945324.61,Credit Card,Overdue,642768,62,Erika Nolan,Money size card this.
COL00070,INV00070,CLT039,PRJ015,03-03-2026,1108894,Credit Card,Paid,123729,104,Jamie Pierce,Leave establish easy organization I sit data local.
COL00071,INV00071,CLT002,PRJ006,22-06-2026,1697202.29,Bank Transfer,Partial,1177913,20,Lisa Parker,Role learn for natural.
COL00072,INV00072,CLT035,PRJ010,14-12-2025,1480735.29,Wire Transfer,Pending,165156,96,Samantha Collins,Up contain accept public.
COL00073,INV00073,CLT026,PRJ016,22-06-2026,1927805.35,Bank Transfer,Overdue,1205653,14,Larry Martin,Price bed data my.
COL00074,INV00074,CLT015,PRJ012,24-03-2026,938076.48,Bank Transfer,Partial,82690,37,Melissa Deleon,Human future country store today far home.
COL00075,INV00075,CLT014,PRJ019,07-05-2026,164836.53,Credit Card,Overdue,116522,85,Ryan Moon,There upon tonight forget school.
COL00076,INV00076,CLT023,PRJ013,10-10-2025,2467727.87,Credit Card,Overdue,1177867,18,Angela Carey,Long city knowledge by word pull thousand.
COL00077,INV00077,CLT033,PRJ015,13-02-2026,1168401.76,Bank Transfer,Partial,48604,16,Dr. Vincent Chen,Feeling guess pretty month center.
COL00078,INV00078,CLT026,PRJ012,13-01-2026,1694765.85,Credit Card,Overdue,1195967,76,Kristin Moore,Point treat watch call.
COL00079,INV00079,CLT003,PRJ002,27-03-2026,664136.52,Wire Transfer,Partial,174609,107,Karen Rodriguez,Young store the hour father.
COL00080,INV00080,CLT022,PRJ004,21-01-2026,2780478.39,UPI,Overdue,1670915,120,Taylor Benjamin,Billion maybe debate rise down audience dog.
COL00081,INV00081,CLT002,PRJ015,22-05-2026,2005027.98,UPI,Overdue,866040,93,Michael Kline,Account Mr blood subject dream next.
COL00082,INV00082,CLT017,PRJ020,05-02-2026,738120.52,Wire Transfer,Pending,292559,76,Kenneth Fischer,Produce best another eight region assume.
COL00083,INV00083,CLT003,PRJ010,03-01-2026,452661.52,UPI,Pending,231932,88,David Roman,Win nothing radio time.
COL00084,INV00084,CLT031,PRJ004,24-07-2025,682883.2,UPI,Overdue,288543,25,Christopher Brown,Happen campaign art meet measure science big second.
COL00085,INV00085,CLT032,PRJ006,19-11-2025,1745678.18,UPI,Pending,39286,6,Lisa Williams,Probably name life require.
COL00086,INV00086,CLT022,PRJ010,13-05-2026,506810.56,UPI,Pending,640632,114,Cynthia Perez,Measure clearly second born amount use.
COL00087,INV00087,CLT037,PRJ001,27-01-2026,1652928.86,Credit Card,Pending,130284,90,John Griffith,Between represent though time design who federal.
COL00088,INV00088,CLT014,PRJ008,25-05-2026,736777,Wire Transfer,Paid,234224,72,Abigail Stuart,Hospital movement beautiful create involve.
COL00089,INV00089,CLT006,PRJ017,24-11-2025,304420.25,Wire Transfer,Overdue,34588,70,Robert Torres,Hot player attention president do next.
COL00090,INV00090,CLT005,PRJ016,19-12-2025,1540775.8,Bank Transfer,Overdue,188724,103,Logan Gordon,Establish kind great appear indicate.
COL00091,INV00091,CLT015,PRJ001,15-05-2026,146226.33,UPI,Partial,60686,91,Patrick Castro,Throw baby way.
COL00092,INV00092,CLT039,PRJ002,26-01-2026,421084,Credit Card,Paid,115071,34,Susan Freeman,Whom yet despite chance realize.
COL00093,INV00093,CLT018,PRJ002,16-11-2025,1028762.32,UPI,Overdue,582851,68,Charles Hayes,Wrong season respond agent artist job.
COL00094,INV00094,CLT030,PRJ002,09-07-2025,1715803.87,Bank Transfer,Pending,1168715,72,Brittany Poole,Onto increase PM major.
COL00095,INV00095,CLT031,PRJ007,21-06-2026,1394063.14,Credit Card,Overdue,32157,32,Laura Francis,Argue our set million oil pressure.
COL00096,INV00096,CLT007,PRJ016,15-11-2025,1340573.18,Wire Transfer,Partial,777424,45,Walter Thompson,Bag ask crime family sometimes or draw.
COL00097,INV00097,CLT032,PRJ016,23-06-2025,1461246,UPI,Paid,177487,22,Rebecca Smith,Win expert compare crime.
COL00098,INV00098,CLT040,PRJ020,23-04-2026,4103410,Bank Transfer,Paid,1023104,7,John Brown,Per top low some.
COL00099,INV00099,CLT034,PRJ009,19-08-2025,1477122.25,Bank Transfer,Partial,832352,15,Dr. Deanna Middleton,Center individual eat.
COL00100,INV00100,CLT028,PRJ011,25-02-2026,649689.78,Bank Transfer,Overdue,22309,34,James Farley,School trouble edge number know general activity interest.
COL00101,INV00101,CLT026,PRJ003,27-04-2026,664402.27,Credit Card,Partial,408060,91,Amy Gonzalez,Career nation adult trip adult must born.
COL00102,INV00102,CLT015,PRJ012,24-05-2026,2142985.61,Credit Card,Pending,389520,92,Michael Livingston,Pretty part ago itself again sit provide.
COL00103,INV00103,CLT018,PRJ004,23-11-2025,782302,Wire Transfer,Paid,225957,62,William Fernandez,Possible good baby energy we.
COL00104,INV00104,CLT034,PRJ006,24-10-2025,2142374.09,UPI,Partial,291168,39,Wendy Brown,Find scientist although consider of age nearly.
COL00105,INV00105,CLT026,PRJ011,18-07-2026,1442696.07,UPI,Partial,923214,47,Sean Martin,Future may thing agreement to fight professional.
COL00106,INV00106,CLT008,PRJ019,24-01-2026,1948044.6,Wire Transfer,Partial,1429655,103,Jeffrey Fox,Never be left begin.
COL00107,INV00107,CLT026,PRJ018,23-07-2025,3558960,Wire Transfer,Paid,77102,106,William Warner,Heavy citizen begin bad car.
COL00108,INV00108,CLT034,PRJ018,07-11-2025,2311752.14,Wire Transfer,Partial,934865,52,Megan Madden,Pay baby for sport town authority.
COL00109,INV00109,CLT029,PRJ015,18-10-2025,613499,Wire Transfer,Paid,11713,108,Pamela Rodriguez,Next cover wear avoid education.
COL00110,INV00110,CLT012,PRJ014,01-06-2026,294882,Credit Card,Paid,80492,118,Samantha Weaver,Own maintain book actually head.
COL00111,INV00111,CLT032,PRJ017,27-08-2025,1212767.38,Credit Card,Partial,823224,80,Raymond Sanchez,Teach class television.
COL00112,INV00112,CLT037,PRJ013,12-01-2026,1247846.98,UPI,Partial,563483,93,Seth Hoffman,Black maintain inside young occur.
COL00113,INV00113,CLT027,PRJ016,27-05-2026,2169129.76,Bank Transfer,Pending,350755,15,Robert Green,Similar detail word remember note.
COL00114,INV00114,CLT003,PRJ015,12-11-2025,1883262,UPI,Paid,107391,99,Joseph Johnson,Much could maybe TV yet job think.
COL00115,INV00115,CLT023,PRJ018,21-03-2026,4569518,Credit Card,Paid,678750,95,Madison Burton,Us development lead first middle office common green.
COL00116,INV00116,CLT018,PRJ014,08-01-2026,2556441.42,Credit Card,Pending,1328813,106,Justin Smith,Service husband science hit.
COL00117,INV00117,CLT014,PRJ016,07-07-2025,1436135.85,Wire Transfer,Pending,708323,75,Ryan Woodard,Seek large certainly beat.
COL00118,INV00118,CLT018,PRJ003,01-08-2025,1250045.74,UPI,Overdue,172848,52,Scott Stokes,None challenge peace.
COL00119,INV00119,CLT001,PRJ011,23-06-2025,1061613,Bank Transfer,Paid,363872,21,Elizabeth Bailey,Kid partner table beat environment.
COL00120,INV00120,CLT010,PRJ014,10-11-2025,2168953.14,Bank Transfer,Overdue,181797,119,David Hernandez,Clearly finally enough see degree off.
COL00121,INV00121,CLT026,PRJ010,23-04-2026,507759,UPI,Paid,129731,54,Dana Scott,Full view home discussion culture.
COL00122,INV00122,CLT017,PRJ007,25-02-2026,438642.28,Credit Card,Overdue,104326,69,Tyler Wright,Address represent example.
COL00123,INV00123,CLT005,PRJ010,17-05-2026,3719898,Credit Card,Paid,121437,36,Laura Scott,Manager much father strategy suddenly.
COL00124,INV00124,CLT011,PRJ012,20-02-2026,1267058.07,Credit Card,Pending,123791,103,Steve Washington,Building get candidate available hand Mr well.
COL00125,INV00125,CLT008,PRJ008,19-07-2025,2194266.69,Credit Card,Pending,92354,114,Steven Harris,In why also local.
COL00126,INV00126,CLT004,PRJ006,08-06-2026,2931411.55,Wire Transfer,Pending,840800,13,Antonio Beck,News system article general coach tell race.
COL00127,INV00127,CLT035,PRJ008,28-08-2025,103501,Wire Transfer,Paid,1566,34,Jason Trevino,Speak test themselves offer billion official.
COL00128,INV00128,CLT015,PRJ017,07-03-2026,2303099.89,Credit Card,Overdue,178053,79,Wesley Estrada,Same address tough learn final here protect.
COL00129,INV00129,CLT013,PRJ005,02-09-2025,4954886,Credit Card,Paid,325919,18,Samuel Floyd,Middle end agent.
COL00130,INV00130,CLT006,PRJ008,12-06-2026,3373939,Bank Transfer,Paid,102656,91,Beth Moses,Worker big weight build.
COL00131,INV00131,CLT006,PRJ019,26-11-2025,1578884,Wire Transfer,Overdue,78629,7,Melissa Cook,Yeah our tough cup.
COL00132,INV00132,CLT014,PRJ006,26-11-2025,1221853.61,UPI,Pending,926336,24,Austin Pope,Everyone relationship identify.
COL00133,INV00133,CLT031,PRJ018,04-09-2025,3239082.14,UPI,Pending,1186256,69,Kimberly Mendez,Quickly sea lawyer prepare.
COL00134,INV00134,CLT015,PRJ019,07-11-2025,2376529.32,Credit Card,Pending,364300,27,Susan Gilbert,Thousand meet above try group relationship bill.
COL00135,INV00135,CLT039,PRJ008,12-01-2026,3069077.21,Credit Card,Pending,1433,47,Meghan Lopez,End however back public cover professor finally.
COL00136,INV00136,CLT007,PRJ011,13-07-2025,1838372.47,UPI,Pending,330309,98,Sarah Barron,Budget consider staff late provide development that.
COL00137,INV00137,CLT037,PRJ002,16-10-2025,1100926.1,Credit Card,Pending,218334,68,Lori Tate,Still cut technology right.
COL00138,INV00138,CLT029,PRJ014,08-09-2025,1187618.84,Wire Transfer,Partial,794217,49,Monica Holden,Thank phone bed our left.
COL00139,INV00139,CLT039,PRJ020,27-11-2025,2583903.6,UPI,Overdue,64997,60,Leah Johnson,Standard cultural large rich summer course happy.
COL00140,INV00140,CLT032,PRJ005,06-01-2026,1397434.49,Wire Transfer,Overdue,896754,16,Ronald Russell,Herself set about keep nor.
COL00141,INV00141,CLT025,PRJ006,13-10-2025,2288147.71,UPI,Partial,391292,62,Ashley Melton,Point whatever still style lay choose.
COL00142,INV00142,CLT035,PRJ016,25-07-2025,687427.46,UPI,Partial,313369,15,Christopher Smith MD,Right officer rate interesting ahead.
COL00143,INV00143,CLT005,PRJ003,26-10-2025,4717121,Bank Transfer,Paid,1157741,46,Sean Lewis,Power woman almost almost.
COL00144,INV00144,CLT032,PRJ019,16-11-2025,1884267.68,Credit Card,Overdue,361129,40,Matthew Reeves,Late clearly practice deep.
COL00145,INV00145,CLT015,PRJ005,28-07-2025,1253716.52,Wire Transfer,Overdue,565014,98,Stacey Rivera,Century him reveal quality resource artist.
COL00146,INV00146,CLT013,PRJ002,18-12-2025,195476.88,Wire Transfer,Overdue,6626,51,Jamie Hunter,Challenge industry sound deal mean.
COL00147,INV00147,CLT017,PRJ003,01-03-2026,150519.15,UPI,Partial,6507,25,Tracy Daugherty,Doctor space safe day.
COL00148,INV00148,CLT020,PRJ009,04-05-2026,2060265.46,Bank Transfer,Overdue,962588,37,Corey Johnson,Government book true family standard.
COL00149,INV00149,CLT020,PRJ007,15-04-2026,1886171.24,Wire Transfer,Overdue,503949,120,Rebecca Vasquez,Purpose window discussion send pull program successful.
COL00150,INV00150,CLT013,PRJ011,31-05-2026,1269076.25,UPI,Pending,560605,86,Ryan James,Body hard whose spring authority.
COL00151,INV00151,CLT020,PRJ014,08-12-2025,2829289,Credit Card,Paid,546432,79,Michael Wilcox,Business body those many.
COL00152,INV00152,CLT022,PRJ014,30-09-2025,2286913.82,Wire Transfer,Pending,663504,115,Diane Hall,Be them size loss college.
COL00153,INV00153,CLT026,PRJ014,21-01-2026,1489214.53,Wire Transfer,Pending,79115,73,Breanna Holt,Senior protect recognize deal.
COL00154,INV00154,CLT003,PRJ010,05-05-2026,2571115.54,UPI,Partial,1091123,81,Gary Lewis,Clearly through ok democratic edge.
COL00155,INV00155,CLT003,PRJ013,22-09-2025,2195715,UPI,Paid,560708,84,Susan Hudson,Family song support anything.
COL00156,INV00156,CLT027,PRJ004,05-07-2026,4414670,UPI,Paid,1306101,82,Luis Mitchell,Doctor likely time most two politics.
COL00157,INV00157,CLT036,PRJ016,08-07-2026,1792263,Credit Card,Paid,346663,35,Christopher Lopez,Grow option reason well fill toward now.
COL00158,INV00158,CLT003,PRJ010,11-12-2025,1299995.58,UPI,Partial,243062,17,Dr. Olivia Brown,North friend tough them.
COL00159,INV00159,CLT025,PRJ016,24-03-2026,2474089.72,UPI,Partial,349760,19,James Braun,Floor also sport Republican notice almost.
COL00160,INV00160,CLT005,PRJ009,29-10-2025,2686018,UPI,Paid,469730,90,John Ross,Green wide alone recently free.
COL00161,INV00161,CLT032,PRJ011,31-07-2025,2233287.8,Bank Transfer,Partial,105593,69,Matthew Lopez,Five music garden through thus.
COL00162,INV00162,CLT006,PRJ020,23-09-2025,1715047.2,Wire Transfer,Pending,533030,76,Debra Saunders MD,With this charge why during.
COL00163,INV00163,CLT022,PRJ012,04-01-2026,1019215.7,Credit Card,Overdue,547341,52,Grace Pierce,Forget unit front ever.
COL00164,INV00164,CLT008,PRJ015,10-01-2026,1756613.13,Wire Transfer,Overdue,282352,68,Michael Esparza,Shake part now rule yard general company.
COL00165,INV00165,CLT026,PRJ011,22-06-2026,2475919.4,UPI,Pending,289784,57,Angela Myers,Would through time response skin rest moment.
COL00166,INV00166,CLT008,PRJ012,30-08-2025,1631654.55,Credit Card,Pending,1196715,90,Jeffrey Ballard,Forward car firm play need so.
COL00167,INV00167,CLT019,PRJ007,25-10-2025,3503038.4,Wire Transfer,Partial,752211,109,Martin Silva,Loss rule book yard certainly natural.
COL00168,INV00168,CLT013,PRJ020,31-08-2025,1840400.42,Credit Card,Partial,1329150,95,Renee Mitchell,Hand far notice.
COL00169,INV00169,CLT017,PRJ001,20-03-2026,2219848.22,UPI,Pending,324651,10,Stephen Burke,How may question event.
COL00170,INV00170,CLT015,PRJ007,27-01-2026,2208987.97,Wire Transfer,Overdue,756647,42,Corey Adams,Interesting campaign accept talk phone cost party.
COL00171,INV00171,CLT002,PRJ017,10-10-2025,1295375.83,Wire Transfer,Partial,1066895,62,Amber Gonzalez,Audience fear agency nothing newspaper wait yet firm.
COL00172,INV00172,CLT028,PRJ003,03-05-2026,692016.24,Wire Transfer,Partial,481532,96,Ashley Flores,Matter sea exactly.
COL00173,INV00173,CLT005,PRJ019,03-12-2025,443704.24,Credit Card,Pending,55645,42,Tracy Brown,Its table party end might.
COL00174,INV00174,CLT024,PRJ001,15-06-2026,4706262,UPI,Paid,258442,10,David Garcia,Realize clear three management.
COL00175,INV00175,CLT012,PRJ019,03-02-2026,506242,Credit Card,Paid,143878,64,Bryan Wagner,Wide leader minute threat.
COL00176,INV00176,CLT040,PRJ010,22-10-2025,3167198.95,Wire Transfer,Partial,1186048,77,Matthew Howell,Modern writer all concern like.
COL00177,INV00177,CLT036,PRJ004,23-01-2026,737645,Credit Card,Paid,73401,119,Peter Barnes,Bad military manager.
COL00178,INV00178,CLT026,PRJ008,27-03-2026,1896510.65,Wire Transfer,Overdue,1797603,42,Kaylee Mcfarland,Movement small those pass radio available.
COL00179,INV00179,CLT005,PRJ009,02-06-2026,1186345.58,Wire Transfer,Overdue,701062,31,Emily Miller,Debate three at.
COL00180,INV00180,CLT017,PRJ013,25-09-2025,778980.95,UPI,Overdue,425556,50,Ashlee Moyer,Eat want successful hold long training while position.
COL00181,INV00181,CLT015,PRJ014,06-08-2025,2102118.64,Bank Transfer,Overdue,1009813,91,Tamara Parker,Blue follow especially issue research tonight.
COL00182,INV00182,CLT037,PRJ001,23-04-2026,931933.15,Wire Transfer,Partial,227114,62,Ronald Keller,Enough citizen their form myself TV strategy born.
COL00183,INV00183,CLT009,PRJ004,15-07-2026,1100345.18,Bank Transfer,Partial,528859,92,Tracy Knight,Including imagine usually represent indeed.
COL00184,INV00184,CLT034,PRJ014,09-12-2025,4094344,UPI,Paid,799510,49,Debra Lindsey,Floor note early health up.
COL00185,INV00185,CLT034,PRJ004,21-04-2026,110348,Wire Transfer,Paid,42896,31,Morgan Taylor,Society structure outside discussion.
COL00186,INV00186,CLT012,PRJ012,13-03-2026,3260709.41,Bank Transfer,Partial,532210,44,Christopher Schmitt,However very happy inside unit heavy.
COL00187,INV00187,CLT010,PRJ016,18-01-2026,1923246.35,Credit Card,Overdue,134386,38,Glenn House,Avoid notice because in.
COL00188,INV00188,CLT015,PRJ020,21-09-2025,202616.85,Credit Card,Overdue,62719,88,Jamie Miller,Group all tough someone.
COL00189,INV00189,CLT026,PRJ019,04-04-2026,1534587.93,Wire Transfer,Pending,426911,69,Terry Mclaughlin,Writer green short much choice together leave money.
COL00190,INV00190,CLT005,PRJ013,06-12-2025,1898700,UPI,Paid,735236,34,Charles Lane,Fast region property travel anyone exactly program.
COL00191,INV00191,CLT012,PRJ007,19-10-2025,1046879.64,Bank Transfer,Partial,253814,116,Amy Wallace,Office scene more special wide need dark.
COL00192,INV00192,CLT037,PRJ009,21-04-2026,725214.12,Bank Transfer,Overdue,293880,55,Jesse Wilson,Mouth exactly already necessary someone.
COL00193,INV00193,CLT040,PRJ009,03-09-2025,2443829.09,UPI,Partial,497316,39,Crystal Roman,Page might carry boy teach such difficult.
COL00194,INV00194,CLT028,PRJ013,08-02-2026,635694.97,Bank Transfer,Overdue,502869,99,Katie Johnson,Recognize lot fire get.
COL00195,INV00195,CLT029,PRJ011,13-10-2025,2430629.98,Credit Card,Overdue,1175139,76,Kevin Peters,After official indicate decade voice never.
COL00196,INV00196,CLT006,PRJ013,14-09-2025,1120629.19,Credit Card,Pending,662398,23,Rachel Thomas,Difference film traditional three.
COL00197,INV00197,CLT024,PRJ019,29-12-2025,2197697.36,Wire Transfer,Pending,350891,28,Mrs. Mary Clayton,Step region any they.
COL00198,INV00198,CLT006,PRJ013,20-03-2026,1133600.98,UPI,Partial,773422,41,Kim Parsons,Draw hospital buy star model.
COL00199,INV00199,CLT037,PRJ014,23-05-2026,2136816.23,Bank Transfer,Pending,728064,66,Nicholas Clark,Remain on result effort.
COL00200,INV00200,CLT019,PRJ020,26-01-2026,61719.5,Credit Card,Partial,24487,29,Peter Price,Thus detail trial agent.
COL00201,INV00201,CLT009,PRJ010,29-09-2025,3869694,Bank Transfer,Paid,949521,39,Paul Fischer,New over article quickly which.
COL00202,INV00202,CLT022,PRJ014,12-03-2026,2998084.78,Bank Transfer,Partial,972416,94,Justin Graves,Both home course mouth.
COL00203,INV00203,CLT003,PRJ007,30-06-2026,402512.89,UPI,Pending,109286,65,Tanner Huffman,General product often identify throughout catch early front.
COL00204,INV00204,CLT011,PRJ009,05-07-2026,677495.43,Bank Transfer,Overdue,413738,36,Michael Campos,Their war another system establish follow put since.
COL00205,INV00205,CLT007,PRJ005,02-03-2026,1307812.4,Credit Card,Overdue,585472,105,Stephanie Hamilton,Level could material technology total.
COL00206,INV00206,CLT035,PRJ012,16-06-2026,2653431.44,Credit Card,Overdue,1255522,115,Daisy Cabrera,Fast wall provide respond early.
COL00207,INV00207,CLT025,PRJ007,18-09-2025,1493210.01,Bank Transfer,Pending,1156511,24,Alicia Greer,Early future which throughout product onto history serious.
COL00208,INV00208,CLT032,PRJ017,28-01-2026,1562073.38,Credit Card,Partial,384150,33,Sarah Vasquez,Sing PM memory group TV.
COL00209,INV00209,CLT014,PRJ017,14-01-2026,585585.64,Bank Transfer,Partial,278743,54,Shelly Anderson,Treatment eye safe win.
COL00210,INV00210,CLT011,PRJ018,09-11-2025,1836168.09,Credit Card,Overdue,660927,75,Kevin Johnson,Huge cover house theory stage while.
COL00211,INV00211,CLT003,PRJ010,27-10-2025,64830.45,Credit Card,Partial,17705,118,Daniel Le,Nearly some wait usually education strong.
COL00212,INV00212,CLT015,PRJ009,08-09-2025,871544.58,Credit Card,Pending,598199,56,Riley Gregory,Of several impact.
COL00213,INV00213,CLT039,PRJ001,10-01-2026,1339396.57,Wire Transfer,Pending,639177,72,Wendy Davis,Do something argue.
COL00214,INV00214,CLT004,PRJ018,04-05-2026,948655.27,Wire Transfer,Partial,417885,69,Kristin Wilson,Piece sport line sell.
COL00215,INV00215,CLT027,PRJ014,31-03-2026,1123334.15,Bank Transfer,Partial,672637,49,Richard Adams,Teacher single start leave.
COL00216,INV00216,CLT022,PRJ004,20-04-2026,1636227.07,Credit Card,Pending,47706,47,Teresa Young,Education which ask note door out rich.
COL00217,INV00217,CLT001,PRJ003,12-02-2026,914570.39,Wire Transfer,Overdue,893473,89,Jose Ross,Happen market sure occur animal job.
COL00218,INV00218,CLT034,PRJ010,13-12-2025,1717151.74,Wire Transfer,Pending,1561100,25,James Horn,With continue pretty attack push follow kitchen.
COL00219,INV00219,CLT040,PRJ008,14-08-2026,939128.06,UPI,Overdue,160169,59,Carlos Bowen,Good low parent sometimes.
COL00220,INV00220,CLT005,PRJ018,27-02-2026,381539.22,Credit Card,Pending,166512,112,Katie Patel,Might newspaper call property left against issue apply.
COL00221,INV00221,CLT015,PRJ001,30-10-2025,361421.87,Credit Card,Pending,70300,69,Allen Green,None resource season direction.
COL00222,INV00222,CLT014,PRJ003,20-10-2025,2092807.13,Wire Transfer,Overdue,1027484,93,Andrew Barry,Kid might old again fight.
COL00223,INV00223,CLT003,PRJ018,16-12-2025,2329016.68,Bank Transfer,Pending,1322565,11,Julie Mata,Consider drop according sure participant.
COL00224,INV00224,CLT035,PRJ005,15-08-2026,1216215.27,Credit Card,Partial,945576,8,Renee Melton,Think hear air black.
COL00225,INV00225,CLT033,PRJ020,08-12-2025,1433863.42,Bank Transfer,Partial,798190,10,Lynn Rich,Arrive yet specific picture.
COL00226,INV00226,CLT030,PRJ016,27-12-2025,2581582.37,UPI,Overdue,12059,82,Antonio Zimmerman,Street many sense possible western president.
COL00227,INV00227,CLT003,PRJ005,04-01-2026,322060,Credit Card,Paid,75771,112,Benjamin Gonzalez,Field police police impact hot quite.
COL00228,INV00228,CLT025,PRJ003,19-04-2026,2128755.84,Bank Transfer,Pending,136159,42,Tonya Garcia,What difference particularly explain cause about grow.
COL00229,INV00229,CLT028,PRJ020,12-06-2026,843910.32,UPI,Overdue,742084,21,Diane Cruz,Agreement choice both likely.
COL00230,INV00230,CLT014,PRJ001,16-04-2026,1244216.04,Credit Card,Pending,266776,106,Anthony Crane,True together clear call.
COL00231,INV00231,CLT009,PRJ016,29-07-2025,3913943,Bank Transfer,Paid,702775,64,Brittany Greer,Over protect specific seven receive remain.
COL00232,INV00232,CLT035,PRJ006,03-04-2026,2371411.33,UPI,Pending,1248207,19,Kenneth Wilkinson,Program quality agent bill since food.
COL00233,INV00233,CLT003,PRJ007,07-12-2025,332872,Wire Transfer,Partial,265286,8,Mary Bond,Including especially long.
COL00234,INV00234,CLT003,PRJ020,08-04-2026,441839.5,Bank Transfer,Pending,244777,118,Brittany Johnson,Most church sort foreign data improve keep.
COL00235,INV00235,CLT040,PRJ018,13-11-2025,295685.42,Wire Transfer,Pending,284441,49,Amber Solis,Discuss control cup myself because.
COL00236,INV00236,CLT026,PRJ006,11-02-2026,3789945,Wire Transfer,Paid,745798,44,Dawn Burnett,Officer yet about gun simple.
COL00237,INV00237,CLT024,PRJ013,26-04-2026,1418515.55,Credit Card,Overdue,950603,67,Jessica Phillips PhD,Question responsibility though.
COL00238,INV00238,CLT030,PRJ013,25-11-2025,3518202,Bank Transfer,Paid,1302068,36,Samuel Rodriguez,Decade small pull.
COL00239,INV00239,CLT021,PRJ018,25-05-2026,2568095.87,Wire Transfer,Overdue,645997,56,Zachary Taylor,Leader wide Republican later.
COL00240,INV00240,CLT013,PRJ007,18-08-2025,2705814,Credit Card,Paid,638687,60,Isaiah Wilson,Voice outside perhaps dinner.
COL00241,INV00241,CLT038,PRJ013,29-10-2025,998119.86,Bank Transfer,Overdue,851512,53,Lisa Smith,State them field culture.
COL00242,INV00242,CLT006,PRJ005,21-08-2025,2559720.16,Credit Card,Overdue,1267580,59,Jason Hicks,Statement ground evening stay cause choice bank.
COL00243,INV00243,CLT037,PRJ016,12-08-2026,2017191.04,Credit Card,Pending,1216911,66,Dr. Aaron Myers,Number hit through single region better.
COL00244,INV00244,CLT030,PRJ017,13-12-2025,2348156.54,Credit Card,Pending,1538920,47,Cheyenne Harper,Capital note man high.
COL00245,INV00245,CLT005,PRJ009,29-08-2025,630237.3,Bank Transfer,Partial,147310,40,Christian Rhodes,Concern key physical stage trip.
COL00246,INV00246,CLT032,PRJ014,07-01-2026,1756594.04,UPI,Pending,923134,97,Kristi Hale,Model light old indeed current military.
COL00247,INV00247,CLT010,PRJ017,19-03-2026,3696815,Credit Card,Paid,605641,107,Danielle Ryan,Control claim speech interview drug.
COL00248,INV00248,CLT016,PRJ019,15-05-2026,1685155,UPI,Paid,353796,91,Joe Chen,Individual chair off physical.
COL00249,INV00249,CLT006,PRJ002,10-09-2025,1177826.42,Wire Transfer,Partial,669078,20,Todd White,Society mother floor act per finally.
COL00250,INV00250,CLT011,PRJ003,01-03-2026,203086.83,Wire Transfer,Pending,101866,47,Samantha Blair,Rich rich parent.
COL00251,INV00251,CLT017,PRJ004,27-02-2026,661693,Wire Transfer,Paid,131384,104,Denise Henry,Cultural animal person century reality student.
COL00252,INV00252,CLT005,PRJ018,11-12-2025,26450.72,Credit Card,Pending,22585,109,Benjamin Juarez,Identify growth opportunity low pass.
COL00253,INV00253,CLT013,PRJ010,14-04-2026,1642557.93,Credit Card,Overdue,1322499,93,Dawn Jackson,Task season inside machine do specific police deep.
COL00254,INV00254,CLT003,PRJ011,03-10-2025,1544156.68,UPI,Overdue,850411,20,Michael Stevens,Many bar may.
COL00255,INV00255,CLT020,PRJ004,27-01-2026,1481846,UPI,Paid,111496,19,Jermaine Garcia,Himself physical by note.
COL00256,INV00256,CLT018,PRJ005,13-02-2026,3532566,UPI,Paid,775793,75,Barbara Smith,Room government standard own.
COL00257,INV00257,CLT031,PRJ005,26-07-2026,1250307,Bank Transfer,Paid,142055,71,Candice Johnson,Than hour threat it hotel.
COL00258,INV00258,CLT040,PRJ012,09-08-2025,4577523,Credit Card,Paid,459855,64,Jamie Graham,Treatment lawyer address think.
COL00259,INV00259,CLT030,PRJ002,30-06-2026,490037,Credit Card,Paid,46107,25,Jasmine Owens,Fill actually college least education.
COL00260,INV00260,CLT013,PRJ013,02-01-2026,1171068.72,UPI,Partial,493869,79,Veronica Jensen,Whether collection federal among receive follow story.
COL00261,INV00261,CLT018,PRJ005,22-12-2025,2356460.8,Credit Card,Partial,877078,26,Edgar Pierce,Style will such five matter follow.
COL00262,INV00262,CLT021,PRJ014,27-12-2025,1915681,Wire Transfer,Paid,156206,78,Michael Campbell,Talk difference under customer.
COL00263,INV00263,CLT027,PRJ007,14-10-2025,1199602.74,Wire Transfer,Pending,501350,87,Christopher Ramirez,Large within turn debate already teach.
COL00264,INV00264,CLT034,PRJ002,24-01-2026,3622727,Wire Transfer,Paid,1284508,74,Bernard Shaw,Staff many tree successful nothing here issue.
COL00265,INV00265,CLT005,PRJ018,23-12-2025,578298.2,Credit Card,Partial,351199,35,Kristin Ochoa,Say cell why write.
COL00266,INV00266,CLT035,PRJ018,13-05-2026,2501691,Credit Card,Paid,651114,52,David Aguirre MD,Money ball friend continue look debate.
COL00267,INV00267,CLT014,PRJ017,10-05-2026,121574.49,Credit Card,Overdue,54596,92,Carrie Howard,Relationship I truth institution skin western before.
COL00268,INV00268,CLT036,PRJ015,19-11-2025,1584723.2,Credit Card,Partial,138364,119,Joshua Pope,Personal rise politics about career center.
COL00269,INV00269,CLT010,PRJ006,06-07-2026,584264.28,Bank Transfer,Partial,166003,78,Erik Vance,Information car production face yard recognize.
COL00270,INV00270,CLT021,PRJ005,05-12-2025,2102846.41,UPI,Partial,694745,87,Andrew Miller,Allow development customer common network.
COL00271,INV00271,CLT013,PRJ019,07-05-2026,1913477,Wire Transfer,Paid,205222,7,Catherine Bailey,At analysis better main bring fire.
COL00272,INV00272,CLT024,PRJ001,02-05-2026,1094413.93,Wire Transfer,Overdue,646101,62,Anthony Ayers,Produce feeling couple likely strong deep concern small.
COL00273,INV00273,CLT006,PRJ001,19-11-2025,1281655.57,UPI,Partial,183388,76,Veronica Dawson,Bank one understand.
COL00274,INV00274,CLT031,PRJ004,15-04-2026,2463310,Bank Transfer,Paid,188085,67,Megan Moran,Dark so interest learn better whose sure long.
COL00275,INV00275,CLT017,PRJ006,22-01-2026,540820,UPI,Paid,83802,64,Brandy Moore,Congress moment perhaps act.
COL00276,INV00276,CLT021,PRJ011,23-11-2025,904565.64,UPI,Pending,718739,94,Jerry Collins,Debate fine grow heavy role.
COL00277,INV00277,CLT035,PRJ018,08-03-2026,388428.7,Bank Transfer,Overdue,241430,14,Christopher Patel,Scientist owner argue southern think blood issue.
COL00278,INV00278,CLT015,PRJ010,12-02-2026,1810273,Bank Transfer,Paid,82423,59,Juan Lee,Television media war all production consider.
COL00279,INV00279,CLT007,PRJ004,14-05-2026,619767.68,UPI,Pending,209740,28,Amanda Gardner,Film economy certainly address unit difference.
COL00280,INV00280,CLT007,PRJ007,23-10-2025,4279496,Bank Transfer,Paid,995550,51,Lisa Rose,Large hold environmental debate Mr someone project list.
COL00281,INV00281,CLT024,PRJ010,09-01-2026,300620.42,UPI,Pending,86013,68,Kristin Swanson,Southern carry contain instead artist while stock.
COL00282,INV00282,CLT029,PRJ017,07-01-2026,548696.88,Credit Card,Partial,75165,55,Veronica Myers,Bit article parent building admit individual.
COL00283,INV00283,CLT026,PRJ012,31-08-2025,2200081.75,Wire Transfer,Pending,1072513,40,Kyle George,Sport water summer expect community.
COL00284,INV00284,CLT040,PRJ004,02-02-2026,512029.49,Wire Transfer,Overdue,258048,106,James Caldwell,Again while themselves travel everybody.
COL00285,INV00285,CLT003,PRJ002,01-03-2026,2973569.37,Wire Transfer,Overdue,1804307,104,Dillon Wyatt,Begin issue value art coach.
COL00286,INV00286,CLT026,PRJ009,15-05-2026,1628799.86,UPI,Pending,596508,46,Carrie Chavez,Goal travel play professor.
COL00287,INV00287,CLT005,PRJ010,03-01-2026,1408892.98,Credit Card,Overdue,41339,73,Troy Wheeler,Maybe remember friend notice set list theory.
COL00288,INV00288,CLT014,PRJ011,09-09-2025,1914669.69,UPI,Overdue,1604119,90,Christopher Archer,Environment any thousand situation heart citizen.
COL00289,INV00289,CLT022,PRJ009,25-01-2026,3052726.24,UPI,Pending,1113721,65,Natalie Gonzalez,Near happy evening state gun let do single.
COL00290,INV00290,CLT032,PRJ007,20-10-2025,2672641.58,Wire Transfer,Overdue,1337828,73,Katherine Ramos,Agree will half that war common.
COL00291,INV00291,CLT027,PRJ009,22-03-2026,2457904,Bank Transfer,Paid,168384,37,Sarah Smith,Close could decade resource very might.
COL00292,INV00292,CLT018,PRJ018,24-11-2025,226786.89,Credit Card,Pending,5218,12,Timothy Coleman,Glass share campaign without world available.
COL00293,INV00293,CLT021,PRJ011,13-04-2026,2699555.02,Bank Transfer,Partial,817785,108,Jonathan Bishop,Employee future team.
COL00294,INV00294,CLT018,PRJ005,13-09-2025,4036449,UPI,Paid,771205,110,Lisa Garza,Between clearly cause that moment similar mean.
COL00295,INV00295,CLT006,PRJ008,11-12-2025,1340049.32,UPI,Overdue,460163,85,John Roberts,Pm consumer agent performance.
COL00296,INV00296,CLT036,PRJ011,21-08-2025,118704.49,Wire Transfer,Partial,6828,87,Ashley Warner,Live fact fire.
COL00297,INV00297,CLT012,PRJ019,05-08-2025,2202159.61,Credit Card,Overdue,416628,15,Gloria Reed,Impact really cold own rise plan.
COL00298,INV00298,CLT017,PRJ005,28-05-2026,2111449.55,UPI,Overdue,1189594,20,Pamela Moore PhD,Every real process resource hospital account statement design.
COL00299,INV00299,CLT013,PRJ014,14-06-2026,2737052.03,UPI,Partial,60341,42,Joseph Rodriguez,He who cell reach get.
COL00300,INV00300,CLT005,PRJ004,26-08-2025,542850,Bank Transfer,Paid,87257,35,Brian Berry,Source visit pay institution.
COL00301,INV00301,CLT022,PRJ015,24-01-2026,447917.78,UPI,Partial,278094,60,Jessica Hodges,Occur show teacher list sister perhaps draw vote.
COL00302,INV00302,CLT029,PRJ002,19-01-2026,685809.61,UPI,Overdue,120513,28,Cody Walters,Eight show kid return feeling address save history.
COL00303,INV00303,CLT011,PRJ017,02-07-2026,1498072.59,Wire Transfer,Partial,934170,89,Denise White,Beat weight a western message read over.
COL00304,INV00304,CLT002,PRJ003,08-11-2025,2337512.05,Bank Transfer,Overdue,1317759,39,Kyle Ross Jr.,Why source later agree.
COL00305,INV00305,CLT002,PRJ007,17-07-2026,2369330.05,UPI,Pending,597553,87,Dr. Timothy Gutierrez,Already left reflect forward marriage.
COL00306,INV00306,CLT039,PRJ014,18-07-2026,1600812,Bank Transfer,Pending,1287374,28,Kyle Knight,Rich friend push.
COL00307,INV00307,CLT020,PRJ008,04-02-2026,3638074,Bank Transfer,Paid,1192305,11,Joe Mcdonald,Positive forget population believe human successful role.
COL00308,INV00308,CLT012,PRJ013,17-06-2026,550892.75,Wire Transfer,Overdue,156053,45,Jessica Hale,Music truth stage affect.
COL00309,INV00309,CLT011,PRJ016,01-04-2026,2515449.08,Wire Transfer,Overdue,1020731,43,Lauren Collins,Former interesting she whether very order.
COL00310,INV00310,CLT035,PRJ007,20-02-2026,1151774.19,Bank Transfer,Partial,485936,23,Ashley Sanchez,Fine statement put spring nearly.
COL00311,INV00311,CLT027,PRJ016,16-07-2026,2884636.31,Bank Transfer,Overdue,1533182,75,Kevin Mcknight,Strong music either think character produce thought.
COL00312,INV00312,CLT040,PRJ012,20-05-2026,2892937.67,Wire Transfer,Partial,338340,41,Jacob White,Song bank garden four expert.
COL00313,INV00313,CLT006,PRJ016,12-11-2025,582458.09,Bank Transfer,Overdue,163907,82,Renee Morrow,Wall car trial college.
COL00314,INV00314,CLT008,PRJ018,02-06-2026,3251614.92,Bank Transfer,Pending,713711,105,Caroline Hayes,Rich exist population according.
COL00315,INV00315,CLT014,PRJ012,26-07-2026,1056858.52,Credit Card,Partial,462965,102,Daniel Richards,Fill sister wind scientist me leader measure rich.
COL00316,INV00316,CLT027,PRJ012,01-09-2025,722096.57,Wire Transfer,Overdue,789794,101,Alexis Hunter,Degree minute recognize answer alone yourself.
COL00317,INV00317,CLT010,PRJ019,27-08-2025,2306959.85,Wire Transfer,Pending,879346,56,Jesus Marsh,Mother great gas color final huge.
COL00318,INV00318,CLT020,PRJ003,25-08-2025,1431063.94,Credit Card,Pending,817875,97,Daniel Martin,Sometimes first eye year.
COL00319,INV00319,CLT004,PRJ012,12-06-2026,2046652.23,UPI,Pending,259654,11,Brian Nelson,Build he mouth toward budget teach.
COL00320,INV00320,CLT034,PRJ019,13-07-2026,3080531,Wire Transfer,Paid,205495,23,Nicole Tucker,Buy set after reveal seem.
COL00321,INV00321,CLT032,PRJ014,16-04-2026,1416024,Bank Transfer,Paid,530354,21,Chelsea Silva,Soldier couple place establish development.
COL00322,INV00322,CLT010,PRJ004,23-09-2025,785087.31,Credit Card,Partial,392649,43,Hannah Dalton,Arm forward yard close try.
COL00323,INV00323,CLT037,PRJ015,03-12-2025,1423526.9,Credit Card,Partial,996624,111,Matthew Davis,Physical beat reason meeting day discover Mr.
COL00324,INV00324,CLT006,PRJ006,10-10-2025,258071,UPI,Paid,82589,106,Matthew Waters,Ten system one nice share history adult.
COL00325,INV00325,CLT035,PRJ006,23-11-2025,1107528.25,Wire Transfer,Overdue,215802,36,Daniel Jones,Without friend letter field everybody Republican up.
COL00326,INV00326,CLT008,PRJ004,02-11-2025,722950,UPI,Overdue,151030,28,Jennifer Martinez,Manager interest age.
COL00327,INV00327,CLT013,PRJ008,04-06-2026,3758580.03,Credit Card,Pending,1033852,70,Aaron Vazquez,Story rise purpose.
COL00328,INV00328,CLT036,PRJ005,08-07-2026,1447447.64,Credit Card,Partial,935292,15,Julie Simpson,Research these simple event fund production allow.
COL00329,INV00329,CLT017,PRJ013,28-02-2026,1834711,Credit Card,Paid,535118,41,Mark Davis,Affect mind few out she.
COL00330,INV00330,CLT018,PRJ008,06-03-2026,1588112.42,Wire Transfer,Partial,441710,63,Cassidy Nixon,Own win large prepare.
COL00331,INV00331,CLT035,PRJ001,16-08-2025,1153041.2,Credit Card,Pending,258821,50,Ronald Henson,You again staff society morning here stand.
COL00332,INV00332,CLT020,PRJ008,28-06-2026,1615061.38,UPI,Partial,77166,40,Bruce Scott,Remain book a have.
COL00333,INV00333,CLT017,PRJ019,04-08-2025,857564.4,Wire Transfer,Pending,764305,105,Teresa Anderson,Play field rock future guy enter.
COL00334,INV00334,CLT015,PRJ002,17-08-2025,3573736,Bank Transfer,Paid,941330,45,Howard Turner,Account truth win red likely common how.
COL00335,INV00335,CLT022,PRJ009,10-05-2026,751546.25,Wire Transfer,Partial,124968,48,Connie Bryant,Last expert something learn kid.
COL00336,INV00336,CLT029,PRJ002,03-07-2026,1934341.15,Wire Transfer,Overdue,213547,91,Courtney Franklin,Notice note I service glass.
COL00337,INV00337,CLT034,PRJ011,15-05-2026,654143.7,Bank Transfer,Partial,107677,6,Zachary Scott,Push bill recent figure guess there deal.
COL00338,INV00338,CLT023,PRJ010,15-02-2026,2345345.16,UPI,Pending,305397,23,Andrea Nunez,Grow line improve from build woman true.
COL00339,INV00339,CLT030,PRJ020,23-02-2026,2827849,Wire Transfer,Paid,628372,58,Michael Schroeder,Close campaign these while.
COL00340,INV00340,CLT001,PRJ012,06-12-2025,314134.47,UPI,Pending,15737,76,Richard Mills,Old defense subject especially.
COL00341,INV00341,CLT007,PRJ001,30-12-2025,887980.35,Bank Transfer,Pending,343340,105,Heather Smith,We over form box.
COL00342,INV00342,CLT025,PRJ012,01-05-2026,1478171.15,Wire Transfer,Pending,512857,10,Katherine Landry,Method how put well.
COL00343,INV00343,CLT033,PRJ012,09-08-2025,1804098.6,Wire Transfer,Overdue,375387,46,Luke Woods,Contain necessary sell need material pick feeling then.
COL00344,INV00344,CLT025,PRJ019,02-03-2026,1701803.85,Credit Card,Pending,1154591,15,Susan Robbins,Tax gas site statement hospital usually real across.
COL00345,INV00345,CLT029,PRJ008,05-06-2026,686598,UPI,Paid,43211,42,Lauren Peck,Picture new draw production lay address blood.
COL00346,INV00346,CLT018,PRJ007,29-07-2025,884039.51,UPI,Pending,394465,96,Mary Howard,Door others role fear.
COL00347,INV00347,CLT036,PRJ015,20-08-2025,3025369.71,Wire Transfer,Overdue,180094,45,Connie Bender,Owner worker issue reveal morning such close need.
COL00348,INV00348,CLT026,PRJ018,15-01-2026,1293575.54,Credit Card,Overdue,67547,22,Caroline Ayers,Daughter fish poor break artist.
COL00349,INV00349,CLT003,PRJ020,05-12-2025,127494.64,Wire Transfer,Partial,26083,13,Donna Chavez,End maintain order also.
COL00350,INV00350,CLT005,PRJ013,21-01-2026,1417718.09,Bank Transfer,Partial,215667,44,Sean Green,Have special respond avoid.
COL00351,INV00351,CLT037,PRJ016,01-04-2026,2079356.93,Bank Transfer,Overdue,81966,99,Brandon Salazar,Money matter mean growth outside investment you.
COL00352,INV00352,CLT035,PRJ010,26-03-2026,609888,Bank Transfer,Paid,190457,97,Sheila Miller,Me third green investment much because example.
COL00353,INV00353,CLT030,PRJ013,24-11-2025,2233037.39,UPI,Partial,831886,9,Victoria Stevens,Tonight hair prove protect commercial address technology.
COL00354,INV00354,CLT002,PRJ020,18-10-2025,1536768,UPI,Paid,130182,73,Wendy Lane,My time that month page.
COL00355,INV00355,CLT034,PRJ004,03-06-2026,1235312.31,Bank Transfer,Partial,109922,81,Michael Lee,Simple all scientist usually loss traditional area.
COL00356,INV00356,CLT011,PRJ002,11-07-2025,1682302.74,Credit Card,Partial,1710488,46,Tyler Holloway,Strong sort third.
COL00357,INV00357,CLT018,PRJ020,10-08-2026,195070.82,Wire Transfer,Partial,57294,57,Evan Gutierrez,Show Democrat surface difference me arm usually tree.
COL00358,INV00358,CLT025,PRJ017,25-05-2026,1999726,Wire Transfer,Paid,616005,95,Anthony Mitchell,Military east west.
COL00359,INV00359,CLT003,PRJ008,01-08-2025,2148881.53,UPI,Overdue,281578,40,Scott Serrano II,Standard middle likely realize.
COL00360,INV00360,CLT001,PRJ003,16-12-2025,1902311.63,UPI,Partial,403629,11,Michael Mclaughlin,Reach imagine receive three of eat.
COL00361,INV00361,CLT037,PRJ015,09-04-2026,893565.43,Credit Card,Partial,504544,15,Joshua Collins,Consider early tough treatment police difficult.
COL00362,INV00362,CLT017,PRJ013,16-04-2026,1427420.64,Wire Transfer,Partial,296983,53,John Williams,Election reach let far move.
COL00363,INV00363,CLT005,PRJ014,14-02-2026,250906.52,Wire Transfer,Pending,100879,77,Jennifer Combs,Class gas benefit which.
COL00364,INV00364,CLT010,PRJ009,29-10-2025,2856636.51,Wire Transfer,Partial,309051,37,Allison Peck,Provide south model black travel account.
COL00365,INV00365,CLT025,PRJ019,02-09-2025,1053612.54,Wire Transfer,Partial,229164,86,Matthew Pitts,Onto production he upon financial.
COL00366,INV00366,CLT011,PRJ006,28-03-2026,1184700.89,Bank Transfer,Partial,207639,67,Kim Mcconnell,Cold husband middle end laugh.
COL00367,INV00367,CLT022,PRJ001,23-03-2026,2019478,Wire Transfer,Paid,508763,91,Michael Carson,First head around three fall.
COL00368,INV00368,CLT022,PRJ011,16-12-2025,1512990.97,UPI,Pending,697385,56,Charles Woods,Whom paper pull remember.
COL00369,INV00369,CLT031,PRJ017,25-01-2026,1251669.91,Bank Transfer,Pending,337833,7,Michelle Cross,Billion although wrong worker network father bar.
COL00370,INV00370,CLT034,PRJ019,27-12-2025,1649958.57,Bank Transfer,Overdue,268144,68,Kathy Johnson,Kid range knowledge significant state bill.
COL00371,INV00371,CLT025,PRJ009,15-11-2025,1386298.45,Wire Transfer,Overdue,499439,119,Jessica Buchanan,Well task improve Mr rise particularly.
COL00372,INV00372,CLT008,PRJ003,15-04-2026,1628370,UPI,Paid,600665,52,Lisa Davis,Develop play wide hand body.
COL00373,INV00373,CLT010,PRJ010,03-04-2026,1886301,Credit Card,Paid,713011,63,Dylan Meadows,Final beat sit trade already front them.
COL00374,INV00374,CLT014,PRJ008,31-03-2026,243285.18,Credit Card,Partial,127796,98,Marcus Nelson,Wife miss can continue lot trial.
COL00375,INV00375,CLT007,PRJ005,29-03-2026,3283957.11,Credit Card,Partial,1688357,11,Ana Turner,Collection star weight indeed develop total.
COL00376,INV00376,CLT028,PRJ006,22-04-2026,284426.38,Wire Transfer,Pending,93214,65,Thomas Barker,Great majority teach live all fact.
COL00377,INV00377,CLT029,PRJ012,25-02-2026,572797.87,Credit Card,Partial,43325,20,Paige Martin,Often pass good test spring something.
COL00378,INV00378,CLT035,PRJ006,01-05-2026,215644,Wire Transfer,Paid,72883,109,Robert Cole,Know shoulder condition respond.
COL00379,INV00379,CLT011,PRJ003,27-12-2025,815269.58,Credit Card,Partial,36705,15,Theresa Allen,Sense phone various letter form rule stand money.
COL00380,INV00380,CLT007,PRJ002,20-05-2026,154123.55,Wire Transfer,Partial,37137,43,Michael Pierce,Music particularly occur program vote during get.
COL00381,INV00381,CLT010,PRJ018,22-05-2026,200880.45,Bank Transfer,Pending,192066,39,Edward Abbott,Local interest drug wife indeed late.
COL00382,INV00382,CLT027,PRJ003,18-04-2026,473372.5,Bank Transfer,Pending,174859,104,Dwayne Padilla,Well left analysis in professional until management.
COL00383,INV00383,CLT018,PRJ020,16-10-2025,167971.56,Bank Transfer,Overdue,83360,101,Jennifer Fleming,Health appear company society.
COL00384,INV00384,CLT027,PRJ015,24-03-2026,2481867.24,UPI,Partial,982863,69,Michael Jones,Human door practice hospital summer accept policy concern.
COL00385,INV00385,CLT032,PRJ001,06-07-2026,4317136,Bank Transfer,Paid,286111,66,Marie Gomez,Until crime first stock international process.
COL00386,INV00386,CLT015,PRJ006,30-03-2026,1397971.77,Bank Transfer,Partial,1077274,50,Daniel Reyes,Purpose culture management behind move sit choose next.
COL00387,INV00387,CLT003,PRJ015,12-11-2025,4145875,UPI,Paid,746049,5,Jamie Smith,These official book section.
COL00388,INV00388,CLT032,PRJ001,28-04-2026,1446965.77,Credit Card,Partial,493563,55,Christopher Evans,Official moment radio position century.
COL00389,INV00389,CLT026,PRJ014,14-07-2026,1558259.43,UPI,Pending,336199,90,Samantha Williams,North safe stage collection rich contain.
COL00390,INV00390,CLT023,PRJ017,24-06-2026,2033947,UPI,Paid,711259,111,Tina Jones,Yourself make attack sell teach.
COL00391,INV00391,CLT016,PRJ014,06-01-2026,1243136.42,Bank Transfer,Partial,216142,94,Melissa Black,Drive prepare who Mr by fish.
COL00392,INV00392,CLT015,PRJ008,09-06-2026,1088226.05,UPI,Pending,128659,70,Jack Meyers,Watch method single.
COL00393,INV00393,CLT012,PRJ009,23-08-2025,1299265.79,UPI,Partial,638282,19,Dawn Johnson,Who team former end star manage fact.
COL00394,INV00394,CLT039,PRJ004,06-04-2026,4970434,UPI,Paid,1853969,88,Jessica Carey,After drug carry suddenly.
COL00395,INV00395,CLT036,PRJ012,10-03-2026,3120331,Wire Transfer,Paid,246266,60,Jessica Franco,Loss example next try customer maybe teach.
COL00396,INV00396,CLT033,PRJ013,19-05-2026,1489589.72,Bank Transfer,Partial,1273429,39,Michael Charles,His explain outside goal believe skin television.
COL00397,INV00397,CLT003,PRJ005,06-05-2026,1840241.38,Credit Card,Partial,283571,116,Trevor Caldwell,Describe travel last always position.
COL00398,INV00398,CLT001,PRJ012,16-02-2026,2396208,Credit Card,Paid,268422,7,Susan Garcia,Girl player try sort skill.
COL00399,INV00399,CLT010,PRJ015,16-11-2025,1679175.53,Wire Transfer,Partial,311079,120,Ashley Garcia,Far cut speak court reveal hospital.
COL00400,INV00400,CLT016,PRJ015,20-04-2026,3426450,UPI,Paid,1104734,22,Michael Crawford,Across less end speak respond option.
COL00401,INV00401,CLT022,PRJ003,29-09-2025,378298.84,Bank Transfer,Pending,398286,77,Christine Young,Candidate once job figure.
COL00402,INV00402,CLT001,PRJ008,04-05-2026,659885.85,Bank Transfer,Overdue,404103,23,Jason Davis,Foot miss heavy ahead heavy.
COL00403,INV00403,CLT028,PRJ017,15-03-2026,1091226.34,UPI,Pending,157517,119,Becky Garcia,Training low decide rich suddenly out drive.
COL00404,INV00404,CLT031,PRJ003,18-07-2026,1807644.42,Wire Transfer,Partial,1524016,40,Brittany Sheppard,Happen majority many maintain.
COL00405,INV00405,CLT035,PRJ018,07-05-2026,1542304.41,Bank Transfer,Partial,87679,79,Crystal Robinson,Year contain capital growth game.
COL00406,INV00406,CLT030,PRJ005,28-02-2026,4676320,Wire Transfer,Paid,508553,31,Meghan Reeves,Close scientist course machine world international subject.
COL00407,INV00407,CLT006,PRJ008,14-03-2026,68578.29,Bank Transfer,Partial,54464,109,Michael Guzman,Cause world of box.
COL00408,INV00408,CLT001,PRJ013,26-07-2026,2420052.11,Bank Transfer,Pending,952728,75,James Warren,International stuff discuss.
COL00409,INV00409,CLT039,PRJ003,09-01-2026,3979526,UPI,Paid,656806,88,Erica Watson,Civil here loss us.
COL00410,INV00410,CLT039,PRJ001,02-10-2025,2643087,Wire Transfer,Paid,423049,86,Miranda Lewis,Identify western change recognize.
COL00411,INV00411,CLT023,PRJ005,01-03-2026,555832.82,Bank Transfer,Partial,213535,119,Brian Bradford,Can admit plan parent Mr road lead.
COL00412,INV00412,CLT011,PRJ017,21-11-2025,1548119.37,UPI,Overdue,715999,62,Kathleen Romero,Anything support artist recognize rock understand skill.
COL00413,INV00413,CLT007,PRJ015,09-05-2026,1473694,Bank Transfer,Paid,169316,13,Joseph Bradford,These trial pressure toward party free age.
COL00414,INV00414,CLT009,PRJ015,19-08-2025,1640790.67,Credit Card,Pending,657762,52,Danielle Carroll,Question very system heavy indicate operation.
COL00415,INV00415,CLT025,PRJ015,02-12-2025,834361,Credit Card,Paid,244254,64,Cameron Brady,Course political blood project executive him professor.
COL00416,INV00416,CLT031,PRJ004,29-09-2025,1263442.95,Wire Transfer,Pending,1143118,24,Jennifer Thornton,Approach each sport food.
COL00417,INV00417,CLT005,PRJ009,01-08-2025,566991.22,Wire Transfer,Pending,236674,116,Joseph Bird,Follow child near pay join truth.
COL00418,INV00418,CLT023,PRJ019,04-06-2026,92785.58,Credit Card,Partial,51319,119,Glenn Wright,Effort sure however director.
COL00419,INV00419,CLT029,PRJ019,26-05-2026,109702.38,Bank Transfer,Overdue,49193,58,Derek Elliott,Central form off heavy letter three speak impact.
COL00420,INV00420,CLT023,PRJ018,18-01-2026,2738894.91,Bank Transfer,Partial,704279,19,Kaitlin Cherry,Close take six stop thought left.
COL00421,INV00421,CLT027,PRJ004,30-09-2025,3581430.51,Wire Transfer,Pending,1328598,61,Samantha Pierce,Popular reason push fight.
COL00422,INV00422,CLT001,PRJ012,05-05-2026,1389273.64,Credit Card,Overdue,297380,39,Keith Smith,Mother month top let.
COL00423,INV00423,CLT026,PRJ007,13-10-2025,1849292.65,Credit Card,Partial,1211846,59,Amber Cooke,Reflect race yard.
COL00424,INV00424,CLT002,PRJ014,17-12-2025,884560.33,Credit Card,Overdue,82598,78,Michael Jones,Capital begin benefit land edge report.
COL00425,INV00425,CLT038,PRJ004,07-10-2025,3901442,Wire Transfer,Paid,257287,18,William Richardson,Chance several cut season try there can.
COL00426,INV00426,CLT021,PRJ015,10-12-2025,1401435,Credit Card,Paid,313267,6,Diana Norton,Until pay executive in.
COL00427,INV00427,CLT034,PRJ017,09-11-2025,708501.58,Wire Transfer,Partial,382615,19,Michael Hogan,Change them Republican avoid.
COL00428,INV00428,CLT018,PRJ013,05-05-2026,2545488.93,Credit Card,Overdue,1607359,80,Rebecca Lewis,Recently beat left think just around remember.
COL00429,INV00429,CLT038,PRJ014,15-07-2026,1625234.03,Bank Transfer,Partial,835309,8,Amber Atkinson,Camera station administration consider over by.
COL00430,INV00430,CLT015,PRJ018,16-11-2025,3284570,Wire Transfer,Paid,1262070,32,Scott Williams,Memory program shake.
COL00431,INV00431,CLT011,PRJ020,11-12-2025,3261641,Bank Transfer,Paid,1208827,7,Debra Wilson,Edge series training involve.
COL00432,INV00432,CLT020,PRJ009,31-08-2025,955874.56,UPI,Overdue,167283,76,Hannah Swanson,Newspaper receive theory.
COL00433,INV00433,CLT011,PRJ003,25-01-2026,3144385,UPI,Paid,10362,93,Jacob Martinez,Occur smile child glass nice.
COL00434,INV00434,CLT010,PRJ019,26-06-2026,2402438.86,Credit Card,Overdue,936965,90,Christopher Lawrence,Film themselves finish relate.
COL00435,INV00435,CLT014,PRJ003,10-10-2025,2747256.38,Bank Transfer,Partial,445593,6,Robin Barker,Best ready number wonder guy positive.
COL00436,INV00436,CLT040,PRJ017,05-04-2026,3407162,Wire Transfer,Paid,143947,40,Mary Hill,Scene lot receive miss onto spend.
COL00437,INV00437,CLT036,PRJ003,21-05-2026,1448428.11,Credit Card,Overdue,315873,55,Ashley Martin,Evening red ability how quickly.
COL00438,INV00438,CLT004,PRJ008,08-07-2026,1891968,UPI,Paid,55718,119,Denise Mora,Though raise hundred risk sort mission wind.
COL00439,INV00439,CLT039,PRJ010,11-11-2025,57041.53,Bank Transfer,Pending,6064,69,Daniel Rodriguez,City ask change draw.
COL00440,INV00440,CLT005,PRJ006,15-04-2026,90528.33,Credit Card,Overdue,23078,65,Isabel Bennett,Accept form ready remain.
COL00441,INV00441,CLT017,PRJ016,26-09-2025,1486465.48,UPI,Overdue,28439,110,Kyle Stafford,Piece current along debate.
COL00442,INV00442,CLT006,PRJ007,24-02-2026,1463570.85,Credit Card,Overdue,574460,117,Heather Kim,Fire special summer.
COL00443,INV00443,CLT023,PRJ010,13-07-2025,52944.83,Bank Transfer,Partial,44926,23,Karl Martin,Eat person my defense.
COL00444,INV00444,CLT001,PRJ002,15-08-2025,380947.06,UPI,Partial,460703,41,Amy Stark,What indeed machine fast hard even fly.
COL00445,INV00445,CLT020,PRJ020,18-12-2025,861528.31,Wire Transfer,Partial,456986,91,Brian Snyder,Leave fill human help difficult church travel.
COL00446,INV00446,CLT033,PRJ012,26-07-2026,3021193,Credit Card,Paid,978431,58,Robert Ho,Number activity society campaign both.
COL00447,INV00447,CLT030,PRJ017,02-09-2025,505889,UPI,Paid,14337,39,Amanda Perez,She former point.
COL00448,INV00448,CLT010,PRJ010,26-04-2026,1904051.19,Wire Transfer,Partial,1017024,84,Curtis Powers,Car really billion control large.
COL00449,INV00449,CLT016,PRJ018,17-09-2025,2910580.45,Credit Card,Partial,1294275,20,Melissa Porter,Report product case impact.
COL00450,INV00450,CLT027,PRJ014,15-08-2025,284634,Bank Transfer,Paid,59910,20,Andrew Chavez,Material movie gun laugh quality tree material.
COL00451,INV00451,CLT023,PRJ017,28-10-2025,3401474.44,Credit Card,Pending,365946,88,Kelly Campbell,Would newspaper some into.
COL00452,INV00452,CLT038,PRJ020,25-10-2025,3437100,Bank Transfer,Paid,94223,8,Melissa Jenkins,Military finish address travel society mother.
COL00453,INV00453,CLT005,PRJ015,19-01-2026,1316683.9,Wire Transfer,Partial,61780,27,Travis Cooper,Visit available activity wide lawyer.
COL00454,INV00454,CLT007,PRJ007,31-07-2026,1229124,UPI,Paid,2745,51,Brenda Phillips,Call between though card drive kitchen free.
COL00455,INV00455,CLT005,PRJ019,07-03-2026,376851.89,Credit Card,Pending,271186,43,Brenda Richardson,Commercial my religious cause court.
COL00456,INV00456,CLT008,PRJ019,23-07-2025,2256649,Credit Card,Paid,31434,9,Brandon Herring,Space under minute play lot move report.
COL00457,INV00457,CLT006,PRJ018,25-07-2025,728159.92,Wire Transfer,Pending,379233,10,Christopher Perry,Imagine meet player then senior start will.
COL00458,INV00458,CLT028,PRJ014,15-02-2026,498633.67,Bank Transfer,Pending,229613,20,Christian Robinson,What generation some us fall current too car.
COL00459,INV00459,CLT004,PRJ005,28-12-2025,665249.57,UPI,Pending,45843,45,Kelsey Hart,Policy become glass politics identify religious.
COL00460,INV00460,CLT015,PRJ015,18-07-2026,1139051.75,UPI,Pending,384757,104,Gregory Howard,Final fund involve expect.
COL00461,INV00461,CLT008,PRJ012,03-05-2026,1240857,Credit Card,Paid,123262,94,Colleen Schroeder,Put energy explain health full.
COL00462,INV00462,CLT003,PRJ008,08-03-2026,2368657.87,Bank Transfer,Pending,904050,73,Sharon Hernandez,Skin worry easy play tonight against section.
COL00463,INV00463,CLT035,PRJ015,22-03-2026,2275080.7,Bank Transfer,Overdue,1191817,103,James Davis,Program civil forget look everybody.
COL00464,INV00464,CLT039,PRJ001,06-06-2026,2624423,Credit Card,Paid,554733,113,William Hernandez,One page force table past special.
COL00465,INV00465,CLT018,PRJ009,11-08-2025,4201764,UPI,Paid,476932,85,Lynn Oconnell,It blood glass smile style.
COL00466,INV00466,CLT023,PRJ018,24-03-2026,425248,UPI,Paid,61524,49,Eric Hicks,Draw career develop hot body Congress our public.
COL00467,INV00467,CLT027,PRJ012,30-04-2026,2516779,Wire Transfer,Paid,32670,25,Ashley Rowe,Member member sell get everybody.
COL00468,INV00468,CLT006,PRJ003,15-12-2025,1933922,UPI,Paid,527953,78,Annette Morales,About material school close scientist.
COL00469,INV00469,CLT024,PRJ008,25-06-2026,2690871,UPI,Paid,505511,61,Adam Lowe,City late article chance seat check west actually.
COL00470,INV00470,CLT038,PRJ005,08-11-2025,1137488.01,Wire Transfer,Partial,300820,48,Willie Murillo,Sign agreement most leader always treatment table garden.
COL00471,INV00471,CLT011,PRJ003,21-11-2025,3482600.36,Bank Transfer,Partial,813934,120,April Michael,May national book near military.
COL00472,INV00472,CLT028,PRJ010,29-12-2025,4052255,Credit Card,Paid,282288,98,Bryan Wright,Else five material buy.
COL00473,INV00473,CLT037,PRJ017,31-10-2025,1558286.59,UPI,Pending,1065831,113,Jessica Vazquez,Have color wide career eye lay team.
COL00474,INV00474,CLT011,PRJ010,20-08-2025,2226248,Wire Transfer,Paid,790069,18,Colton Gonzalez,Choose traditional field order.
COL00475,INV00475,CLT029,PRJ017,01-08-2025,2559925.67,UPI,Overdue,229879,96,Craig Sanders,Whom wrong believe large television.
COL00476,INV00476,CLT033,PRJ003,08-06-2026,1713172.73,Wire Transfer,Partial,908858,17,Christine Kent,Interesting able fact above year country everybody.
COL00477,INV00477,CLT019,PRJ005,31-10-2025,491476.06,UPI,Partial,112296,5,Kyle Wells,Push test chance federal.
COL00478,INV00478,CLT026,PRJ020,25-05-2026,3586125.27,Credit Card,Pending,619534,17,Amber Merritt,Final industry number decade woman share down.
COL00479,INV00479,CLT032,PRJ020,24-12-2025,1035527.14,Bank Transfer,Overdue,305062,39,Ryan Smith,Name address magazine view may some.
COL00480,INV00480,CLT003,PRJ010,06-12-2025,3487748,Bank Transfer,Paid,1200631,117,Robert Sharp,Other difficult short remain reduce clearly seven great.
COL00481,INV00481,CLT004,PRJ017,06-01-2026,2377393.22,Bank Transfer,Partial,416158,25,Bradley Reilly,Fill gun address safe.
COL00482,INV00482,CLT011,PRJ010,23-10-2025,253376,Bank Transfer,Paid,82779,103,Ms. Carol Perry DVM,Help present high.
COL00483,INV00483,CLT026,PRJ007,24-12-2025,2090882.11,Credit Card,Partial,891609,70,Evelyn Logan,Something already begin member.
COL00484,INV00484,CLT025,PRJ001,02-12-2025,1246610.84,Bank Transfer,Overdue,1146264,96,Dennis Lee,Father section science two near.
COL00485,INV00485,CLT006,PRJ005,04-02-2026,2959135.71,UPI,Overdue,1516308,112,Corey Mullins,National miss base however.
COL00486,INV00486,CLT016,PRJ011,25-10-2025,4101666,UPI,Paid,1163515,114,Shawn Vance,Democratic large trial.
COL00487,INV00487,CLT034,PRJ016,23-01-2026,3254024.24,Credit Card,Pending,837614,6,Jacob Rogers,Service remain such player decision own central thank.
COL00488,INV00488,CLT009,PRJ006,05-03-2026,2465326.9,Bank Transfer,Pending,666240,58,Catherine Martin,Record talk us.
COL00489,INV00489,CLT001,PRJ007,10-12-2025,1070915.11,Bank Transfer,Overdue,955788,116,Lynn Cook,Thank something left apply third food.
COL00490,INV00490,CLT037,PRJ019,10-04-2026,1751573.16,Bank Transfer,Partial,773078,116,Debra Hodge,State off beyond message stand.
COL00491,INV00491,CLT031,PRJ011,23-07-2026,3282195.61,UPI,Overdue,245988,35,Amber Short,Reach hand talk must worry minute receive.
COL00492,INV00492,CLT017,PRJ004,02-09-2025,1473296.33,UPI,Pending,730187,27,Daniel Gonzalez,City every various memory million.
COL00493,INV00493,CLT024,PRJ009,10-01-2026,159005,UPI,Paid,17893,9,Rhonda Robinson,Court various me top.
COL00494,INV00494,CLT007,PRJ002,13-04-2026,231099.31,Bank Transfer,Partial,93495,24,Brenda Shepherd,Read force able maybe movement all.
COL00495,INV00495,CLT038,PRJ012,09-08-2025,108816.66,UPI,Partial,54575,112,Anthony Keller,Recently answer none up receive meet.
COL00496,INV00496,CLT022,PRJ015,30-08-2025,772219,Bank Transfer,Paid,242748,16,Lori Roberts,Education final for window.
COL00497,INV00497,CLT013,PRJ005,15-04-2026,215015.84,Credit Card,Overdue,185051,41,Kevin Ward,Positive manager improve since too tax adult.
COL00498,INV00498,CLT029,PRJ006,15-04-2026,1712804.37,Credit Card,Pending,326535,73,Heather Allen,South value natural nice parent affect tend.
COL00499,INV00499,CLT012,PRJ016,06-05-2026,3969550,Bank Transfer,Paid,677361,52,Michael Ramirez,Many tree that marriage address arrive.
COL00500,INV00500,CLT012,PRJ001,12-07-2026,2643835.17,Bank Transfer,Partial,1207886,93,Christopher Ford,Pass them commercial worry reveal wonder.
