analysis_id,client_id,project_id,revenue_id,gross_revenue,actual_cost,net_profit,profit_margin_percentage,resource_cost,operational_cost,tax_cost,discount_cost,profitability_score,profitability_band,analysis_date
PRF00001,CLT008,PRJ001,REV00001,2357113,1199632,733200.66,37.93,331148,285514,424280.34,77236,57,High,09-11-2025
PRF00002,CLT001,PRJ006,REV00002,3595146,2151615,796404.72,27.01,678856,203709,647126.28,82397,79,Medium,02-03-2026
PRF00003,CLT024,PRJ019,REV00003,633470,265400,254045.4,48.91,279451,330043,114024.6,95568,55,High,01-12-2025
PRF00004,CLT011,PRJ015,REV00004,2314486,1596882,300996.52,15.86,581141,124905,416607.48,34718,48,Low,31-10-2025
PRF00005,CLT016,PRJ018,REV00005,2254036,1684914,163395.52,8.84,654816,181813,405726.48,72512,95,Low,29-11-2025
PRF00006,CLT001,PRJ004,REV00006,4554433,3396477,338158.06,9.05,899550,134698,819797.94,70697,89,Low,25-06-2025
PRF00007,CLT034,PRJ001,REV00007,2769218,2132367,138391.76,6.09,736059,271846,498459.24,27760,99,Low,07-03-2026
PRF00008,CLT035,PRJ007,REV00008,2664865,1902693,282496.3,12.93,349565,196002,479675.7,87684,71,Low,26-12-2025
PRF00009,CLT014,PRJ018,REV00009,4840256,3144505,824504.92,20.77,360735,150448,871246.08,24931,74,Medium,06-07-2025
PRF00010,CLT029,PRJ005,REV00010,1589209,927758,375393.38,28.81,497382,51130,286057.62,51173,56,Medium,15-11-2025
PRF00011,CLT030,PRJ010,REV00011,4712122,3272892,591048.04,15.3,723939,85631,848181.96,88501,95,Low,22-02-2026
PRF00012,CLT016,PRJ013,REV00012,4828783,2447864,1511738.06,38.18,690341,102418,869180.94,9602,74,High,26-09-2025
PRF00013,CLT014,PRJ017,REV00013,1161126,647431,304692.32,32,878480,340048,209002.68,20374,57,Medium,16-12-2025
PRF00014,CLT019,PRJ020,REV00014,2926288,1597489,802067.16,33.43,548462,344076,526731.84,1267,47,Medium,29-09-2025
PRF00015,CLT005,PRJ005,REV00015,352225,237677,51147.5,17.71,532322,62995,63400.5,23509,87,Low,16-07-2025
PRF00016,CLT022,PRJ014,REV00016,2131777,1132476,615581.14,35.22,772642,317075,383719.86,52386,83,High,17-06-2025
PRF00017,CLT035,PRJ011,REV00017,1017556,543973,290422.92,34.81,173372,398251,183160.08,43279,79,Medium,13-03-2026
PRF00018,CLT021,PRJ004,REV00018,2569285,1559470,547343.7,25.98,550770,461963,462471.3,76019,78,Medium,17-02-2026
PRF00019,CLT021,PRJ015,REV00019,3759105,2920535,161931.1,5.25,598216,370483,676638.9,9545,69,Low,22-06-2025
PRF00020,CLT027,PRJ019,REV00020,3271044,2345201,337055.08,12.57,724377,216355,588787.92,98992,97,Low,11-02-2026
PRF00021,CLT029,PRJ020,REV00021,4284386,2608694,904502.52,25.75,435239,333195,771189.48,10561,48,Medium,18-03-2026
PRF00022,CLT010,PRJ008,REV00022,1331823,757074,335020.86,30.68,883826,435159,239728.14,71582,91,Medium,22-02-2026
PRF00023,CLT039,PRJ008,REV00023,1890642,1042449,507877.44,32.76,152727,186396,340315.56,49689,60,Medium,03-08-2025
PRF00024,CLT014,PRJ015,REV00024,2881159,1947548,415002.38,17.57,751517,129892,518608.62,31266,48,Low,13-11-2025
PRF00025,CLT031,PRJ004,REV00025,1878419,1238990,301313.58,19.56,970917,378855,338115.42,31830,46,Low,13-04-2026
PRF00026,CLT020,PRJ020,REV00026,1065483,843645,30051.06,3.44,869440,323545,191786.94,85256,57,Low,02-05-2026
PRF00027,CLT040,PRJ018,REV00027,4105871,2617258,749556.22,22.26,322423,236030,739056.78,33862,61,Medium,05-04-2026
PRF00028,CLT018,PRJ020,REV00028,2367508,1529792,411564.56,21.2,709805,243472,426151.44,62031,75,Medium,19-11-2025
PRF00029,CLT034,PRJ012,REV00029,4666993,2560516,1266418.26,33.09,718226,448567,840058.74,68765,78,Medium,30-07-2025
PRF00030,CLT019,PRJ004,REV00030,1678376,981986,394282.32,28.65,561865,228628,302107.68,24164,43,Medium,12-09-2025
PRF00031,CLT017,PRJ016,REV00031,598140,344299,146175.8,29.8,717113,274830,107665.2,40026,76,Medium,14-10-2025
PRF00032,CLT040,PRJ002,REV00032,882431,461912,261681.42,36.16,576086,87318,158837.58,90096,54,High,12-03-2026
PRF00033,CLT017,PRJ019,REV00033,1709427,1129560,272170.14,19.42,666211,308890,307696.86,57377,45,Low,03-03-2026
PRF00034,CLT039,PRJ002,REV00034,3674119,2145604,867173.58,28.78,765620,476898,661341.42,64451,45,Medium,14-10-2025
PRF00035,CLT031,PRJ012,REV00035,2845993,1811704,522010.26,22.37,533321,78418,512278.74,24586,73,Medium,18-05-2026
PRF00036,CLT024,PRJ020,REV00036,4231663,3004242,465721.66,13.42,982277,109486,761699.34,60482,100,Low,27-07-2025
PRF00037,CLT008,PRJ005,REV00037,2498312,1532914,515701.84,25.17,380150,480204,449696.16,336,58,Medium,23-06-2025
PRF00038,CLT020,PRJ019,REV00038,4157400,1974587,1434481,42.08,930884,480308,748332,85461,49,High,07-05-2026
PRF00039,CLT032,PRJ002,REV00039,4263523,2943107,552981.86,15.82,853629,448145,767434.14,63956,95,Low,31-10-2025
PRF00040,CLT035,PRJ002,REV00040,623954,311124,200518.28,39.19,475876,246524,112311.72,56450,49,High,04-09-2025
PRF00041,CLT016,PRJ017,REV00041,4797348,3348778,585047.36,14.87,673149,132824,863522.64,9681,68,Low,26-07-2025
PRF00042,CLT023,PRJ019,REV00042,3609361,1968237,991439.02,33.5,819112,458059,649684.98,97605,43,Medium,14-01-2026
PRF00043,CLT039,PRJ016,REV00043,2450770,1793731,215900.4,10.74,867934,118897,441138.6,11813,98,Low,15-01-2026
PRF00044,CLT019,PRJ011,REV00044,3535492,1782539,1116564.44,38.51,194689,464545,636388.56,51717,40,High,02-08-2025
PRF00045,CLT017,PRJ018,REV00045,3865021,2318988,850329.22,26.83,246566,73774,695703.78,4877,59,Medium,23-07-2025
PRF00046,CLT032,PRJ004,REV00046,2019645,1371516,284592.9,17.18,997004,240151,363536.1,13022,83,Low,24-12-2025
PRF00047,CLT024,PRJ018,REV00047,3058774,1350491,1157703.68,46.16,952547,172158,550579.32,43064,89,High,21-02-2026
PRF00048,CLT010,PRJ020,REV00048,2375949,1850483,97795.18,5.02,219169,440943,427670.82,8330,70,Low,31-10-2025
PRF00049,CLT029,PRJ012,REV00049,964811,622905,168240.02,21.27,737846,127769,173665.98,8609,48,Medium,02-05-2026
PRF00050,CLT018,PRJ020,REV00050,4960394,3134143,933380.08,22.95,518098,268098,892870.92,95631,46,Medium,03-02-2026
PRF00051,CLT021,PRJ014,REV00051,2188170,1267751,526548.4,29.35,886730,271740,393870.6,94510,43,Medium,19-11-2025
PRF00052,CLT019,PRJ020,REV00052,2999822,1417194,1042660.04,42.39,836833,449722,539967.96,40499,98,High,25-10-2025
PRF00053,CLT022,PRJ012,REV00053,1571740,778906,509920.8,39.56,189083,77582,282913.2,20392,50,High,19-10-2025
PRF00054,CLT040,PRJ002,REV00054,734355,436402,165769.1,27.53,728437,78721,132183.9,1007,53,Medium,26-07-2025
PRF00055,CLT020,PRJ007,REV00055,1201208,881123,103867.56,10.55,181644,214133,216217.44,75465,67,Low,10-10-2025
PRF00056,CLT037,PRJ013,REV00056,3553870,2028705,885468.4,30.38,449247,458482,639696.6,22037,44,Medium,11-03-2026
PRF00057,CLT033,PRJ004,REV00057,4327787,2137759,1411026.34,39.76,570711,407110,779001.66,73989,81,High,06-10-2025
PRF00058,CLT040,PRJ011,REV00058,2701965,1397366,818245.3,36.93,722937,315849,486353.7,50394,69,High,16-08-2025
PRF00059,CLT038,PRJ018,REV00059,394123,275543,47637.86,14.74,739427,133228,70942.14,47696,63,Low,10-07-2025
PRF00060,CLT019,PRJ013,REV00060,2888429,1265189,1103322.78,46.58,188834,212310,519917.22,73259,64,High,16-04-2026
PRF00061,CLT022,PRJ005,REV00061,4465707,1982267,1679612.74,45.87,237414,363129,803827.26,49377,49,High,18-09-2025
PRF00062,CLT011,PRJ006,REV00062,1438643,1034390,145297.26,12.32,538997,134965,258955.74,26174,91,Low,03-07-2025
PRF00063,CLT039,PRJ005,REV00063,2147178,913585,847100.96,48.11,535050,77921,386492.04,51964,72,High,22-03-2026
PRF00064,CLT024,PRJ008,REV00064,734556,490384,111951.92,18.59,975522,128391,132220.08,71932,100,Low,06-12-2025
PRF00065,CLT039,PRJ017,REV00065,982702,544128,261687.64,32.47,536802,148206,176886.36,87080,82,Medium,25-03-2026
PRF00066,CLT006,PRJ017,REV00066,617735,384997,121545.7,24,469412,336268,111192.3,44374,92,Medium,21-07-2025
PRF00067,CLT012,PRJ015,REV00067,4064210,2950530,382122.2,11.47,889882,389162,731557.8,25048,58,Low,13-06-2025
PRF00068,CLT023,PRJ002,REV00068,2834386,1706730,617466.52,26.57,962287,144611,510189.48,71496,58,Medium,23-01-2026
PRF00069,CLT021,PRJ004,REV00069,2800791,1740317,556331.62,24.22,812413,133879,504142.38,4081,49,Medium,01-06-2026
PRF00070,CLT039,PRJ015,REV00070,1108894,478806,430487.08,47.34,781113,196113,199600.92,32717,47,High,26-12-2025
PRF00071,CLT002,PRJ006,REV00071,4393162,2568835,1033557.84,28.69,464301,422003,790769.16,8511,75,Medium,15-05-2026
PRF00072,CLT035,PRJ010,REV00072,2566218,1919204,185094.76,8.8,741674,95201,461919.24,8617,59,Low,17-10-2025
PRF00073,CLT026,PRJ016,REV00073,3495999,2257043,609676.18,21.27,418897,136327,629279.82,21229,60,Medium,29-05-2026
PRF00074,CLT015,PRJ012,REV00074,2432769,1860132,134738.58,6.75,147670,386306,437898.42,75598,56,Low,22-01-2026
PRF00075,CLT014,PRJ019,REV00075,304056,186900,62425.92,25.04,427766,426629,54730.08,41853,86,Medium,13-04-2026
PRF00076,CLT023,PRJ013,REV00076,3158316,2343317,246502.12,9.52,427905,149527,568496.88,20885,71,Low,15-08-2025
PRF00077,CLT033,PRJ015,REV00077,2638225,2098351,64993.5,3,377319,431423,474880.5,47943,88,Low,29-12-2025
PRF00078,CLT026,PRJ012,REV00078,3410322,1471413,1325051.04,47.38,731728,316926,613857.96,52610,72,High,06-12-2025
PRF00079,CLT003,PRJ002,REV00079,1199544,853944,129682.08,13.18,597960,477687,215917.92,2180,63,Low,25-01-2026
PRF00080,CLT022,PRJ004,REV00080,4946448,2623826,1432261.36,35.31,700383,417274,890360.64,14404,52,High,20-11-2025
PRF00081,CLT002,PRJ015,REV00081,3562983,1742767,1178879.06,40.35,458955,336404,641336.94,46437,83,High,24-03-2026
PRF00082,CLT017,PRJ020,REV00082,1662828,923625,439893.96,32.26,910616,471850,299309.04,19198,58,Medium,03-12-2025
PRF00083,CLT003,PRJ010,REV00083,712946,466772,117843.72,20.16,205065,266688,128330.28,43292,85,Medium,06-11-2025
PRF00084,CLT031,PRJ004,REV00084,1203157,483978,502610.74,50.94,138105,488411,216568.26,52034,90,High,16-07-2025
PRF00085,CLT032,PRJ006,REV00085,2478224,1910620,121523.68,5.98,369761,426752,446080.32,24405,40,Low,21-09-2025
PRF00086,CLT022,PRJ010,REV00086,1670354,852160,517530.28,37.78,445637,208306,300663.72,76344,86,High,17-03-2026
PRF00087,CLT037,PRJ001,REV00087,3066141,1722018,792217.62,31.51,675914,296849,551905.38,99267,74,Medium,05-12-2025
PRF00088,CLT014,PRJ008,REV00088,736777,570226,33931.14,5.62,315379,425871,132619.86,76434,71,Low,04-04-2026
PRF00089,CLT006,PRJ017,REV00089,516706,325546,98152.92,23.17,166857,333725,93007.08,7897,99,Medium,17-11-2025
PRF00090,CLT005,PRJ016,REV00090,2458291,1412044,603754.62,29.95,512151,327265,442492.38,16691,86,Medium,13-10-2025
PRF00091,CLT015,PRJ001,REV00091,240717,135393,61994.94,31.41,205797,361397,43329.06,4400,68,Medium,03-05-2026
PRF00092,CLT039,PRJ002,REV00092,421084,273884,71404.88,20.68,646571,165890,75795.12,54206,59,Medium,12-12-2025
PRF00093,CLT018,PRJ002,REV00093,1519123,1055601,190079.86,15.26,999197,420974,273442.14,18920,91,Low,25-09-2025
PRF00094,CLT030,PRJ002,REV00094,3511789,2278195,601471.98,20.89,859489,402033,632122.02,73249,53,Medium,16-06-2025
PRF00095,CLT031,PRJ007,REV00095,2843107,1773073,558274.74,23.95,477114,318863,511759.26,65179,69,Medium,09-04-2026
PRF00096,CLT007,PRJ016,REV00096,2736311,1520513,723262.02,32.23,818113,226980,492535.98,33728,88,Medium,16-10-2025
PRF00097,CLT032,PRJ016,REV00097,1461246,953781,244440.72,20.4,630299,289080,263024.28,48916,43,Medium,04-06-2025
PRF00098,CLT040,PRJ020,REV00098,4103410,3023983,340813.2,10.13,256130,176337,738613.8,25156,79,Low,18-02-2026
PRF00099,CLT034,PRJ009,REV00099,3023267,1769926,709152.94,28.61,279708,93351,544188.06,65517,94,Medium,14-07-2025
PRF00100,CLT028,PRJ011,REV00100,849953,616888,80073.46,11.49,251195,444397,152991.54,93416,92,Low,15-12-2025
PRF00101,CLT026,PRJ003,REV00101,1412731,817245,341194.42,29.45,386604,460804,254291.58,59054,71,Medium,04-03-2026
PRF00102,CLT015,PRJ012,REV00102,3199309,2185373,438060.38,16.7,105447,211620,575875.62,58292,63,Low,13-03-2026
PRF00103,CLT018,PRJ004,REV00103,782302,411167,230320.64,35.9,860053,343358,140814.36,31816,76,High,06-10-2025
PRF00104,CLT034,PRJ006,REV00104,3243811,1652994,1006931.02,37.86,242071,209728,583885.98,887,100,High,29-08-2025
PRF00105,CLT026,PRJ011,REV00105,3236747,1985797,668335.54,25.18,393916,478078,582614.46,51502,63,Medium,31-05-2026
PRF00106,CLT008,PRJ019,REV00106,4627068,2228161,1566034.76,41.27,570880,363489,832872.24,62814,77,High,30-12-2025
PRF00107,CLT026,PRJ018,REV00107,3558960,2563690,354657.2,12.15,203396,185653,640612.8,29098,72,Low,20-06-2025
PRF00108,CLT034,PRJ018,REV00108,4875424,2413706,1584141.68,39.62,606384,232609,877576.32,62411,46,High,05-10-2025
PRF00109,CLT029,PRJ015,REV00109,613499,324111,178958.18,35.57,936507,262361,110429.82,82543,51,High,06-08-2025
PRF00110,CLT012,PRJ014,REV00110,294882,214602,27201.24,11.25,219490,187548,53078.76,87910,95,Low,01-04-2026
PRF00111,CLT032,PRJ017,REV00111,2679024,1886644,310155.68,14.12,507333,269277,482224.32,78174,48,Low,24-07-2025
PRF00112,CLT037,PRJ013,REV00112,1608214,1153595,165140.48,12.52,688861,314995,289478.52,85599,71,Low,26-10-2025
PRF00113,CLT027,PRJ016,REV00113,3773298,2534196,559908.36,18.1,963274,242341,679193.64,71046,92,Low,06-04-2026
PRF00114,CLT003,PRJ015,REV00114,1883262,1199111,345163.84,22.35,953047,158497,338987.16,7780,76,Medium,29-09-2025
PRF00115,CLT023,PRJ018,REV00115,4569518,2180919,1566085.76,41.8,511776,306617,822513.24,18634,76,High,24-01-2026
PRF00116,CLT018,PRJ014,REV00116,3841581,1695001,1455095.42,46.19,517035,164205,691484.58,56314,92,High,30-11-2025
PRF00117,CLT014,PRJ016,REV00117,2758389,1698092,563786.98,24.93,238320,390785,496510.02,39566,50,Medium,28-06-2025
PRF00118,CLT018,PRJ003,REV00118,3073551,1754524,765787.82,30.38,644676,406506,553239.18,58335,40,Medium,11-06-2025
PRF00119,CLT001,PRJ011,REV00119,1061613,646059,224463.66,25.78,468247,428762,191090.34,27925,80,Medium,04-06-2025
PRF00120,CLT010,PRJ014,REV00120,3760984,1959988,1124018.88,36.45,642899,368204,676977.12,66784,52,High,07-09-2025
PRF00121,CLT026,PRJ010,REV00121,507759,265844,150518.38,36.15,117500,357947,91396.62,8851,40,High,05-02-2026
PRF00122,CLT017,PRJ007,REV00122,557249,429806,27138.18,5.94,765105,450149,100304.82,85175,83,Low,26-01-2026
PRF00123,CLT005,PRJ010,REV00123,3719898,1988417,1061899.36,34.81,921021,481230,669581.64,94472,56,Medium,28-02-2026
PRF00124,CLT011,PRJ012,REV00124,2304559,1690361,199377.38,10.55,910894,103951,414820.62,75223,83,Low,01-01-2026
PRF00125,CLT008,PRJ008,REV00125,4318332,1732718,1808314.24,51.07,490917,112600,777299.76,65803,83,High,08-06-2025
PRF00126,CLT004,PRJ006,REV00126,4376626,1846969,1741864.32,48.54,617326,455071,787792.68,25614,86,High,06-05-2026
PRF00127,CLT035,PRJ008,REV00127,103501,68272,16598.82,19.56,846221,196709,18630.18,12193,42,Low,22-07-2025
PRF00128,CLT015,PRJ017,REV00128,3174689,2231331,371913.98,14.29,385166,172479,571444.02,9789,100,Low,23-01-2026
PRF00129,CLT013,PRJ005,REV00129,4954886,2210486,1852520.52,45.59,325465,488265,891879.48,42964,49,High,30-07-2025
PRF00130,CLT006,PRJ008,REV00130,3373939,2426377,340252.98,12.3,307757,481842,607309.02,52505,63,Low,29-05-2026
PRF00131,CLT006,PRJ019,REV00131,2221144,1740684,80654.08,4.43,816400,273694,399805.92,22650,62,Low,21-10-2025
PRF00132,CLT014,PRJ006,REV00132,2397590,1426712,539311.8,27.43,501078,459949,431566.2,93502,62,Medium,05-10-2025
PRF00133,CLT031,PRJ018,REV00133,4115786,2367805,1007139.52,29.84,659614,477968,740841.48,96607,43,Medium,19-07-2025
PRF00134,CLT015,PRJ019,REV00134,3308324,2067408,645417.68,23.79,139807,97320,595498.32,7362,54,Medium,18-09-2025
PRF00135,CLT039,PRJ008,REV00135,4466170,2788883,873376.4,23.85,838761,397151,803910.6,51851,77,Medium,31-10-2025
PRF00136,CLT007,PRJ011,REV00136,2756191,1388635,871441.62,38.56,101885,418054,496114.38,75082,65,High,04-06-2025
PRF00137,CLT037,PRJ002,REV00137,2719396,1551008,678896.72,30.45,855408,50671,489491.28,6310,64,Medium,08-09-2025
PRF00138,CLT029,PRJ014,REV00138,3523044,2443284,445612.08,15.42,178645,336809,634147.92,12203,61,Low,08-08-2025
PRF00139,CLT039,PRJ020,REV00139,4099489,3117248,244332.98,7.27,511987,349772,737908.02,72045,93,Low,09-10-2025
PRF00140,CLT032,PRJ005,REV00140,3076852,1238741,1284277.64,50.9,377877,97781,553833.36,84130,74,High,02-12-2025
PRF00141,CLT025,PRJ006,REV00141,3249794,2074608,590223.08,22.15,981639,252955,584962.92,68495,66,Medium,10-09-2025
PRF00142,CLT035,PRJ016,REV00142,2026708,1310080,351820.56,21.17,370413,217640,364807.44,95302,98,Medium,16-06-2025
PRF00143,CLT005,PRJ003,REV00143,4717121,2720161,1147878.22,29.68,460572,265424,849081.78,34620,64,Medium,04-10-2025
PRF00144,CLT032,PRJ019,REV00144,4018202,1685851,1609074.64,48.83,999924,415000,723276.36,89764,46,High,03-10-2025
PRF00145,CLT015,PRJ005,REV00145,3767081,2179741,909265.42,29.44,696296,65177,678074.58,22772,52,Medium,17-06-2025
PRF00146,CLT013,PRJ002,REV00146,327420,190795,77689.4,28.94,466749,230485,58935.6,21432,93,Medium,21-11-2025
PRF00147,CLT017,PRJ003,REV00147,280271,162775,67047.22,29.17,334639,182325,50448.78,79736,91,Medium,13-01-2026
PRF00148,CLT020,PRJ009,REV00148,3208104,2014537,616108.28,23.42,771712,220465,577458.72,36291,56,Medium,15-02-2026
PRF00149,CLT020,PRJ007,REV00149,4389373,3361065,238220.86,6.62,137034,355672,790087.14,92808,76,Low,06-02-2026
PRF00150,CLT013,PRJ011,REV00150,1915317,1485782,84777.94,5.4,193637,166524,344757.06,46567,54,Low,25-03-2026
PRF00151,CLT020,PRJ014,REV00151,2829289,1911189,408827.98,17.62,995735,129051,509272.02,18004,52,Low,30-09-2025
PRF00152,CLT022,PRJ014,REV00152,3888387,1855716,1332761.34,41.8,744328,277389,699909.66,83032,67,High,26-08-2025
PRF00153,CLT026,PRJ014,REV00153,3265491,1315987,1361715.62,50.85,420984,137566,587788.38,8557,92,High,28-12-2025
PRF00154,CLT003,PRJ010,REV00154,3874587,3076208,100953.34,3.18,629146,138596,697425.66,16143,63,Low,19-04-2026
PRF00155,CLT003,PRJ013,REV00155,2195715,1686999,113487.3,6.3,819050,380464,395228.7,1219,59,Low,22-07-2025
PRF00156,CLT027,PRJ004,REV00156,4414670,2332051,1287978.4,35.58,529660,204849,794640.6,21020,42,High,17-05-2026
PRF00157,CLT036,PRJ016,REV00157,1792263,1220917,248738.66,16.92,152512,102328,322607.34,22898,95,Low,01-06-2026
PRF00158,CLT003,PRJ010,REV00158,2673177,1962646,229359.14,10.46,519692,289357,481171.86,35629,93,Low,24-10-2025
PRF00159,CLT025,PRJ016,REV00159,3587810,2795853,146151.2,4.97,218423,265631,645805.8,57761,42,Low,04-03-2026
PRF00160,CLT005,PRJ009,REV00160,2686018,1100328,1102206.76,50.04,993251,309960,483483.24,21679,44,High,13-10-2025
PRF00161,CLT032,PRJ011,REV00161,2825747,1713635,603477.54,26.04,137572,342097,508634.46,71971,40,Medium,24-06-2025
PRF00162,CLT006,PRJ020,REV00162,2605152,1975408,160816.64,7.53,896204,395458,468927.36,29064,40,Low,14-07-2025
PRF00163,CLT022,PRJ012,REV00163,2499335,1574029,475425.7,23.2,148759,382000,449880.3,88098,77,Medium,07-12-2025
PRF00164,CLT008,PRJ015,REV00164,4993542,3054794,1039910.44,25.4,826155,449703,898837.56,32537,57,Medium,30-11-2025
PRF00165,CLT026,PRJ011,REV00165,3848745,1819199,1336771.9,42.36,828038,383907,692774.1,42255,85,High,02-05-2026
PRF00166,CLT008,PRJ012,REV00166,4079634,2854086,491213.88,14.68,980155,82523,734334.12,90517,90,Low,04-08-2025
PRF00167,CLT019,PRJ007,REV00167,4589680,1903623,1859914.6,49.42,156415,56797,826142.4,97474,56,High,13-08-2025
PRF00168,CLT013,PRJ020,REV00168,3766688,1979684,1109000.16,35.91,236384,134373,678003.84,76544,94,High,22-07-2025
PRF00169,CLT017,PRJ001,REV00169,3961870,3073074,175659.4,5.41,663123,261506,713136.6,12051,62,Low,08-01-2026
PRF00170,CLT015,PRJ007,REV00170,2834040,1827912,496000.8,21.34,369054,333239,510127.2,94892,58,Medium,23-11-2025
PRF00171,CLT002,PRJ017,REV00171,3195376,2356734,263474.32,10.06,663876,484502,575167.68,92109,96,Low,15-08-2025
PRF00172,CLT028,PRJ003,REV00172,1339786,560820,537804.52,48.95,106185,386290,241161.48,94409,79,High,01-04-2026
PRF00173,CLT005,PRJ019,REV00173,658924,451106,89211.68,16.51,810189,466817,118606.32,95594,81,Low,23-09-2025
PRF00174,CLT024,PRJ001,REV00174,4706262,2178986,1680148.84,43.54,975297,182509,847127.16,25470,47,High,18-04-2026
PRF00175,CLT012,PRJ019,REV00175,506242,399377,15741.44,3.79,433222,304731,91123.56,59067,61,Low,14-01-2026
PRF00176,CLT040,PRJ010,REV00176,4950372,2299743,1759562.04,43.35,476167,456201,891066.96,40038,71,High,07-09-2025
PRF00177,CLT036,PRJ004,REV00177,737645,442181,162687.9,26.9,595036,392836,132776.1,19481,63,Medium,17-12-2025
PRF00178,CLT026,PRJ008,REV00178,4995929,3536059,560602.78,13.68,329448,449230,899267.22,63916,54,Low,11-02-2026
PRF00179,CLT005,PRJ009,REV00179,2013090,850123,800610.8,48.5,716225,392536,362356.2,10202,73,High,03-04-2026
PRF00180,CLT017,PRJ013,REV00180,1919814,1309380,264867.48,16.83,852146,478319,345566.52,15509,82,Low,28-08-2025
PRF00181,CLT015,PRJ014,REV00181,2820126,1365738,946765.32,40.94,288783,320868,507622.68,53143,78,High,08-07-2025
PRF00182,CLT037,PRJ001,REV00182,2427789,1061028,929758.98,46.7,172187,170488,437002.02,49572,64,High,19-02-2026
PRF00183,CLT009,PRJ004,REV00183,1747422,1247070,185816.04,12.97,541119,244184,314535.96,5693,84,Low,26-05-2026
PRF00184,CLT034,PRJ014,REV00184,4094344,3249758,107604.08,3.21,879769,463884,736981.92,932,76,Low,03-11-2025
PRF00185,CLT034,PRJ004,REV00185,110348,68716,21769.36,24.06,678923,460930,19862.64,73080,70,Medium,27-02-2026
PRF00186,CLT012,PRJ012,REV00186,4704933,2896491,961554.06,24.92,766764,52773,846887.94,11939,92,Medium,28-01-2026
PRF00187,CLT010,PRJ016,REV00187,3702210,1665728,1370084.2,45.13,922041,364318,666397.8,66918,73,High,24-12-2025
PRF00188,CLT015,PRJ020,REV00188,352502,235303,53748.64,18.59,337288,367909,63450.36,25496,69,Low,02-07-2025
PRF00189,CLT026,PRJ019,REV00189,2240328,1079668,757400.96,41.23,128679,302691,403259.04,15239,56,High,10-02-2026
PRF00190,CLT005,PRJ013,REV00190,1898700,1469274,87660,5.63,470711,164591,341766,75197,57,Low,13-10-2025
PRF00191,CLT012,PRJ007,REV00191,1724924,936238,478199.68,33.81,750817,215369,310486.32,64532,97,Medium,01-08-2025
PRF00192,CLT037,PRJ009,REV00192,1584040,1169578,129334.8,9.96,709231,102820,285127.2,42655,63,Low,20-03-2026
PRF00193,CLT040,PRJ009,REV00193,4651683,2411907,1402473.06,36.77,383062,471573,837302.94,30907,75,High,28-07-2025
PRF00194,CLT028,PRJ013,REV00194,1273425,928820,115388.5,11.05,599687,489862,229216.5,82557,46,Low,08-01-2026
PRF00195,CLT029,PRJ011,REV00195,3077968,1986804,537129.76,21.28,635239,305587,554034.24,96537,68,Medium,05-08-2025
PRF00196,CLT006,PRJ013,REV00196,2453533,1467692,544205.06,27.05,514664,192212,441635.94,58313,89,Medium,15-08-2025
PRF00197,CLT024,PRJ019,REV00197,3827295,2399115,739266.9,23.56,208976,187600,688913.1,81015,49,Medium,20-12-2025
PRF00198,CLT006,PRJ013,REV00198,1973977,1049004,569657.14,35.19,578720,380850,355315.86,98161,80,High,03-02-2026
PRF00199,CLT037,PRJ014,REV00199,4527705,2460488,1252230.1,33.73,414164,54788,814986.9,56418,91,Medium,22-04-2026
PRF00200,CLT019,PRJ020,REV00200,110548,80146,10503.36,11.59,532961,148566,19898.64,8973,51,Low,11-12-2025
PRF00201,CLT009,PRJ010,REV00201,3869694,2843349,329800.08,10.39,258003,57720,696544.92,64694,53,Low,12-08-2025
PRF00202,CLT022,PRJ014,REV00202,4230846,2471214,998079.72,28.77,908688,282239,761552.28,32396,87,Medium,21-02-2026
PRF00203,CLT003,PRJ007,REV00203,838196,608504,78816.72,11.47,763653,277625,150875.28,42534,40,Low,10-05-2026
PRF00204,CLT011,PRJ009,REV00204,1053693,628994,235034.26,27.2,775885,130697,189664.74,91924,74,Medium,31-05-2026
PRF00205,CLT007,PRJ005,REV00205,2001816,1132851,508638.12,30.99,613898,149497,360326.88,74278,51,Medium,07-01-2026
PRF00206,CLT035,PRJ012,REV00206,3979179,2169068,1093858.78,33.52,856027,83209,716252.22,86283,74,Medium,05-05-2026
PRF00207,CLT025,PRJ007,REV00207,4223744,3295357,168113.08,4.85,772925,488461,760273.92,50934,82,Low,23-08-2025
PRF00208,CLT032,PRJ017,REV00208,2196968,930257,871256.76,48.36,869969,86903,395454.24,39833,44,High,01-01-2026
PRF00209,CLT014,PRJ017,REV00209,899137,480773,256519.34,34.79,676680,260531,161844.66,66151,61,Medium,16-11-2025
PRF00210,CLT011,PRJ018,REV00210,3766255,2245379,842950.1,27.29,569237,258189,677925.9,25,86,Medium,26-08-2025
PRF00211,CLT003,PRJ010,REV00211,186754,142545,10593.28,6.92,377860,242457,33615.72,76304,55,Low,15-08-2025
PRF00212,CLT015,PRJ009,REV00212,2569119,1124016,982661.58,46.65,536754,113197,462441.42,29716,87,High,29-08-2025
PRF00213,CLT039,PRJ001,REV00213,3258533,1416927,1255070.06,46.97,452497,93277,586535.94,62371,76,High,18-11-2025
PRF00214,CLT004,PRJ018,REV00214,2252495,990209,856836.9,46.39,703998,96973,405449.1,14749,82,High,26-03-2026
PRF00215,CLT027,PRJ014,REV00215,2971818,1588212,848678.76,34.83,751168,127425,534927.24,37707,40,Medium,11-03-2026
PRF00216,CLT022,PRJ004,REV00216,3825390,2518313,618506.8,19.72,747983,192229,688570.2,6957,69,Low,23-03-2026
PRF00217,CLT001,PRJ003,REV00217,2325916,1625552,281699.12,14.77,122532,70841,418664.88,32426,99,Low,26-11-2025
PRF00218,CLT034,PRJ010,REV00218,4159854,2488960,922120.28,27.03,865344,250386,748773.72,68251,83,Medium,24-10-2025
PRF00219,CLT040,PRJ008,REV00219,2066292,1427243,267116.44,15.77,788108,346141,371932.56,20715,60,Low,21-05-2026
PRF00220,CLT005,PRJ018,REV00220,1043104,513780,341565.28,39.93,742108,171064,187758.72,78166,54,High,12-02-2026
PRF00221,CLT015,PRJ001,REV00221,716688,536551,51133.16,8.7,878427,401975,129003.84,26585,88,Low,15-10-2025
PRF00222,CLT014,PRJ003,REV00222,3734991,2788063,274629.62,8.97,643899,331998,672298.38,51853,87,Low,22-08-2025
PRF00223,CLT003,PRJ018,REV00223,4379584,3356489,234769.88,6.54,288503,458279,788325.12,76735,100,Low,05-11-2025
PRF00224,CLT035,PRJ005,REV00224,3519186,2086020,799712.52,27.71,841635,251372,633453.48,95272,90,Medium,31-05-2026
PRF00225,CLT033,PRJ020,REV00225,3226586,2444792,201008.52,7.6,103704,376400,580785.48,33175,40,Low,03-11-2025
PRF00226,CLT030,PRJ016,REV00226,4232914,2832969,638020.48,18.38,255457,78869,761924.52,85626,62,Low,12-11-2025
PRF00227,CLT003,PRJ005,REV00227,322060,216248,47841.2,18.12,905843,206916,57970.8,42312,63,Low,23-10-2025
PRF00228,CLT025,PRJ003,REV00228,3634652,2608281,372133.64,12.49,822106,367077,654237.36,92642,58,Low,02-02-2026
PRF00229,CLT028,PRJ020,REV00229,2704898,1626505,591511.36,26.67,147702,225003,486881.64,45829,75,Medium,19-05-2026
PRF00230,CLT014,PRJ001,REV00230,1737680,990379,434518.6,30.49,602381,298774,312782.4,4660,81,Medium,20-02-2026
PRF00231,CLT009,PRJ016,REV00231,3913943,2691679,517754.26,16.13,981578,66343,704509.74,44453,64,Low,27-06-2025
PRF00232,CLT035,PRJ006,REV00232,3317918,1720129,1000563.76,36.78,283514,108841,597225.24,49049,90,High,20-02-2026
PRF00233,CLT003,PRJ007,REV00233,826819,563392,114599.58,16.9,647718,110731,148827.42,538,59,Low,26-11-2025
PRF00234,CLT003,PRJ020,REV00234,780445,486917,153047.9,23.92,265146,193464,140480.1,15002,40,Medium,23-02-2026
PRF00235,CLT040,PRJ018,REV00235,908786,471820,273384.52,36.69,502233,78206,163581.48,11287,67,High,12-10-2025
PRF00236,CLT026,PRJ006,REV00236,3789945,2808484,299270.9,9.63,250703,373455,682190.1,33823,98,Low,30-12-2025
PRF00237,CLT024,PRJ013,REV00237,2820991,1809469,503743.62,21.78,174369,465462,507778.38,39599,74,Medium,02-04-2026
PRF00238,CLT030,PRJ013,REV00238,3518202,1907608,977317.64,33.88,219876,360464,633276.36,78128,69,Medium,14-10-2025
PRF00239,CLT021,PRJ018,REV00239,3784744,1883360,1220130.08,39.31,508926,372737,681253.92,75750,68,High,04-05-2026
PRF00240,CLT013,PRJ007,REV00240,2705814,1710915,507852.48,22.89,132699,173334,487046.52,56585,84,Medium,25-07-2025
PRF00241,CLT038,PRJ013,REV00241,2718645,1890226,339062.9,15.21,610343,394943,489356.1,57243,48,Low,09-10-2025
PRF00242,CLT006,PRJ005,REV00242,3538448,2371740,529787.36,18.26,704349,242397,636920.64,4385,42,Low,27-07-2025
PRF00243,CLT037,PRJ016,REV00243,3141861,1494066,1082260.02,42.01,661023,458172,565534.98,1413,70,High,22-05-2026
PRF00244,CLT030,PRJ017,REV00244,3986206,2798174,470514.92,14.39,608307,93259,717517.08,16622,72,Low,14-11-2025
PRF00245,CLT005,PRJ009,REV00245,1161815,787581,165107.3,17.33,252117,362236,209126.7,20204,93,Low,08-07-2025
PRF00246,CLT032,PRJ014,REV00246,3264237,1804705,871969.34,32.58,839883,254509,587562.66,62205,56,Medium,01-11-2025
PRF00247,CLT010,PRJ017,REV00247,3696815,1503604,1527784.3,50.4,786128,356276,665426.7,51269,69,High,10-01-2026
PRF00248,CLT016,PRJ019,REV00248,1685155,1219271,162556.1,11.76,302458,67847,303327.9,3106,79,Low,19-03-2026
PRF00249,CLT006,PRJ002,REV00249,1868857,1376042,156420.74,10.21,825846,400003,336394.26,42389,56,Low,18-08-2025
PRF00250,CLT011,PRJ003,REV00250,573343,329685,140456.26,29.88,774588,105705,103201.74,57878,85,Medium,22-12-2025
PRF00251,CLT017,PRJ004,REV00251,661693,301593,240995.26,44.42,523533,492524,119104.74,95389,89,High,26-12-2025
PRF00252,CLT005,PRJ018,REV00252,77744,43693,20057.08,31.46,681409,70620,13993.92,50353,82,Medium,18-10-2025
PRF00253,CLT013,PRJ010,REV00253,3322435,1552882,1171514.7,43,974774,475605,598038.3,58891,41,High,01-02-2026
PRF00254,CLT003,PRJ011,REV00254,2882988,1242983,1121067.16,47.42,280616,381696,518937.84,6548,97,High,21-09-2025
PRF00255,CLT020,PRJ004,REV00255,1481846,659802,555311.72,45.7,281873,225900,266732.28,8286,47,High,23-11-2025
PRF00256,CLT018,PRJ005,REV00256,3532566,1765454,1131250.12,39.05,783415,361285,635861.88,37189,66,High,12-01-2026
PRF00257,CLT031,PRJ005,REV00257,1250307,835574,189677.74,18.5,301224,111607,225055.26,69494,46,Low,19-05-2026
PRF00258,CLT040,PRJ012,REV00258,4577523,2895399,858169.86,22.86,555786,181796,823954.14,43816,79,Medium,24-07-2025
PRF00259,CLT030,PRJ002,REV00259,490037,336879,64951.34,16.16,348636,436792,88206.66,54079,95,Low,07-05-2026
PRF00260,CLT013,PRJ013,REV00260,1901053,837522,721341.46,46.27,133653,412917,342189.54,74536,43,High,14-11-2025
PRF00261,CLT018,PRJ005,REV00261,3955184,2543782,699468.88,21.57,548906,435969,711933.12,32329,55,Medium,14-10-2025
PRF00262,CLT021,PRJ014,REV00262,1915681,1386789,184069.42,11.72,685616,444830,344822.58,1628,84,Low,23-10-2025
PRF00263,CLT027,PRJ007,REV00263,3056524,1842926,663423.68,26.47,174132,251787,550174.32,90538,61,Medium,05-09-2025
PRF00264,CLT034,PRJ002,REV00264,3622727,2014879,955757.14,32.17,484232,141890,652090.86,84957,75,Medium,23-12-2025
PRF00265,CLT005,PRJ018,REV00265,1767253,852030,597117.46,41.2,625808,326133,318105.54,16083,70,High,09-10-2025
PRF00266,CLT035,PRJ018,REV00266,2501691,1474609,576777.62,28.12,255141,310219,450304.38,19726,95,Medium,12-04-2026
PRF00267,CLT014,PRJ017,REV00267,240339,134561,62516.98,31.72,798199,415357,43261.02,69489,93,Medium,04-04-2026
PRF00268,CLT036,PRJ015,REV00268,2600827,1635136,497542.14,23.33,980103,421254,468148.86,90814,97,Medium,16-10-2025
PRF00269,CLT010,PRJ006,REV00269,1030773,433884,411349.86,48.67,905849,126223,185539.14,60036,99,High,03-06-2026
PRF00270,CLT021,PRJ005,REV00270,4631401,2916673,881075.82,23.2,196973,221110,833652.18,7213,78,Medium,31-10-2025
PRF00271,CLT013,PRJ019,REV00271,1913477,1056817,512234.14,32.65,995278,274206,344425.86,48448,64,Medium,25-02-2026
PRF00272,CLT024,PRJ001,REV00272,2943400,1914204,499384,20.69,169327,359685,529812,99105,64,Medium,11-03-2026
PRF00273,CLT006,PRJ001,REV00273,2342848,1371788,549347.36,28.59,261505,187718,421712.64,39343,80,Medium,11-10-2025
PRF00274,CLT031,PRJ004,REV00274,2463310,1422744,597170.2,29.56,868561,351603,443395.8,2299,94,Medium,31-01-2026
PRF00275,CLT017,PRJ006,REV00275,540820,254636,188836.4,42.58,727847,444594,97347.6,21906,74,High,28-11-2025
PRF00276,CLT021,PRJ011,REV00276,2575577,1314875,797098.14,37.74,743226,411576,463603.86,68898,94,High,11-10-2025
PRF00277,CLT035,PRJ018,REV00277,1006022,621217,203721.04,24.7,234966,499217,181083.96,90995,49,Medium,02-01-2026
PRF00278,CLT015,PRJ010,REV00278,1810273,860652,623771.86,42.02,169465,208149,325849.14,87501,40,High,01-12-2025
PRF00279,CLT007,PRJ004,REV00279,1773030,1325358,128526.6,8.84,280117,445322,319145.4,70402,40,Low,19-04-2026
PRF00280,CLT007,PRJ007,REV00280,4279496,3196070,313116.72,8.92,644973,121257,770309.28,64987,88,Low,10-09-2025
PRF00281,CLT024,PRJ010,REV00281,390649,177819,142513.18,44.49,615530,402371,70316.82,13785,65,High,28-11-2025
PRF00282,CLT029,PRJ017,REV00282,763081,367736,257990.42,41.23,386232,446520,137354.58,84388,100,High,02-11-2025
PRF00283,CLT026,PRJ012,REV00283,3442718,2393226,429802.76,15.22,442838,130077,619689.24,39682,79,Low,15-08-2025
PRF00284,CLT040,PRJ004,REV00284,691873,549351,17984.86,3.17,994303,247308,124537.14,58006,69,Low,16-01-2026
PRF00285,CLT003,PRJ002,REV00285,4719657,3270747,599371.74,15.49,995852,131951,849538.26,66412,43,Low,19-12-2025
PRF00286,CLT026,PRJ009,REV00286,3219196,2027477,612263.72,23.19,779564,213630,579455.28,77664,45,Medium,13-04-2026
PRF00287,CLT005,PRJ010,REV00287,2881945,1508830,854364.9,36.15,947591,306040,518750.1,13114,84,High,26-10-2025
PRF00288,CLT014,PRJ011,REV00288,4267528,3408760,90612.96,2.59,985194,353139,768155.04,12416,77,Low,24-07-2025
PRF00289,CLT022,PRJ009,REV00289,4801544,3600825,336441.08,8.55,837496,320650,864277.92,24450,76,Low,19-11-2025
PRF00290,CLT032,PRJ007,REV00290,3969957,2149884,1105480.74,33.96,970542,83778,714592.26,83090,53,Medium,14-09-2025
PRF00291,CLT027,PRJ009,REV00291,2457904,1660585,354896.28,17.61,385959,121528,442422.72,3819,56,Low,15-01-2026
PRF00292,CLT018,PRJ018,REV00292,404270,289068,42433.4,12.8,349641,364479,72768.6,16027,89,Low,04-10-2025
PRF00293,CLT021,PRJ011,REV00293,4951683,3526769,533611.06,13.14,544366,298960,891302.94,89487,55,Low,15-02-2026
PRF00294,CLT018,PRJ005,REV00294,4036449,3115450,194438.18,5.87,108248,256032,726560.82,33493,59,Low,04-08-2025
PRF00295,CLT006,PRJ008,REV00295,1814849,893949,594227.18,39.93,169591,234474,326672.82,55164,78,High,07-11-2025
PRF00296,CLT036,PRJ011,REV00296,279435,211647,17489.7,7.63,601602,435441,50298.3,17499,56,Low,29-07-2025
PRF00297,CLT012,PRJ019,REV00297,2797943,1710148,584165.26,25.46,520515,374012,503629.74,56217,78,Medium,04-06-2025
PRF00298,CLT017,PRJ005,REV00298,3136337,1611307,960489.34,37.35,729232,163018,564540.66,37089,86,High,18-04-2026
PRF00299,CLT013,PRJ014,REV00299,3476948,1696843,1154254.36,40.48,543852,435930,625850.64,78275,56,High,19-04-2026
PRF00300,CLT005,PRJ004,REV00300,542850,230801,214336,48.15,372935,139058,97713,66027,71,High,03-06-2025
PRF00301,CLT022,PRJ015,REV00301,802021,487173,170484.22,25.92,615138,450385,144363.78,19826,75,Medium,07-12-2025
PRF00302,CLT029,PRJ002,REV00302,1296721,547296,516015.22,48.53,198123,156815,233409.78,37239,51,High,22-11-2025
PRF00303,CLT011,PRJ017,REV00303,2338341,1525943,391496.62,20.42,211222,488817,420901.38,42406,49,Medium,02-06-2026
PRF00304,CLT002,PRJ003,REV00304,4075316,2582349,759410.12,22.72,286657,175871,733556.88,52286,45,Medium,20-09-2025
PRF00305,CLT002,PRJ007,REV00305,3308998,2167485,545893.36,20.12,506941,299791,595619.64,35190,76,Medium,28-05-2026
PRF00306,CLT039,PRJ014,REV00306,3594491,2210042,737440.62,25.02,255825,116998,647008.38,89694,97,Medium,03-05-2026
PRF00307,CLT020,PRJ008,REV00307,3638074,2074898,908322.68,30.45,793715,292681,654853.32,23534,90,Medium,04-01-2026
PRF00308,CLT012,PRJ013,REV00308,748691,517711,96215.62,15.67,106131,257059,134764.38,15293,40,Low,03-06-2026
PRF00309,CLT011,PRJ016,REV00309,3448154,2641510,185976.28,6.58,353524,278478,620667.72,82058,94,Low,08-03-2026
PRF00310,CLT035,PRJ007,REV00310,2574282,1836823,274088.24,12.98,207650,380516,463370.76,93466,67,Low,12-12-2025
PRF00311,CLT027,PRJ016,REV00311,4904162,3211230,810182.84,20.15,537400,298165,882749.16,15327,71,Medium,08-05-2026
PRF00312,CLT040,PRJ012,REV00312,3709362,1527379,1514297.84,49.78,317273,198088,667685.16,90531,87,High,11-04-2026
PRF00313,CLT006,PRJ016,REV00313,1503671,810642,422368.22,34.26,551538,109752,270660.78,80945,54,Medium,19-09-2025
PRF00314,CLT008,PRJ018,REV00314,4129927,2192662,1193878.14,35.25,275160,380262,743386.86,15474,95,High,28-04-2026
PRF00315,CLT014,PRJ012,REV00315,2500505,1742765,307649.1,15,279581,94687,450090.9,34867,63,Low,25-05-2026
PRF00316,CLT027,PRJ012,REV00316,2108994,1002572,726803.08,42.03,164454,256184,379618.92,99508,42,High,26-07-2025
PRF00317,CLT010,PRJ019,REV00317,4410216,2384265,1232112.12,34.07,524154,456533,793838.88,25859,96,Medium,27-06-2025
PRF00318,CLT020,PRJ003,REV00318,4558318,2524809,1213011.76,32.45,861800,271640,820497.24,66227,47,Medium,06-06-2025
PRF00319,CLT004,PRJ012,REV00319,4307213,2466269,1065645.66,30.17,873337,179831,775298.34,13792,60,Medium,09-04-2026
PRF00320,CLT034,PRJ019,REV00320,3080531,2184968,341067.42,13.5,623058,383688,554495.58,55498,68,Low,27-05-2026
PRF00321,CLT032,PRJ014,REV00321,1416024,717766,443373.68,38.18,699538,201828,254884.32,5279,73,High,11-02-2026
PRF00322,CLT010,PRJ004,REV00322,2607892,2082315,56156.44,2.63,537859,302275,469420.56,75112,59,Low,04-08-2025
PRF00323,CLT037,PRJ015,REV00323,2883866,1944813,419957.12,17.76,803011,282310,519095.88,96457,57,Low,28-10-2025
PRF00324,CLT006,PRJ006,REV00324,258071,178200,33418.22,15.79,119570,113063,46452.78,86278,99,Low,24-07-2025
PRF00325,CLT035,PRJ006,REV00325,2356552,1767594,164778.64,8.53,432799,250283,424179.36,33708,45,Low,31-10-2025
PRF00326,CLT008,PRJ004,REV00326,1460594,883449,314238.08,26.24,370463,246877,262906.92,15855,43,Medium,28-08-2025
PRF00327,CLT013,PRJ008,REV00327,4965968,2482344,1589749.76,39.04,807890,103220,893874.24,32285,88,High,25-05-2026
PRF00328,CLT036,PRJ005,REV00328,4816789,2779723,1170043.98,29.62,163098,302804,867022.02,35822,78,Medium,28-04-2026
PRF00329,CLT017,PRJ013,REV00329,1834711,1347467,156996.02,10.44,374056,444628,330247.98,92766,68,Low,01-01-2026
PRF00330,CLT018,PRJ008,REV00330,2748097,1815687,437752.54,19.43,925549,390313,494657.46,85362,44,Low,21-12-2025
PRF00331,CLT035,PRJ001,REV00331,3784413,2923566,179652.66,5.79,194336,477966,681194.34,80405,80,Low,15-07-2025
PRF00332,CLT020,PRJ008,REV00332,4192367,2438210,999530.94,29.08,234476,441104,754626.06,8526,48,Medium,06-05-2026
PRF00333,CLT017,PRJ019,REV00333,1962310,1333413,275681.2,17.13,642383,447945,353215.8,5697,96,Low,11-06-2025
PRF00334,CLT015,PRJ002,REV00334,3573736,2546039,384424.52,13.12,603281,276465,643272.48,3148,77,Low,13-07-2025
PRF00335,CLT022,PRJ009,REV00335,954632,630142,152656.24,19.5,168187,460332,171833.76,16716,43,Low,24-03-2026
PRF00336,CLT029,PRJ002,REV00336,3672528,1606983,1404489.96,46.64,782540,404301,661055.04,3404,69,High,13-04-2026
PRF00337,CLT034,PRJ011,REV00337,1664650,779113,585900,42.92,426806,356458,299637,57127,72,High,31-03-2026
PRF00338,CLT023,PRJ010,REV00338,4589442,3462108,301234.44,8,458143,149276,826099.56,87537,70,Low,29-12-2025
PRF00339,CLT030,PRJ020,REV00339,2827849,1835070,483766.18,20.86,494172,157644,509012.82,52469,51,Medium,06-01-2026
PRF00340,CLT001,PRJ012,REV00340,668501,455035,93135.82,16.99,122536,142315,120330.18,34313,98,Low,15-10-2025
PRF00341,CLT007,PRJ001,REV00341,1201282,679176,305875.24,31.05,933511,149426,216230.76,25124,74,Medium,20-11-2025
PRF00342,CLT025,PRJ012,REV00342,3653244,2795385,200275.08,6.69,633320,253484,657583.92,98475,96,Low,13-04-2026
PRF00343,CLT033,PRJ012,REV00343,4402784,2734752,875530.88,24.25,329212,210431,792501.12,55708,96,Medium,07-06-2025
PRF00344,CLT025,PRJ019,REV00344,3188239,1809081,805274.98,30.8,386281,250472,573883.02,3239,51,Medium,04-01-2026
PRF00345,CLT029,PRJ008,REV00345,686598,462907,100103.36,17.78,417420,440705,123587.64,89592,94,Low,07-05-2026
PRF00346,CLT018,PRJ007,REV00346,1206496,930863,58463.72,5.91,345076,320441,217169.28,76939,90,Low,14-06-2025
PRF00347,CLT036,PRJ015,REV00347,3920513,2282619,932201.66,29,336444,269753,705692.34,55799,83,Medium,12-07-2025
PRF00348,CLT026,PRJ018,REV00348,2785353,1162878,1121111.46,49.09,209380,403834,501363.54,72470,51,High,29-11-2025
PRF00349,CLT003,PRJ020,REV00349,275137,134524,91088.34,40.37,235410,331255,49524.66,54842,70,High,01-10-2025
PRF00350,CLT005,PRJ013,REV00350,1782077,849073,612230.14,41.9,946794,179415,320773.86,68925,61,High,29-11-2025
PRF00351,CLT037,PRJ016,REV00351,3931370,2780785,442938.4,13.74,145785,175669,707646.6,20700,57,Low,06-03-2026
PRF00352,CLT035,PRJ010,REV00352,609888,426943,73165.16,14.63,176751,384950,109779.84,91027,83,Low,04-02-2026
PRF00353,CLT030,PRJ013,REV00353,3399922,1767661,1020275.04,36.6,982442,134602,611985.96,22359,93,High,20-09-2025
PRF00354,CLT002,PRJ020,REV00354,1536768,923140,337009.76,26.74,150075,488567,276618.24,83203,91,Medium,29-08-2025
PRF00355,CLT034,PRJ004,REV00355,2636411,1985671,176186.02,8.15,935635,487982,474553.98,87046,50,Low,25-04-2026
PRF00356,CLT011,PRJ002,REV00356,4349162,1965493,1600819.84,44.89,323103,290530,782849.16,28848,44,High,06-06-2025
PRF00357,CLT018,PRJ020,REV00357,418586,185084,158156.52,46.08,118506,369046,75345.48,76681,68,High,01-06-2026
PRF00358,CLT025,PRJ017,REV00358,1999726,1327764,312011.32,19.03,259038,247000,359950.68,26789,81,Low,17-04-2026
PRF00359,CLT003,PRJ008,REV00359,3772245,2198210,895030.9,28.94,646802,218630,679004.1,24057,68,Medium,20-06-2025
PRF00360,CLT001,PRJ003,REV00360,4174194,1816446,1606393.08,46.93,735281,180531,751354.92,39728,58,High,20-11-2025
PRF00361,CLT037,PRJ015,REV00361,1739474,980855,445513.68,31.23,260221,339853,313105.32,95243,51,Medium,26-03-2026
PRF00362,CLT017,PRJ013,REV00362,2615632,1521889,622929.24,29.04,613331,211381,470813.76,84023,77,Medium,20-03-2026
PRF00363,CLT005,PRJ014,REV00363,375703,182912,125164.46,40.63,761601,420440,67626.54,88660,41,High,19-12-2025
PRF00364,CLT010,PRJ009,REV00364,3870765,2976605,197422.3,6.22,416900,312483,696737.7,69887,82,Low,04-10-2025
PRF00365,CLT025,PRJ019,REV00365,3502826,1587511,1284806.32,44.73,786315,201173,630508.68,96081,67,High,24-08-2025
PRF00366,CLT011,PRJ006,REV00366,1613636,786311,536870.52,40.57,496077,115369,290454.48,36275,44,High,15-02-2026
PRF00367,CLT022,PRJ001,REV00367,2019478,1308902,347069.96,20.96,550314,226449,363506.04,48599,83,Medium,11-02-2026
PRF00368,CLT022,PRJ011,REV00368,2059885,1202710,486395.7,28.8,748388,409758,370779.3,86360,95,Medium,25-11-2025
PRF00369,CLT031,PRJ017,REV00369,1626512,653885,679854.84,50.97,736667,152276,292772.16,93315,49,High,11-12-2025
PRF00370,CLT034,PRJ019,REV00370,4283198,1779854,1732368.36,49.32,130641,134009,770975.64,42795,97,High,28-11-2025
PRF00371,CLT025,PRJ009,REV00371,2211144,1582738,230400.08,12.71,371679,110654,398005.92,38138,45,Low,11-09-2025
PRF00372,CLT008,PRJ003,REV00372,1628370,773094,562169.4,42.1,109634,332220,293106.6,60372,60,High,14-02-2026
PRF00373,CLT010,PRJ010,REV00373,1886301,1278632,268134.82,17.34,949566,224663,339534.18,20014,92,Low,22-01-2026
PRF00374,CLT014,PRJ008,REV00374,490958,243312,159273.56,39.56,304568,417582,88372.44,71828,65,High,27-01-2026
PRF00375,CLT007,PRJ005,REV00375,4918611,3783274,249987.02,6.2,811267,461827,885349.98,19346,64,Low,13-03-2026
PRF00376,CLT028,PRJ006,REV00376,522542,234194,194290.44,45.34,957939,390950,94057.56,50082,57,High,03-04-2026
PRF00377,CLT029,PRJ012,REV00377,1056636,483800,382641.52,44.16,204271,220513,190194.48,8322,85,High,21-12-2025
PRF00378,CLT035,PRJ006,REV00378,215644,137872,38956.08,22.03,141044,117536,38815.92,75377,53,Medium,18-04-2026
PRF00379,CLT011,PRJ003,REV00379,2203863,1671194,135973.66,7.52,735617,332176,396695.34,66924,53,Low,30-10-2025
PRF00380,CLT007,PRJ002,REV00380,358146,192560,101119.72,34.43,366526,404694,64466.28,55750,100,Medium,03-04-2026
PRF00381,CLT010,PRJ018,REV00381,641883,421790,104554.06,19.86,657286,107666,115538.94,89650,75,Low,14-04-2026
PRF00382,CLT027,PRJ003,REV00382,796369,508768,144254.58,22.09,834480,349975,143346.42,36961,75,Medium,09-03-2026
PRF00383,CLT018,PRJ020,REV00383,452345,225698,145224.9,39.15,915297,180606,81422.1,88895,78,High,06-08-2025
PRF00384,CLT027,PRJ015,REV00384,3732263,2235299,825156.66,26.96,188693,439760,671807.34,37467,75,Medium,05-02-2026
PRF00385,CLT032,PRJ001,REV00385,4317136,3259447,280604.52,7.93,276718,403643,777084.48,68618,97,Low,06-05-2026
PRF00386,CLT015,PRJ006,REV00386,3129046,1531207,1034610.72,40.32,328026,209813,563228.28,84275,72,High,25-02-2026
PRF00387,CLT003,PRJ015,REV00387,4145875,1778929,1620688.5,47.67,639302,130588,746257.5,53833,47,High,06-10-2025
PRF00388,CLT032,PRJ001,REV00388,2148282,1096390,665201.24,37.76,298775,199369,386690.76,5276,48,High,10-04-2026
PRF00389,CLT026,PRJ014,REV00389,2828420,1197651,1121653.4,48.36,931219,61089,509115.6,16531,49,High,28-05-2026
PRF00390,CLT023,PRJ017,REV00390,2033947,868145,799691.54,47.95,903972,110303,366110.46,34541,84,High,24-04-2026
PRF00391,CLT016,PRJ014,REV00391,4025301,3091675,209071.82,6.33,527082,325236,724554.18,40166,84,Low,08-12-2025
PRF00392,CLT015,PRJ008,REV00392,3624183,2454618,517212.06,17.4,393768,367992,652352.94,13207,67,Low,11-05-2026
PRF00393,CLT012,PRJ009,REV00393,3099940,1941016,600934.8,23.64,191468,105766,557989.2,17102,80,Medium,24-06-2025
PRF00394,CLT039,PRJ004,REV00394,4970434,3901146,174609.88,4.28,677236,423084,894678.12,33099,97,Low,15-03-2026
PRF00395,CLT036,PRJ012,REV00395,3120331,2188667,370004.42,14.46,178628,136779,561659.58,57376,88,Low,07-01-2026
PRF00396,CLT033,PRJ013,REV00396,3323628,2170092,555282.96,20.37,147828,329742,598253.04,31223,58,Medium,07-04-2026
PRF00397,CLT003,PRJ005,REV00397,2379990,1091426,860165.8,44.08,741185,204610,428398.2,42550,43,High,27-02-2026
PRF00398,CLT001,PRJ012,REV00398,2396208,1143803,821087.56,41.79,709918,380196,431317.44,98683,65,High,19-12-2025
PRF00399,CLT010,PRJ015,REV00399,3689846,2249032,776641.72,25.67,172827,125247,664172.28,9443,67,Medium,22-09-2025
PRF00400,CLT016,PRJ015,REV00400,3426450,1580785,1228904,43.74,930892,54926,616761,13938,74,High,25-03-2026
PRF00401,CLT022,PRJ003,REV00401,1217946,739059,259656.72,26,207548,318195,219230.28,54432,49,Medium,13-08-2025
PRF00402,CLT001,PRJ008,REV00402,1951488,1228478,371742.16,23.23,145452,366935,351267.84,19805,51,Medium,03-04-2026
PRF00403,CLT028,PRJ017,REV00403,1571403,1074462,214088.46,16.61,509573,284197,282852.54,94547,90,Low,12-02-2026
PRF00404,CLT031,PRJ003,REV00404,4897297,2855352,1160431.54,28.9,621249,332458,881513.46,69962,71,Medium,12-05-2026
PRF00405,CLT035,PRJ018,REV00405,1980340,1195446,428432.8,26.38,989980,495293,356461.2,18264,58,Medium,25-04-2026
PRF00406,CLT030,PRJ005,REV00406,4676320,2753590,1080992.4,28.19,131652,127010,841737.6,47873,49,Medium,25-01-2026
PRF00407,CLT006,PRJ008,REV00407,154670,99169,27660.4,21.81,887619,141006,27840.6,65967,50,Medium,05-02-2026
PRF00408,CLT001,PRJ013,REV00408,3603588,2867296,87646.16,2.97,292616,481229,648645.84,97779,75,Low,27-05-2026
PRF00409,CLT039,PRJ003,REV00409,3979526,2593024,670187.32,20.54,667875,105818,716314.68,8561,53,Medium,02-01-2026
PRF00410,CLT039,PRJ001,REV00410,2643087,1450961,716370.34,33.05,429748,444181,475755.66,51202,86,Medium,24-08-2025
PRF00411,CLT023,PRJ005,REV00411,866881,520458,190384.42,26.78,946699,407281,156038.58,85749,49,Medium,05-02-2026
PRF00412,CLT011,PRJ017,REV00412,4439650,3387806,252707,6.94,936116,459702,799137,11425,71,Low,07-11-2025
PRF00413,CLT007,PRJ015,REV00413,1473694,899444,308985.08,25.57,520415,264451,265264.92,81223,98,Medium,18-02-2026
PRF00414,CLT009,PRJ015,REV00414,4348987,3049542,516627.34,14.49,697828,259337,782817.66,9565,54,Low,26-06-2025
PRF00415,CLT025,PRJ015,REV00415,834361,516687,167489.02,24.48,609917,161482,150184.98,92050,87,Medium,09-11-2025
PRF00416,CLT031,PRJ004,REV00416,3863282,1625595,1542296.24,48.69,766566,142330,695390.76,10956,49,High,26-08-2025
PRF00417,CLT005,PRJ009,REV00417,735425,450584,152464.5,25.28,921934,134247,132376.5,91316,67,Medium,17-06-2025
PRF00418,CLT023,PRJ019,REV00418,133311,90083,19232.02,17.59,103855,286222,23995.98,16478,80,Low,05-04-2026
PRF00419,CLT029,PRJ019,REV00419,356066,199736,92238.12,31.59,578148,267083,64091.88,53790,62,Medium,27-04-2026
PRF00420,CLT023,PRJ018,REV00420,4438666,3379957,259749.12,7.14,781180,58612,798959.88,80774,99,Low,26-11-2025
PRF00421,CLT027,PRJ004,REV00421,4619557,2056912,1731124.74,45.7,838024,461374,831520.26,97144,65,High,25-08-2025
PRF00422,CLT001,PRJ012,REV00422,1928516,1303622,277761.12,17.56,699982,275454,347132.88,31697,75,Low,31-03-2026
PRF00423,CLT026,PRJ007,REV00423,3349388,1447928,1298570.16,47.28,438065,156830,602889.84,12223,45,High,08-09-2025
PRF00424,CLT002,PRJ014,REV00424,1333864,562714,531054.48,48.55,186993,125376,240095.52,82239,41,High,31-10-2025
PRF00425,CLT038,PRJ004,REV00425,3901442,2810257,388925.44,12.16,820724,270152,702259.56,49185,96,Low,31-08-2025
PRF00426,CLT021,PRJ015,REV00426,1401435,749114,400062.7,34.81,735553,65495,252258.3,70248,41,Medium,24-09-2025
PRF00427,CLT034,PRJ017,REV00427,1327971,758001,330935.22,30.39,302432,181120,239034.78,22670,52,Medium,30-09-2025
PRF00428,CLT018,PRJ013,REV00428,4945996,3641760,413956.72,10.21,275373,67699,890279.28,67024,56,Low,28-03-2026
PRF00429,CLT038,PRJ014,REV00429,4500141,2538784,1151331.62,31.2,587982,347517,810025.38,42147,97,Medium,27-05-2026
PRF00430,CLT015,PRJ018,REV00430,3284570,1908610,784737.4,29.14,541699,112526,591222.6,16265,68,Medium,28-09-2025
PRF00431,CLT011,PRJ020,REV00431,3261641,1800468,874077.62,32.68,970161,470748,587095.38,54405,86,Medium,29-10-2025
PRF00432,CLT020,PRJ009,REV00432,2950985,2019976,399831.7,16.52,820999,429717,531177.3,57105,54,Low,15-08-2025
PRF00433,CLT011,PRJ003,REV00433,3144385,2385095,193300.7,7.5,583072,112862,565989.3,16552,60,Low,19-11-2025
PRF00434,CLT010,PRJ019,REV00434,3516960,2742467,141440.2,4.9,791515,389284,633052.8,96373,94,Low,30-05-2026
PRF00435,CLT014,PRJ003,REV00435,4199053,1806009,1637214.46,47.55,481308,252152,755829.54,59301,95,High,21-08-2025
PRF00436,CLT040,PRJ017,REV00436,3407162,1757031,1036841.84,37.11,469053,189239,613289.16,15509,99,High,05-03-2026
PRF00437,CLT036,PRJ003,REV00437,3669463,1912519,1096440.66,36.44,617594,321905,660503.34,56828,46,High,06-04-2026
PRF00438,CLT004,PRJ008,REV00438,1891968,877570,673843.76,43.43,464519,383918,340554.24,37747,85,High,25-05-2026
PRF00439,CLT039,PRJ010,REV00439,76062,33512,28858.84,46.27,450281,60919,13691.16,23267,56,High,21-10-2025
PRF00440,CLT005,PRJ006,REV00440,131653,91589,16366.46,15.16,614496,435254,23697.54,45977,74,Low,27-02-2026
PRF00441,CLT017,PRJ016,REV00441,3105880,2204422,342399.6,13.44,829605,275821,559058.4,47109,53,Low,04-09-2025
PRF00442,CLT006,PRJ007,REV00442,3219033,1513962,1125645.06,42.64,933966,288565,579425.94,74273,90,High,09-01-2026
PRF00443,CLT023,PRJ010,REV00443,119918,80664,17668.76,17.97,105337,275613,21585.24,46170,82,Low,06-06-2025
PRF00444,CLT001,PRJ002,REV00444,1205268,665722,322597.76,32.64,518500,101452,216948.24,34243,98,Medium,09-07-2025
PRF00445,CLT020,PRJ020,REV00445,1503762,1192803,40281.84,3.27,652150,281683,270677.16,90981,60,Low,14-11-2025
PRF00446,CLT033,PRJ012,REV00446,3021193,2105364,372014.26,15.02,232053,261257,543814.74,87828,40,Low,11-05-2026
PRF00447,CLT030,PRJ017,REV00447,505889,224547,190281.98,45.87,619364,121514,91060.02,29300,97,High,12-07-2025
PRF00448,CLT010,PRJ010,REV00448,2657941,1076704,1102807.62,50.6,414492,262104,478429.38,63402,51,High,19-03-2026
PRF00449,CLT016,PRJ018,REV00449,3733688,2873735,187889.16,6.14,504562,415770,672063.84,14068,69,Low,22-07-2025
PRF00450,CLT027,PRJ014,REV00450,284634,151001,82398.88,35.3,624957,498706,51234.12,65956,53,High,27-06-2025
PRF00451,CLT023,PRJ017,REV00451,4353734,1873122,1696939.88,47.53,439818,358728,783672.12,76116,62,High,04-09-2025
PRF00452,CLT038,PRJ020,REV00452,3437100,1516544,1301878,46.19,362651,110017,618678,4904,94,High,19-09-2025
PRF00453,CLT005,PRJ015,REV00453,3190041,2548008,67825.62,2.59,190196,355192,574207.38,3177,80,Low,04-12-2025
PRF00454,CLT007,PRJ007,REV00454,1229124,959990,47891.68,4.75,548278,377926,221242.32,49298,95,Low,30-05-2026
PRF00455,CLT005,PRJ019,REV00455,1116967,856982,58930.94,6.43,159399,336230,201054.06,91425,97,Low,10-02-2026
PRF00456,CLT008,PRJ019,REV00456,2256649,1587622,262830.18,14.2,727203,437600,406196.82,80272,99,Low,05-07-2025
PRF00457,CLT006,PRJ018,REV00457,1136027,596234,335308.14,35.99,902875,247776,204484.86,91152,48,High,22-07-2025
PRF00458,CLT028,PRJ014,REV00458,1205702,542878,445797.64,45.09,362062,476047,217026.36,7455,44,High,03-01-2026
PRF00459,CLT004,PRJ005,REV00459,1564927,922293,360947.14,28.13,870932,476468,281686.86,46787,97,Medium,11-10-2025
PRF00460,CLT015,PRJ015,REV00460,2589390,2022913,100386.8,4.73,419751,438973,466090.2,72478,53,Low,03-06-2026
PRF00461,CLT008,PRJ012,REV00461,1240857,515146,502356.74,49.37,119764,250586,223354.26,50418,68,High,27-03-2026
PRF00462,CLT003,PRJ008,REV00462,3232025,1679581,970679.5,36.63,856334,405451,581764.5,37672,94,High,28-02-2026
PRF00463,CLT035,PRJ015,REV00463,4853338,3449649,530088.16,13.32,381802,395626,873600.84,32835,90,Low,15-02-2026
PRF00464,CLT039,PRJ001,REV00464,2624423,1722932,429094.86,19.94,167154,280917,472396.14,23567,56,Low,10-05-2026
PRF00465,CLT018,PRJ009,REV00465,4201764,1947509,1497937.48,43.48,371638,184975,756317.52,2112,83,High,03-07-2025
PRF00466,CLT023,PRJ018,REV00466,425248,327537,21166.36,6.07,736450,463225,76544.64,47223,61,Low,23-02-2026
PRF00467,CLT027,PRJ012,REV00467,2516779,1658837,404921.78,19.62,788976,430769,453020.22,19670,64,Low,02-03-2026
PRF00468,CLT006,PRJ003,REV00468,1933922,1366435,219381.04,13.83,355882,222325,348105.96,31860,91,Low,17-10-2025
PRF00469,CLT024,PRJ008,REV00469,2690871,1318394,888120.22,40.25,663731,178421,484356.78,53427,83,High,14-04-2026
PRF00470,CLT038,PRJ005,REV00470,2233378,1727866,103503.96,5.65,135730,487182,402008.04,56547,41,Low,26-09-2025
PRF00471,CLT011,PRJ003,REV00471,4369269,2857749,725051.58,20.24,528736,380737,786468.42,58950,87,Medium,02-10-2025
PRF00472,CLT028,PRJ010,REV00472,4052255,3089146,233703.1,7.03,411792,308627,729405.9,44710,43,Low,16-11-2025
PRF00473,CLT037,PRJ017,REV00473,4455643,2998244,655383.26,17.94,387150,305137,802015.74,57529,54,Low,17-09-2025
PRF00474,CLT011,PRJ010,REV00474,2226248,1526114,299409.36,16.4,313008,197764,400724.64,74863,67,Low,08-08-2025
PRF00475,CLT029,PRJ017,REV00475,3857164,2161402,1001472.48,31.66,389520,287745,694289.52,82657,87,Medium,18-06-2025
PRF00476,CLT033,PRJ003,REV00476,2690817,1156766,1049703.94,47.57,953403,148096,484347.06,96149,71,High,13-04-2026
PRF00477,CLT019,PRJ005,REV00477,794167,588359,62857.94,9.65,406305,400211,142950.06,63577,71,Low,18-08-2025
PRF00478,CLT026,PRJ020,REV00478,4608481,2852036,926918.42,24.53,234278,455632,829526.58,63404,93,Medium,04-05-2026
PRF00479,CLT032,PRJ020,REV00479,2020148,838428,818093.36,49.39,863559,164791,363626.64,44543,80,High,06-11-2025
PRF00480,CLT003,PRJ010,REV00480,3487748,1859219,1000734.36,34.99,904092,451611,627794.64,72468,44,Medium,02-11-2025
PRF00481,CLT004,PRJ017,REV00481,3087496,2357965,173781.72,6.86,625860,258633,555749.28,63556,42,Low,26-11-2025
PRF00482,CLT011,PRJ010,REV00482,253376,131497,76271.32,36.71,259223,100099,45607.68,96452,77,High,16-10-2025
PRF00483,CLT026,PRJ007,REV00483,2668837,1746438,442008.34,20.2,837022,329552,480390.66,66400,55,Medium,18-10-2025
PRF00484,CLT025,PRJ001,REV00484,3352135,2122541,626209.7,22.78,317770,306802,603384.3,77779,55,Medium,15-10-2025
PRF00485,CLT006,PRJ005,REV00485,4022128,2706512,591632.96,17.94,672091,312047,723983.04,41027,81,Low,28-12-2025
PRF00486,CLT016,PRJ011,REV00486,4101666,2719506,643860.12,19.14,140959,272393,738299.88,64904,50,Low,09-09-2025
PRF00487,CLT034,PRJ016,REV00487,4639282,2732630,1071581.24,28.17,320848,223107,835070.76,97879,86,Medium,19-12-2025
PRF00488,CLT009,PRJ006,REV00488,4025113,1630641,1669951.66,50.6,686317,168504,724520.34,45214,80,High,25-01-2026
PRF00489,CLT001,PRJ007,REV00489,2433938,1834198,161631.16,8.1,715846,388076,438108.84,50193,61,Low,05-11-2025
PRF00490,CLT037,PRJ019,REV00490,2375636,1796768,151253.52,7.76,636561,473223,427614.48,57630,67,Low,09-03-2026
PRF00491,CLT031,PRJ011,REV00491,4247450,3292831,190078,5.46,563100,306950,764541,91108,90,Low,27-05-2026
PRF00492,CLT017,PRJ004,REV00492,3702512,2848540,187519.84,6.18,425468,222203,666452.16,12334,98,Low,24-07-2025
PRF00493,CLT024,PRJ009,REV00493,159005,103367,27017.1,20.72,779003,443523,28620.9,71511,91,Medium,25-10-2025
PRF00494,CLT007,PRJ002,REV00494,291902,197096,42263.64,17.66,989433,215926,52542.36,92970,50,Low,11-03-2026
PRF00495,CLT038,PRJ012,REV00495,168876,120394,18084.32,13.06,387061,343894,30397.68,45964,47,Low,26-06-2025
PRF00496,CLT022,PRJ015,REV00496,772219,605733,27486.58,4.34,977981,406982,138999.42,84189,100,Low,18-07-2025
PRF00497,CLT013,PRJ005,REV00497,497408,298396,109478.56,26.84,465805,454944,89533.44,84125,73,Medium,22-02-2026
PRF00498,CLT029,PRJ006,REV00498,4959206,2792513,1274035.92,31.33,373516,66487,892657.08,15112,73,Medium,17-02-2026
PRF00499,CLT012,PRJ016,REV00499,3969550,2818472,436559,13.41,421153,135325,714519,61189,74,Low,17-03-2026
PRF00500,CLT012,PRJ001,REV00500,3878943,2796393,384340.26,12.08,911673,191222,698209.74,75692,65,Low,15-05-2026
