forecast_id,client_id,project_id,forecast_period,predicted_revenue,expected_growth_percentage,forecast_confidence_score,forecast_category,forecast_created_date,forecast_owner
FRC00001,CLT008,PRJ001,Jan-26,2953485,29.19,94,Realistic,30-10-2025,Stephanie Warner
FRC00002,CLT001,PRJ006,May-26,4598365,-2.08,84,Optimistic,20-02-2026,Eric Christian
FRC00003,CLT024,PRJ019,Feb-26,852375,31.38,98,Conservative,21-11-2025,Mark Sparks
FRC00004,CLT011,PRJ015,Jan-26,2655374,-1.82,85,Conservative,21-10-2025,Kimberly Potts
FRC00005,CLT016,PRJ018,Feb-26,2636816,38.87,98,Realistic,19-11-2025,Aaron Cortez
FRC00006,CLT001,PRJ004,Sep-25,4934571,23.46,69,Realistic,15-06-2025,Angela Valenzuela
FRC00007,CLT034,PRJ001,May-26,3637690,40.75,76,Conservative,25-02-2026,Gerald Smith
FRC00008,CLT035,PRJ007,Mar-26,3159053,38.98,64,Conservative,16-12-2025,Jack Mccoy
FRC00009,CLT014,PRJ018,Sep-25,6254816,32.08,81,Optimistic,26-06-2025,James Schneider
FRC00010,CLT029,PRJ005,Feb-26,1704610,37.47,63,Optimistic,05-11-2025,Christina Garcia
FRC00011,CLT030,PRJ010,May-26,5367165,-5.71,71,Optimistic,12-02-2026,Ms. Amber Dunn
FRC00012,CLT016,PRJ013,Dec-25,5188986,-12.62,89,Conservative,16-09-2025,Susan Martinez
FRC00013,CLT014,PRJ017,Mar-26,1347902,37.76,67,Optimistic,06-12-2025,Gregory Olson
FRC00014,CLT019,PRJ020,Dec-25,3867384,14.31,95,Conservative,19-09-2025,Kayla Johnson
FRC00015,CLT005,PRJ005,Oct-25,402409,-7.35,70,Optimistic,06-07-2025,Lauren Hodge
FRC00016,CLT022,PRJ014,Sep-25,2483013,27.08,77,Realistic,07-06-2025,Amanda Walker
FRC00017,CLT035,PRJ011,Jun-26,1149471,42.75,83,Realistic,03-03-2026,Kayla Vaughn
FRC00018,CLT021,PRJ004,May-26,3007913,9.5,78,Optimistic,07-02-2026,Jamie Wilkerson
FRC00019,CLT021,PRJ015,Sep-25,4963350,13.39,62,Optimistic,12-06-2025,George Mccarty
FRC00020,CLT027,PRJ019,May-26,4109369,-6.15,93,Conservative,01-02-2026,Charles Bowman
FRC00021,CLT029,PRJ020,Jun-26,5454437,38.83,77,Realistic,08-03-2026,Morgan Taylor
FRC00022,CLT010,PRJ008,May-26,1615212,9.46,86,Conservative,12-02-2026,Nicole Patterson
FRC00023,CLT039,PRJ008,Oct-25,2175824,-13.26,89,Optimistic,24-07-2025,Tiffany Price
FRC00024,CLT014,PRJ015,Feb-26,3389595,42.07,72,Optimistic,03-11-2025,Jennifer Lewis
FRC00025,CLT031,PRJ004,Jul-26,2066893,31.01,97,Conservative,03-04-2026,Dale Glover
FRC00026,CLT020,PRJ020,Jul-26,1289046,-12.54,87,Optimistic,22-04-2026,April Snyder
FRC00027,CLT040,PRJ018,Jun-26,4641763,28.86,71,Realistic,26-03-2026,Joseph Huffman
FRC00028,CLT018,PRJ020,Feb-26,2546690,41.88,79,Conservative,09-11-2025,Christina Mendoza
FRC00029,CLT034,PRJ012,Oct-25,5329644,12.22,77,Conservative,20-07-2025,Melissa Kirk
FRC00030,CLT019,PRJ004,Dec-25,1769418,-4.23,90,Realistic,02-09-2025,Melissa Armstrong
FRC00031,CLT017,PRJ016,Jan-26,751225,19.62,88,Realistic,04-10-2025,Andrew Terry
FRC00032,CLT040,PRJ002,May-26,948045,0.88,78,Conservative,02-03-2026,Kevin Foster
FRC00033,CLT017,PRJ019,May-26,1871304,-1.51,77,Conservative,21-02-2026,Robert Wright
FRC00034,CLT039,PRJ002,Jan-26,4110153,-13.45,97,Realistic,04-10-2025,Jenny Hayes
FRC00035,CLT031,PRJ012,Aug-26,3339754,-5.35,94,Realistic,08-05-2026,Larry Evans
FRC00036,CLT024,PRJ020,Oct-25,4782273,-11.9,65,Optimistic,17-07-2025,Melissa Schmidt
FRC00037,CLT008,PRJ005,Sep-25,2984857,9.93,81,Conservative,13-06-2025,David Garcia
FRC00038,CLT020,PRJ019,Jul-26,4779895,14.06,84,Conservative,27-04-2026,Shannon Santiago
FRC00039,CLT032,PRJ002,Jan-26,5557552,-8.98,80,Conservative,21-10-2025,Patrick Walker
FRC00040,CLT035,PRJ002,Nov-25,841856,40.26,63,Realistic,25-08-2025,Joshua Garner
FRC00041,CLT016,PRJ017,Oct-25,5150866,-4.8,78,Conservative,16-07-2025,Adam Love
FRC00042,CLT023,PRJ019,Apr-26,4871959,3.13,60,Conservative,04-01-2026,Caleb Dunn
FRC00043,CLT039,PRJ016,Apr-26,2832345,21.42,97,Realistic,05-01-2026,Jonathan Brown
FRC00044,CLT019,PRJ011,Oct-25,4641882,32.19,95,Realistic,23-07-2025,Joseph Schultz
FRC00045,CLT017,PRJ018,Oct-25,4736073,25.34,86,Optimistic,13-07-2025,Doris Yates
FRC00046,CLT032,PRJ004,Mar-26,2526870,12.22,88,Optimistic,14-12-2025,Lorraine Smith
FRC00047,CLT024,PRJ018,May-26,3323810,-3.61,97,Optimistic,11-02-2026,Tiffany Bell
FRC00048,CLT010,PRJ020,Jan-26,3063914,17.41,86,Conservative,21-10-2025,Jason Parker
FRC00049,CLT029,PRJ012,Jul-26,1025603,41.72,65,Realistic,22-04-2026,James Walker
FRC00050,CLT018,PRJ020,Apr-26,6097403,7.85,81,Realistic,24-01-2026,Jordan Christian
FRC00051,CLT021,PRJ014,Feb-26,2341648,40.38,82,Conservative,09-11-2025,Shannon Monroe
FRC00052,CLT019,PRJ020,Jan-26,3583757,-5.72,71,Realistic,15-10-2025,Jonathan Long
FRC00053,CLT022,PRJ012,Jan-26,1717224,9.05,96,Conservative,09-10-2025,Amanda Carroll
FRC00054,CLT040,PRJ002,Oct-25,904815,10.44,74,Realistic,16-07-2025,Jerry Miller
FRC00055,CLT020,PRJ007,Dec-25,1264053,4.69,61,Realistic,30-09-2025,Matthew Jimenez
FRC00056,CLT037,PRJ013,May-26,4077818,-13.75,81,Optimistic,01-03-2026,Eugene Rasmussen
FRC00057,CLT033,PRJ004,Dec-25,5788272,6.07,96,Conservative,26-09-2025,Janet Obrien
FRC00058,CLT040,PRJ011,Nov-25,3348857,13.14,65,Conservative,06-08-2025,Lori Reyes
FRC00059,CLT038,PRJ018,Sep-25,485363,-3.71,93,Conservative,30-06-2025,Christopher West
FRC00060,CLT019,PRJ013,Jul-26,3516341,4.78,98,Conservative,06-04-2026,Brandon Douglas
FRC00061,CLT022,PRJ005,Dec-25,5173737,10.4,81,Conservative,08-09-2025,David Griffin
FRC00062,CLT011,PRJ006,Sep-25,1821143,6.86,92,Conservative,23-06-2025,Emily Dyer
FRC00063,CLT039,PRJ005,Jun-26,2611746,37.45,82,Optimistic,12-03-2026,Elizabeth Yates
FRC00064,CLT024,PRJ008,Feb-26,793118,4.12,76,Optimistic,26-11-2025,Michael Gordon
FRC00065,CLT039,PRJ017,Jun-26,1102131,-7.69,75,Conservative,15-03-2026,Andrew Wall
FRC00066,CLT006,PRJ017,Oct-25,742694,32.18,68,Optimistic,11-07-2025,Monica Martin
FRC00067,CLT012,PRJ015,Sep-25,5140467,-6.91,76,Optimistic,03-06-2025,Alyssa Mitchell
FRC00068,CLT023,PRJ002,Apr-26,3732449,7.08,87,Conservative,13-01-2026,Danielle Garcia
FRC00069,CLT021,PRJ004,Aug-26,3298869,21.16,92,Conservative,22-05-2026,Victor White
FRC00070,CLT039,PRJ015,Mar-26,1284814,23.71,85,Realistic,16-12-2025,Stephanie Fitzgerald
FRC00071,CLT002,PRJ006,Aug-26,4955868,0.71,80,Conservative,05-05-2026,Jacob Jones
FRC00072,CLT035,PRJ010,Jan-26,3233603,27.57,95,Optimistic,07-10-2025,Diana Mcconnell
FRC00073,CLT026,PRJ016,Aug-26,4003297,-7.48,93,Optimistic,19-05-2026,Gabriel Butler
FRC00074,CLT015,PRJ012,Apr-26,3252382,-3.22,61,Optimistic,12-01-2026,Peter Marks
FRC00075,CLT014,PRJ019,Jul-26,377811,17.73,98,Optimistic,03-04-2026,Mary Reynolds
FRC00076,CLT023,PRJ013,Nov-25,3758212,4.15,96,Conservative,05-08-2025,Blake Dudley
FRC00077,CLT033,PRJ015,Mar-26,3170179,41.71,87,Optimistic,19-12-2025,Gerald Jackson
FRC00078,CLT026,PRJ012,Feb-26,4146838,-3.32,69,Optimistic,26-11-2025,Jose Meyer
FRC00079,CLT003,PRJ002,Apr-26,1423974,13.42,96,Realistic,15-01-2026,Jessica Williams
FRC00080,CLT022,PRJ004,Feb-26,6214782,28.52,75,Optimistic,10-11-2025,John Barrett
FRC00081,CLT002,PRJ015,Jun-26,4277524,-2.77,89,Conservative,14-03-2026,Brenda Frazier
FRC00082,CLT017,PRJ020,Feb-26,2215627,2.91,85,Realistic,23-11-2025,Barbara Flores DDS
FRC00083,CLT003,PRJ010,Jan-26,851060,0.39,74,Optimistic,27-10-2025,Vernon Cruz
FRC00084,CLT031,PRJ004,Oct-25,1600811,9.41,86,Optimistic,06-07-2025,Colleen Murphy
FRC00085,CLT032,PRJ006,Dec-25,3050284,2.9,89,Conservative,11-09-2025,Samuel Lyons
FRC00086,CLT022,PRJ010,Jun-26,1957065,23.32,88,Realistic,07-03-2026,Rachel Larson DVM
FRC00087,CLT037,PRJ001,Feb-26,3501661,-7.91,86,Conservative,25-11-2025,Melody Armstrong
FRC00088,CLT014,PRJ008,Jun-26,790879,27.23,67,Conservative,25-03-2026,Charles Miles
FRC00089,CLT006,PRJ017,Feb-26,629954,9.93,82,Conservative,07-11-2025,Bonnie Patrick
FRC00090,CLT005,PRJ016,Jan-26,3054322,-6.87,71,Conservative,03-10-2025,Jane Rose
FRC00091,CLT015,PRJ001,Jul-26,283381,28.15,73,Optimistic,23-04-2026,Michael Hernandez
FRC00092,CLT039,PRJ002,Mar-26,537436,17.39,69,Conservative,02-12-2025,Edward Hunter
FRC00093,CLT018,PRJ002,Dec-25,1752041,-12.19,74,Realistic,15-09-2025,Matthew Fleming
FRC00094,CLT030,PRJ002,Sep-25,3943238,-6.95,72,Conservative,06-06-2025,Wendy Bennett
FRC00095,CLT031,PRJ007,Jun-26,3805849,41.23,79,Realistic,30-03-2026,Aaron Sutton
FRC00096,CLT007,PRJ016,Jan-26,3334899,9.84,95,Conservative,06-10-2025,Jessica Escobar
FRC00097,CLT032,PRJ016,Aug-25,1748373,28.22,60,Optimistic,25-05-2025,Michael Walker
FRC00098,CLT040,PRJ020,May-26,4987666,-14.6,66,Conservative,08-02-2026,Cynthia Herman
FRC00099,CLT034,PRJ009,Oct-25,3542689,7.38,60,Conservative,04-07-2025,Jacqueline Peterson
FRC00100,CLT028,PRJ011,Mar-26,1113808,-2.31,73,Conservative,05-12-2025,Suzanne Deleon
FRC00101,CLT026,PRJ003,May-26,1623961,38.79,61,Conservative,22-02-2026,James Cortez
FRC00102,CLT015,PRJ012,Jun-26,3724065,20.15,66,Optimistic,03-03-2026,Michael Watson
FRC00103,CLT018,PRJ004,Dec-25,941682,18.42,84,Optimistic,26-09-2025,John Franklin
FRC00104,CLT034,PRJ006,Nov-25,3885881,3.07,89,Optimistic,19-08-2025,Parker Hernandez
FRC00105,CLT026,PRJ011,Aug-26,4198256,10.84,80,Realistic,21-05-2026,Amber Holmes
FRC00106,CLT008,PRJ019,Mar-26,6181306,18.01,84,Optimistic,20-12-2025,Nicole Castro
FRC00107,CLT026,PRJ018,Sep-25,4486034,43.11,66,Optimistic,10-06-2025,Zachary Vazquez
FRC00108,CLT034,PRJ018,Dec-25,6248843,8.47,73,Conservative,25-09-2025,Paul Osborne
FRC00109,CLT029,PRJ015,Oct-25,648330,27.65,89,Optimistic,27-07-2025,Erin Johnson
FRC00110,CLT012,PRJ014,Jun-26,362015,-3.16,72,Realistic,22-03-2026,Daisy Hayden
FRC00111,CLT032,PRJ017,Oct-25,3095868,-8.15,69,Conservative,14-07-2025,Jennifer Bennett
FRC00112,CLT037,PRJ013,Jan-26,2137651,40.15,72,Realistic,16-10-2025,Antonio Owen
FRC00113,CLT027,PRJ016,Jun-26,4862891,18.92,77,Conservative,27-03-2026,Donald Rasmussen
FRC00114,CLT003,PRJ015,Dec-25,2401919,34.8,68,Optimistic,19-09-2025,Lisa Kim
FRC00115,CLT023,PRJ018,Apr-26,5583131,2.56,75,Conservative,14-01-2026,Kendra Ramirez
FRC00116,CLT018,PRJ014,Feb-26,4140949,37.81,64,Conservative,20-11-2025,Angela Newton
FRC00117,CLT014,PRJ016,Sep-25,3364800,19.68,72,Conservative,18-06-2025,Melissa Lawrence
FRC00118,CLT018,PRJ003,Aug-25,3825567,24.87,97,Optimistic,01-06-2025,Mary Keller
FRC00119,CLT001,PRJ011,Aug-25,1187609,13.66,70,Realistic,25-05-2025,Melissa Melton
FRC00120,CLT010,PRJ014,Nov-25,4798014,-8.97,79,Optimistic,28-08-2025,Alicia Grant
FRC00121,CLT026,PRJ010,Apr-26,609247,-8.24,90,Optimistic,26-01-2026,Amy Mcdaniel
FRC00122,CLT017,PRJ007,Apr-26,704245,2.19,85,Conservative,16-01-2026,Timothy Smith
FRC00123,CLT005,PRJ010,May-26,4390763,-9.83,93,Conservative,18-02-2026,James Benson
FRC00124,CLT011,PRJ012,Mar-26,2651402,38.99,70,Realistic,22-12-2025,Raymond Freeman
FRC00125,CLT008,PRJ008,Aug-25,4851064,36.78,64,Conservative,29-05-2025,Patricia Anderson
FRC00126,CLT004,PRJ006,Jul-26,5732547,37.62,83,Conservative,26-04-2026,James Reyes
FRC00127,CLT035,PRJ008,Oct-25,128422,17.49,63,Optimistic,12-07-2025,Brittany Walker
FRC00128,CLT015,PRJ017,Apr-26,3460582,-9.27,80,Realistic,13-01-2026,Lauren Pennington
FRC00129,CLT013,PRJ005,Oct-25,5895405,-5.14,98,Optimistic,20-07-2025,Pamela Jimenez
FRC00130,CLT006,PRJ008,Aug-26,4372715,2.93,74,Optimistic,19-05-2026,Christopher Garcia
FRC00131,CLT006,PRJ019,Jan-26,2463970,44.83,61,Realistic,11-10-2025,Chris Walker
FRC00132,CLT014,PRJ006,Dec-25,2962828,-12.92,94,Optimistic,25-09-2025,Sean Walker
FRC00133,CLT031,PRJ018,Oct-25,4655491,4.3,75,Realistic,09-07-2025,Joe Butler
FRC00134,CLT015,PRJ019,Dec-25,3789358,-0.81,71,Realistic,08-09-2025,Christopher Vega
FRC00135,CLT039,PRJ008,Jan-26,4959410,40.07,64,Realistic,21-10-2025,Mr. Benjamin Bowman MD
FRC00136,CLT007,PRJ011,Aug-25,3548741,41.92,71,Conservative,25-05-2025,Stephanie Carpenter
FRC00137,CLT037,PRJ002,Nov-25,3463430,-6.56,76,Optimistic,29-08-2025,Angela Fisher
FRC00138,CLT029,PRJ014,Oct-25,3806397,17.76,70,Conservative,29-07-2025,Angela Campbell
FRC00139,CLT039,PRJ020,Dec-25,4507384,41.55,66,Optimistic,29-09-2025,Dale Miller
FRC00140,CLT032,PRJ005,Feb-26,3841776,2.67,91,Conservative,22-11-2025,Scott Foley
FRC00141,CLT025,PRJ006,Nov-25,3841003,-12.32,95,Optimistic,31-08-2025,Alyssa Hopkins
FRC00142,CLT035,PRJ016,Sep-25,2647249,8.69,69,Conservative,06-06-2025,Jessica Goodman
FRC00143,CLT005,PRJ003,Dec-25,5688406,36.4,78,Conservative,24-09-2025,Donna Sullivan
FRC00144,CLT032,PRJ019,Dec-25,4964381,9.18,77,Realistic,23-09-2025,John Meyers
FRC00145,CLT015,PRJ005,Sep-25,4684992,10.01,68,Conservative,07-06-2025,Justin Cook
FRC00146,CLT013,PRJ002,Feb-26,370702,27.28,97,Conservative,11-11-2025,Melissa Lawson
FRC00147,CLT017,PRJ003,Apr-26,359853,36.23,98,Optimistic,03-01-2026,Nicole Chen
FRC00148,CLT020,PRJ009,May-26,3659303,-1.91,81,Realistic,05-02-2026,Jonathan Bailey
FRC00149,CLT020,PRJ007,Apr-26,5737764,-11.59,84,Conservative,27-01-2026,Diana Taylor
FRC00150,CLT013,PRJ011,Jun-26,2531968,32.09,81,Conservative,15-03-2026,Victoria Gill
FRC00151,CLT020,PRJ014,Dec-25,3693252,2.64,86,Optimistic,20-09-2025,Cameron Harris
FRC00152,CLT022,PRJ014,Nov-25,4991453,27.94,65,Optimistic,16-08-2025,Samantha Mccarty
FRC00153,CLT026,PRJ014,Mar-26,3794273,-3.04,92,Conservative,18-12-2025,Michelle White
FRC00154,CLT003,PRJ010,Jul-26,4572398,16.45,61,Conservative,09-04-2026,Calvin Barnett
FRC00155,CLT003,PRJ013,Oct-25,2960711,-12.08,73,Conservative,12-07-2025,Michael Sampson
FRC00156,CLT027,PRJ004,Aug-26,5190096,27.04,82,Conservative,07-05-2026,Carolyn Hobbs
FRC00157,CLT036,PRJ016,Aug-26,2242999,-14.84,76,Realistic,22-05-2026,Ashley Jones
FRC00158,CLT003,PRJ010,Jan-26,3520808,36.07,67,Realistic,14-10-2025,Amanda Randolph
FRC00159,CLT025,PRJ016,May-26,4549068,-7.05,90,Realistic,22-02-2026,John Pittman
FRC00160,CLT005,PRJ009,Jan-26,3238612,37.39,92,Realistic,03-10-2025,Ronald Wilkins
FRC00161,CLT032,PRJ011,Sep-25,3512389,-1.64,85,Realistic,14-06-2025,Kevin Shea
FRC00162,CLT006,PRJ020,Oct-25,3260197,-2.59,67,Optimistic,04-07-2025,John Gray
FRC00163,CLT022,PRJ012,Feb-26,2658626,27.13,66,Realistic,27-11-2025,Ryan Larson
FRC00164,CLT008,PRJ015,Feb-26,6346113,-14.74,86,Conservative,20-11-2025,Adam Day
FRC00165,CLT026,PRJ011,Jul-26,5064683,21.15,92,Conservative,22-04-2026,Julie Salazar
FRC00166,CLT008,PRJ012,Oct-25,5108815,27.61,76,Optimistic,25-07-2025,Jessica Jarvis
FRC00167,CLT019,PRJ007,Nov-25,5667486,12.16,80,Conservative,03-08-2025,Karl Harrison
FRC00168,CLT013,PRJ020,Oct-25,4370572,27.57,95,Realistic,12-07-2025,Lawrence Andrews
FRC00169,CLT017,PRJ001,Mar-26,4543428,-5.78,86,Conservative,29-12-2025,Jessica Davidson
FRC00170,CLT015,PRJ007,Feb-26,3615658,-1.89,67,Realistic,13-11-2025,Jack Johnson
FRC00171,CLT002,PRJ017,Nov-25,3639310,14.21,66,Optimistic,05-08-2025,Tonya Simmons
FRC00172,CLT028,PRJ003,Jun-26,1441953,4.9,67,Conservative,22-03-2026,Michael Weaver
FRC00173,CLT005,PRJ019,Dec-25,751440,32.21,69,Realistic,13-09-2025,Karen Fox
FRC00174,CLT024,PRJ001,Jul-26,5783979,-14.7,74,Conservative,08-04-2026,Julie Nunez
FRC00175,CLT012,PRJ019,Apr-26,542662,23.68,64,Optimistic,04-01-2026,Douglas Aguilar
FRC00176,CLT040,PRJ010,Nov-25,5667680,6.87,89,Realistic,28-08-2025,Amy Turner
FRC00177,CLT036,PRJ004,Mar-26,832779,17.32,94,Conservative,07-12-2025,Michelle Nunez
FRC00178,CLT026,PRJ008,May-26,5996798,-6.97,82,Optimistic,01-02-2026,Timothy Sexton
FRC00179,CLT005,PRJ009,Jun-26,2591728,16.07,84,Realistic,24-03-2026,Colleen Walton
FRC00180,CLT017,PRJ013,Nov-25,2214524,34.03,83,Conservative,18-08-2025,Jeffrey Barber
FRC00181,CLT015,PRJ014,Sep-25,3139395,13.73,70,Realistic,28-06-2025,Christopher Owens
FRC00182,CLT037,PRJ001,May-26,2892526,21.39,98,Conservative,09-02-2026,Robert Smith
FRC00183,CLT009,PRJ004,Aug-26,1913197,10.19,87,Conservative,16-05-2026,Carl Wilson
FRC00184,CLT034,PRJ014,Jan-26,5209717,20.34,60,Conservative,24-10-2025,Christine Williams
FRC00185,CLT034,PRJ004,May-26,126323,26.27,73,Realistic,17-02-2026,Stephanie Thomas
FRC00186,CLT012,PRJ012,Apr-26,6032939,19.66,70,Realistic,18-01-2026,Justin Weber
FRC00187,CLT010,PRJ016,Mar-26,3976217,-1.69,72,Optimistic,14-12-2025,Donna Anderson
FRC00188,CLT015,PRJ020,Sep-25,386776,-14.98,82,Realistic,22-06-2025,Nicole Rogers
FRC00189,CLT026,PRJ019,May-26,2400994,-8.61,89,Conservative,31-01-2026,James Shannon
FRC00190,CLT005,PRJ013,Jan-26,2228556,33.01,90,Realistic,03-10-2025,Kenneth Anderson
FRC00191,CLT012,PRJ007,Oct-25,1929779,0.92,90,Realistic,22-07-2025,Brandon Harding
FRC00192,CLT037,PRJ009,Jun-26,1937280,-1.67,73,Realistic,10-03-2026,James Lawrence
FRC00193,CLT040,PRJ009,Oct-25,5739828,13.28,66,Conservative,18-07-2025,Robert Williams
FRC00194,CLT028,PRJ013,Mar-26,1644883,-6.03,73,Realistic,29-12-2025,Judith Lopez
FRC00195,CLT029,PRJ011,Oct-25,3469837,40.91,80,Conservative,26-07-2025,Charles Torres
FRC00196,CLT006,PRJ013,Nov-25,3047715,37.1,98,Conservative,05-08-2025,Suzanne Robinson
FRC00197,CLT024,PRJ019,Mar-26,4162229,36.25,93,Optimistic,10-12-2025,Alexis Gibbs
FRC00198,CLT006,PRJ013,Apr-26,2147535,11.59,97,Conservative,24-01-2026,Nancy Rice
FRC00199,CLT037,PRJ014,Jul-26,5847134,17.38,91,Realistic,12-04-2026,Stacy Davis
FRC00200,CLT019,PRJ020,Mar-26,134665,9.7,94,Realistic,01-12-2025,Victoria Johnson
FRC00201,CLT009,PRJ010,Oct-25,4634340,27.03,74,Optimistic,02-08-2025,Nichole Walters
FRC00202,CLT022,PRJ014,May-26,4861557,32.49,75,Realistic,11-02-2026,Paul Johnson
FRC00203,CLT003,PRJ007,Jul-26,1121811,8.35,67,Optimistic,30-04-2026,Edward Wolf
FRC00204,CLT011,PRJ009,Aug-26,1119652,-14.46,63,Realistic,21-05-2026,Michael Blake
FRC00205,CLT007,PRJ005,Mar-26,2310486,23.68,94,Conservative,28-12-2025,Ashley Torres
FRC00206,CLT035,PRJ012,Jul-26,4260359,18.27,75,Realistic,25-04-2026,Angela Burgess
FRC00207,CLT025,PRJ007,Nov-25,4843705,21.78,62,Conservative,13-08-2025,Hannah Chan
FRC00208,CLT032,PRJ017,Mar-26,2353528,21.36,93,Optimistic,22-12-2025,Ariana Wilcox
FRC00209,CLT014,PRJ017,Feb-26,1086029,-3.63,70,Optimistic,06-11-2025,Randy Torres
FRC00210,CLT011,PRJ018,Nov-25,4321386,44.49,83,Realistic,16-08-2025,Jasmine Phillips
FRC00211,CLT003,PRJ010,Nov-25,212918,3.11,69,Optimistic,05-08-2025,Elizabeth Mckinney
FRC00212,CLT015,PRJ009,Nov-25,2865161,19.14,82,Realistic,19-08-2025,Patrick Smith
FRC00213,CLT039,PRJ001,Feb-26,3949273,-12.53,69,Optimistic,08-11-2025,Heidi Williams
FRC00214,CLT004,PRJ018,Jun-26,2836704,11.07,80,Conservative,16-03-2026,Emily Russell
FRC00215,CLT027,PRJ014,May-26,3141990,20.63,63,Optimistic,01-03-2026,Eric Moore
FRC00216,CLT022,PRJ004,Jun-26,4634083,-2.46,72,Conservative,13-03-2026,Barbara Smith
FRC00217,CLT001,PRJ003,Feb-26,2517495,6.61,95,Conservative,16-11-2025,Stephen Mason
FRC00218,CLT034,PRJ010,Jan-26,5221837,-13.9,68,Optimistic,14-10-2025,Anthony Smith
FRC00219,CLT040,PRJ008,Aug-26,2733540,43.23,87,Optimistic,11-05-2026,Virginia Powell
FRC00220,CLT005,PRJ018,May-26,1322785,37.78,98,Conservative,02-02-2026,Tammy Rivera
FRC00221,CLT015,PRJ001,Jan-26,853309,35.77,86,Optimistic,05-10-2025,Andrea Ford
FRC00222,CLT014,PRJ003,Nov-25,4434418,4.49,62,Optimistic,12-08-2025,Timothy Stokes
FRC00223,CLT003,PRJ018,Jan-26,5176082,-3.61,92,Optimistic,26-10-2025,Colleen Brooks
FRC00224,CLT035,PRJ005,Aug-26,4318374,-4.27,65,Conservative,21-05-2026,Melanie Rodriguez
FRC00225,CLT033,PRJ020,Jan-26,4270953,31.1,68,Optimistic,24-10-2025,Kristina Hall
FRC00226,CLT030,PRJ016,Jan-26,4746635,37.96,63,Optimistic,02-11-2025,Karen Henry
FRC00227,CLT003,PRJ005,Jan-26,370154,21.2,62,Optimistic,13-10-2025,Thomas Hill
FRC00228,CLT025,PRJ003,Apr-26,3949438,13.25,90,Conservative,23-01-2026,Marco Montgomery
FRC00229,CLT028,PRJ020,Aug-26,3242953,21.86,86,Realistic,09-05-2026,Roger Harris
FRC00230,CLT014,PRJ001,May-26,1981103,-10.93,81,Conservative,10-02-2026,Vickie Odom
FRC00231,CLT009,PRJ016,Sep-25,4595696,32.04,69,Realistic,17-06-2025,Laura Martin
FRC00232,CLT035,PRJ006,May-26,4231878,36.88,93,Realistic,10-02-2026,Marie Robbins
FRC00233,CLT003,PRJ007,Feb-26,1092630,32.94,84,Conservative,16-11-2025,Alexander Ellis
FRC00234,CLT003,PRJ020,May-26,941351,-12.23,77,Optimistic,13-02-2026,Mario Mccormick
FRC00235,CLT040,PRJ018,Dec-25,1028123,17.96,63,Optimistic,02-10-2025,Donna Brown
FRC00236,CLT026,PRJ006,Mar-26,4204732,4.94,74,Optimistic,20-12-2025,Dustin Mcdonald
FRC00237,CLT024,PRJ013,Jun-26,3364314,-13.18,95,Conservative,23-03-2026,Jeremy Hall
FRC00238,CLT030,PRJ013,Jan-26,4722016,17.88,96,Realistic,04-10-2025,Kendra Goodman
FRC00239,CLT021,PRJ018,Jul-26,4097452,-10.82,94,Realistic,24-04-2026,Debra Martinez
FRC00240,CLT013,PRJ007,Oct-25,3583946,28.07,67,Realistic,15-07-2025,Samantha Oconnell
FRC00241,CLT038,PRJ013,Dec-25,3026843,11.11,69,Conservative,29-09-2025,Rebecca Jackson
FRC00242,CLT006,PRJ005,Oct-25,4197725,22.39,86,Conservative,17-07-2025,Nicholas Flores
FRC00243,CLT037,PRJ016,Aug-26,3374418,42.7,63,Realistic,12-05-2026,Debra Johnson
FRC00244,CLT030,PRJ017,Feb-26,5334238,10.26,61,Realistic,04-11-2025,Cynthia King
FRC00245,CLT005,PRJ009,Sep-25,1224856,36.47,81,Optimistic,28-06-2025,Michael Thomas
FRC00246,CLT032,PRJ014,Jan-26,3633934,23.25,84,Conservative,22-10-2025,Michelle Cross
FRC00247,CLT010,PRJ017,Mar-26,4634135,11.93,66,Realistic,31-12-2025,Ashley Walls
FRC00248,CLT016,PRJ019,Jun-26,1860368,26.42,78,Realistic,09-03-2026,Eric Vazquez
FRC00249,CLT006,PRJ002,Nov-25,2029565,27.48,77,Realistic,08-08-2025,Jacob Hickman
FRC00250,CLT011,PRJ003,Mar-26,646427,44.76,73,Conservative,12-12-2025,Lisa Cox
FRC00251,CLT017,PRJ004,Mar-26,872742,11.75,90,Realistic,16-12-2025,Micheal Shaw
FRC00252,CLT005,PRJ018,Jan-26,84458,31.79,72,Optimistic,08-10-2025,Trevor Perry
FRC00253,CLT013,PRJ010,Apr-26,3573141,6.56,91,Conservative,22-01-2026,Jose Shaw
FRC00254,CLT003,PRJ011,Dec-25,3592649,-2.3,68,Optimistic,11-09-2025,Daniel Morgan
FRC00255,CLT020,PRJ004,Feb-26,1911214,14.83,62,Conservative,13-11-2025,Mr. Brian Ford Jr.
FRC00256,CLT018,PRJ005,Apr-26,3967401,-5.1,65,Conservative,02-01-2026,Ashley Nguyen
FRC00257,CLT031,PRJ005,Aug-26,1402564,12.03,95,Optimistic,09-05-2026,Sabrina Gutierrez
FRC00258,CLT040,PRJ012,Oct-25,5711824,31.22,78,Optimistic,14-07-2025,Tracy Hernandez
FRC00259,CLT030,PRJ002,Jul-26,585848,32.13,74,Optimistic,27-04-2026,Gabriel Young
FRC00260,CLT013,PRJ013,Feb-26,2503965,14.06,81,Optimistic,04-11-2025,Brandy Brown
FRC00261,CLT018,PRJ005,Jan-26,4413811,30.62,60,Conservative,04-10-2025,Jamie Collins
FRC00262,CLT021,PRJ014,Jan-26,2251560,38.9,75,Optimistic,13-10-2025,Madison Price
FRC00263,CLT027,PRJ007,Nov-25,3223957,44.94,60,Conservative,26-08-2025,Megan Lyons
FRC00264,CLT034,PRJ002,Mar-26,4028993,19.51,62,Realistic,13-12-2025,Ashley Garcia
FRC00265,CLT005,PRJ018,Dec-25,2199720,17.38,88,Realistic,29-09-2025,Glenn Walls
FRC00266,CLT035,PRJ018,Jul-26,3336279,32.99,67,Conservative,02-04-2026,Brian Schroeder
FRC00267,CLT014,PRJ017,Jun-26,261875,17.49,91,Conservative,25-03-2026,Kyle Frazier
FRC00268,CLT036,PRJ015,Jan-26,2864865,32.36,71,Optimistic,06-10-2025,Julie Phillips
FRC00269,CLT010,PRJ006,Aug-26,1162837,-7.41,85,Realistic,24-05-2026,Trevor Hansen
FRC00270,CLT021,PRJ005,Jan-26,5521432,27.33,88,Realistic,21-10-2025,Wesley Evans
FRC00271,CLT013,PRJ019,May-26,2496772,-9.98,69,Conservative,15-02-2026,Sandra Townsend
FRC00272,CLT024,PRJ001,May-26,3167921,37.46,93,Realistic,01-03-2026,Sarah Alexander
FRC00273,CLT006,PRJ001,Dec-25,2859152,12.73,61,Optimistic,01-10-2025,Charles Curtis
FRC00274,CLT031,PRJ004,Apr-26,3062967,39.41,83,Conservative,21-01-2026,Jonathan Yu
FRC00275,CLT017,PRJ006,Feb-26,589844,37.7,71,Optimistic,18-11-2025,Valerie Hicks
FRC00276,CLT021,PRJ011,Dec-25,2778403,26.3,72,Conservative,01-10-2025,Brian Graham
FRC00277,CLT035,PRJ018,Mar-26,1095929,-8.01,67,Optimistic,23-12-2025,Courtney Perry
FRC00278,CLT015,PRJ010,Feb-26,2326579,26.45,76,Optimistic,21-11-2025,Joseph Martinez
FRC00279,CLT007,PRJ004,Jul-26,1877244,25.24,72,Realistic,09-04-2026,Benjamin Ramirez
FRC00280,CLT007,PRJ007,Nov-25,4731144,26.89,89,Optimistic,31-08-2025,Ryan Vargas
FRC00281,CLT024,PRJ010,Feb-26,443419,-8.06,60,Conservative,18-11-2025,Corey Warner
FRC00282,CLT029,PRJ017,Jan-26,936427,9.04,97,Conservative,23-10-2025,Jason Foster
FRC00283,CLT026,PRJ012,Nov-25,4084407,-6.16,98,Conservative,05-08-2025,Judy Guerra
FRC00284,CLT040,PRJ004,Apr-26,787399,12.96,88,Realistic,06-01-2026,John Campbell
FRC00285,CLT003,PRJ002,Mar-26,5955347,3.18,90,Conservative,09-12-2025,Austin Hays
FRC00286,CLT026,PRJ009,Jul-26,3950401,-11.31,75,Optimistic,03-04-2026,Dr. Maria Dougherty
FRC00287,CLT005,PRJ010,Jan-26,3424536,4.57,96,Optimistic,16-10-2025,Kathryn Wilkinson
FRC00288,CLT014,PRJ011,Oct-25,5268042,5.37,65,Conservative,14-07-2025,Kevin Hernandez
FRC00289,CLT022,PRJ009,Feb-26,5541917,10.63,61,Conservative,09-11-2025,Suzanne Carter
FRC00290,CLT032,PRJ007,Dec-25,5184098,33.54,86,Realistic,04-09-2025,Paul Perkins
FRC00291,CLT027,PRJ009,Apr-26,2754914,26.21,72,Optimistic,05-01-2026,Wendy Miller
FRC00292,CLT018,PRJ018,Dec-25,434662,36.58,91,Optimistic,24-09-2025,Nicole Brown
FRC00293,CLT021,PRJ011,May-26,5549754,29.9,80,Conservative,05-02-2026,Nicole Keller
FRC00294,CLT018,PRJ005,Oct-25,5019805,3.49,88,Realistic,25-07-2025,Leslie Morton
FRC00295,CLT006,PRJ008,Jan-26,2347823,4.03,76,Conservative,28-10-2025,John Brown
FRC00296,CLT036,PRJ011,Oct-25,346233,23.5,80,Realistic,19-07-2025,Edward King
FRC00297,CLT012,PRJ019,Aug-25,3090514,9.87,70,Optimistic,25-05-2025,Melanie Shaw
FRC00298,CLT017,PRJ005,Jul-26,3787915,-14.15,87,Optimistic,08-04-2026,Denise Norton
FRC00299,CLT013,PRJ014,Jul-26,3896426,43.57,84,Conservative,09-04-2026,Martin Woods
FRC00300,CLT005,PRJ004,Aug-25,627692,13.26,97,Optimistic,24-05-2025,Joseph Shelton
FRC00301,CLT022,PRJ015,Feb-26,870234,-6.49,80,Conservative,27-11-2025,Julia Rose
FRC00302,CLT029,PRJ002,Feb-26,1462788,-12.85,67,Realistic,12-11-2025,Charles Miranda
FRC00303,CLT011,PRJ017,Aug-26,2864617,20.14,83,Conservative,23-05-2026,Ann Todd
FRC00304,CLT002,PRJ003,Dec-25,4286179,20.65,85,Realistic,10-09-2025,Justin Mckee
FRC00305,CLT002,PRJ007,Aug-26,4123737,30.15,91,Realistic,18-05-2026,Brandon Spears
FRC00306,CLT039,PRJ014,Jul-26,4233609,11.05,90,Realistic,23-04-2026,Tracy Stewart
FRC00307,CLT020,PRJ008,Mar-26,4821141,18.06,67,Conservative,25-12-2025,Katrina Howard
FRC00308,CLT012,PRJ013,Aug-26,888321,20.23,94,Optimistic,24-05-2026,Tammy Allen PhD
FRC00309,CLT011,PRJ016,May-26,4628031,22.11,69,Conservative,26-02-2026,Kevin Jones
FRC00310,CLT035,PRJ007,Mar-26,2719844,13.44,81,Optimistic,02-12-2025,Kevin White
FRC00311,CLT027,PRJ016,Jul-26,5203831,44.94,77,Conservative,28-04-2026,Michael Woods
FRC00312,CLT040,PRJ012,Jun-26,4417004,28.57,70,Conservative,01-04-2026,Terry Lin
FRC00313,CLT006,PRJ016,Dec-25,1936795,14.53,64,Realistic,09-09-2025,Timothy Mercado
FRC00314,CLT008,PRJ018,Jul-26,4394254,6.31,92,Optimistic,18-04-2026,Veronica Harris
FRC00315,CLT014,PRJ012,Aug-26,3175055,15.35,78,Conservative,15-05-2026,Jerry Reed
FRC00316,CLT027,PRJ012,Oct-25,2712513,16.78,70,Realistic,16-07-2025,Corey Mendez
FRC00317,CLT010,PRJ019,Sep-25,5557917,38.15,82,Conservative,17-06-2025,Kimberly Williams
FRC00318,CLT020,PRJ003,Aug-25,5989459,28.13,75,Realistic,27-05-2025,Christine Sanchez
FRC00319,CLT004,PRJ012,Jun-26,5738943,30.39,84,Conservative,30-03-2026,Christina Vargas
FRC00320,CLT034,PRJ019,Aug-26,4000165,27.7,76,Conservative,17-05-2026,Christina Rice
FRC00321,CLT032,PRJ014,May-26,1681264,14.09,67,Realistic,01-02-2026,Luis Sherman
FRC00322,CLT010,PRJ004,Oct-25,2760175,2.64,64,Optimistic,25-07-2025,Lisa Chapman
FRC00323,CLT037,PRJ015,Jan-26,3552094,28.2,94,Optimistic,18-10-2025,Valerie Baker
FRC00324,CLT006,PRJ006,Oct-25,294885,31.3,90,Conservative,14-07-2025,Thomas Morales
FRC00325,CLT035,PRJ006,Jan-26,3067465,34.78,61,Conservative,21-10-2025,Jordan Perkins
FRC00326,CLT008,PRJ004,Nov-25,1572896,0.33,86,Realistic,18-08-2025,Robert Nguyen
FRC00327,CLT013,PRJ008,Aug-26,5787908,30.14,95,Conservative,15-05-2026,Anthony Watson
FRC00328,CLT036,PRJ005,Jul-26,5780771,35.78,70,Optimistic,18-04-2026,Daniel Smith
FRC00329,CLT017,PRJ013,Mar-26,2333302,-12.27,81,Conservative,22-12-2025,Stefanie Walsh
FRC00330,CLT018,PRJ008,Mar-26,3156291,42.54,94,Optimistic,11-12-2025,Brian Smith
FRC00331,CLT035,PRJ001,Oct-25,4400942,43.32,82,Optimistic,05-07-2025,Nicholas Santana
FRC00332,CLT020,PRJ008,Jul-26,5287473,14.57,64,Conservative,26-04-2026,Mary Hayes
FRC00333,CLT017,PRJ019,Aug-25,2559441,1.46,91,Realistic,01-06-2025,Scott Woodard
FRC00334,CLT015,PRJ002,Oct-25,3961066,-14.69,66,Optimistic,03-07-2025,Nichole Golden
FRC00335,CLT022,PRJ009,Jun-26,1237670,34.95,80,Conservative,14-03-2026,Kyle Lee
FRC00336,CLT029,PRJ002,Jul-26,3913669,-11.65,66,Realistic,03-04-2026,Thomas Simmons
FRC00337,CLT034,PRJ011,Jun-26,1781613,20.71,63,Optimistic,21-03-2026,Patricia Clark
FRC00338,CLT023,PRJ010,Mar-26,5649597,13.17,72,Optimistic,19-12-2025,Emma Flores
FRC00339,CLT030,PRJ020,Mar-26,3058189,4.72,81,Conservative,27-12-2025,Stephen Tucker
FRC00340,CLT001,PRJ012,Jan-26,760201,-8.09,71,Optimistic,05-10-2025,Joshua Long
FRC00341,CLT007,PRJ001,Feb-26,1383294,38.1,69,Optimistic,10-11-2025,David Reynolds
FRC00342,CLT025,PRJ012,Jul-26,4479599,30.78,64,Optimistic,03-04-2026,Samuel English
FRC00343,CLT033,PRJ012,Aug-25,5316989,27.75,75,Realistic,28-05-2025,Bianca Wood
FRC00344,CLT025,PRJ019,Mar-26,3428021,-6.94,91,Realistic,25-12-2025,James Allen
FRC00345,CLT029,PRJ008,Jul-26,826552,35.56,81,Realistic,27-04-2026,Joseph Koch
FRC00346,CLT018,PRJ007,Sep-25,1597056,29.39,73,Realistic,04-06-2025,Jason Morris
FRC00347,CLT036,PRJ015,Sep-25,4620865,35.75,82,Realistic,02-07-2025,Amy Randall
FRC00348,CLT026,PRJ018,Feb-26,3720650,-5.78,65,Optimistic,19-11-2025,Melissa Meadows
FRC00349,CLT003,PRJ020,Dec-25,320745,39.68,70,Optimistic,21-09-2025,April Thornton
FRC00350,CLT005,PRJ013,Feb-26,2250587,10.93,85,Conservative,19-11-2025,Rebecca Robinson
FRC00351,CLT037,PRJ016,May-26,4890190,-9.53,85,Conservative,24-02-2026,Carrie Jenkins
FRC00352,CLT035,PRJ010,Apr-26,806650,39.13,89,Optimistic,25-01-2026,Robert Allen
FRC00353,CLT030,PRJ013,Dec-25,3686891,-14.36,90,Realistic,10-09-2025,Kyle Smith
FRC00354,CLT002,PRJ020,Nov-25,1691268,29.49,88,Conservative,19-08-2025,Gregory Mack
FRC00355,CLT034,PRJ004,Jul-26,3379148,-14.72,74,Optimistic,15-04-2026,James Baker
FRC00356,CLT011,PRJ002,Aug-25,5384418,4.36,60,Realistic,27-05-2025,Stephanie Collins
FRC00357,CLT018,PRJ020,Aug-26,514718,3.09,64,Realistic,22-05-2026,Victoria Clark
FRC00358,CLT025,PRJ017,Jul-26,2239256,44.3,78,Optimistic,07-04-2026,Carl Krause
FRC00359,CLT003,PRJ008,Sep-25,4851451,4.05,98,Realistic,10-06-2025,Eric White
FRC00360,CLT001,PRJ003,Feb-26,4560138,23.06,87,Optimistic,10-11-2025,Jeff Campbell
FRC00361,CLT037,PRJ015,Jun-26,2014092,42.06,98,Conservative,16-03-2026,Karen Carpenter
FRC00362,CLT017,PRJ013,Jun-26,3123727,18.73,83,Realistic,10-03-2026,Glen Klein
FRC00363,CLT005,PRJ014,Mar-26,480481,-5.26,62,Realistic,09-12-2025,Richard Vega
FRC00364,CLT010,PRJ009,Dec-25,4735890,-0.16,76,Conservative,24-09-2025,Sandy Goodwin
FRC00365,CLT025,PRJ019,Nov-25,4516054,19.36,93,Realistic,14-08-2025,James Clark
FRC00366,CLT011,PRJ006,May-26,2153469,-4.08,78,Optimistic,05-02-2026,Gary Dixon
FRC00367,CLT022,PRJ001,May-26,2126211,30.63,81,Conservative,01-02-2026,Jonathan Schultz
FRC00368,CLT022,PRJ011,Feb-26,2198252,7.71,83,Realistic,15-11-2025,Ryan Brown
FRC00369,CLT031,PRJ017,Mar-26,2134033,23.03,84,Realistic,01-12-2025,Audrey Wilson
FRC00370,CLT034,PRJ019,Feb-26,4884578,32.81,87,Conservative,18-11-2025,Amber White
FRC00371,CLT025,PRJ009,Nov-25,2763140,25.24,74,Optimistic,01-09-2025,Jonathan Glass
FRC00372,CLT008,PRJ003,May-26,1862874,-7.35,66,Realistic,04-02-2026,Leslie Hays
FRC00373,CLT010,PRJ010,Apr-26,2140985,-6.15,84,Optimistic,12-01-2026,Stephanie Shields
FRC00374,CLT014,PRJ008,Apr-26,660494,8.51,78,Conservative,17-01-2026,Sean Perkins
FRC00375,CLT007,PRJ005,Jun-26,6211597,35.99,96,Optimistic,03-03-2026,Lisa Juarez
FRC00376,CLT028,PRJ006,Jun-26,556894,-4.22,65,Realistic,24-03-2026,Don Stephens
FRC00377,CLT029,PRJ012,Mar-26,1321468,14.35,96,Optimistic,11-12-2025,Crystal Wilson
FRC00378,CLT035,PRJ006,Jul-26,278969,17.19,80,Optimistic,08-04-2026,Brandi Dennis
FRC00379,CLT011,PRJ003,Jan-26,2648700,43.8,93,Realistic,20-10-2025,Ryan Smith
FRC00380,CLT007,PRJ002,Jun-26,399176,36.37,89,Optimistic,24-03-2026,Jennifer Bell
FRC00381,CLT010,PRJ018,Jul-26,808156,44.72,77,Optimistic,04-04-2026,Lindsay Hays
FRC00382,CLT027,PRJ003,May-26,1043766,1.4,93,Realistic,27-02-2026,Garrett Christensen
FRC00383,CLT018,PRJ020,Oct-25,521803,8.37,83,Conservative,27-07-2025,Ronald Lopez
FRC00384,CLT027,PRJ015,Apr-26,4985500,2.21,96,Optimistic,26-01-2026,Desiree Valencia
FRC00385,CLT032,PRJ001,Jul-26,5420322,14.87,98,Realistic,26-04-2026,Dawn Collins
FRC00386,CLT015,PRJ006,May-26,3682313,42.15,96,Realistic,15-02-2026,Crystal Lopez
FRC00387,CLT003,PRJ015,Dec-25,4761809,21.93,65,Conservative,26-09-2025,Angela Roach
FRC00388,CLT032,PRJ001,Jun-26,2490607,7.46,72,Optimistic,31-03-2026,Alan Moore
FRC00389,CLT026,PRJ014,Aug-26,3376535,-3.06,67,Optimistic,18-05-2026,Robert Hernandez PhD
FRC00390,CLT023,PRJ017,Jul-26,2731451,5.53,75,Realistic,14-04-2026,James Davis
FRC00391,CLT016,PRJ014,Feb-26,4964525,28.83,63,Realistic,28-11-2025,Kelly Perez
FRC00392,CLT015,PRJ008,Jul-26,3861554,10.62,78,Realistic,01-05-2026,Karen Castillo
FRC00393,CLT012,PRJ009,Sep-25,3267642,-9.19,97,Realistic,14-06-2025,Gregory Hampton
FRC00394,CLT039,PRJ004,Jun-26,5506635,34.04,72,Realistic,05-03-2026,Catherine Melendez
FRC00395,CLT036,PRJ012,Mar-26,3668577,-10.94,94,Conservative,28-12-2025,Gerald Baldwin
FRC00396,CLT033,PRJ013,Jun-26,3493399,-2.58,70,Optimistic,28-03-2026,Joel Mcdaniel
FRC00397,CLT003,PRJ005,May-26,2957670,32.44,68,Realistic,17-02-2026,Joseph Butler
FRC00398,CLT001,PRJ012,Mar-26,3219613,17.24,77,Optimistic,09-12-2025,Jasmine Williams
FRC00399,CLT010,PRJ015,Dec-25,4423344,13.74,98,Optimistic,12-09-2025,Elizabeth Romero
FRC00400,CLT016,PRJ015,Jun-26,4428336,28.61,98,Optimistic,15-03-2026,Cole Garrett
FRC00401,CLT022,PRJ003,Nov-25,1576800,38.54,94,Realistic,03-08-2025,Shane Harris
FRC00402,CLT001,PRJ008,Jun-26,2216995,6.2,83,Optimistic,24-03-2026,Anna Soto
FRC00403,CLT028,PRJ017,May-26,1792136,25.04,80,Optimistic,02-02-2026,Justin Campbell
FRC00404,CLT031,PRJ003,Jul-26,5616788,-6.32,86,Conservative,02-05-2026,Derrick Wolf
FRC00405,CLT035,PRJ018,Jul-26,2392416,27.9,82,Realistic,15-04-2026,Nicole Huang
FRC00406,CLT030,PRJ005,Apr-26,4988509,34.67,98,Optimistic,15-01-2026,Kristin Reed
FRC00407,CLT006,PRJ008,Apr-26,197919,9.99,62,Conservative,26-01-2026,Teresa Giles
FRC00408,CLT001,PRJ013,Aug-26,4062743,27.68,74,Realistic,17-05-2026,Dr. Bryan Rowland MD
FRC00409,CLT039,PRJ003,Mar-26,5166125,23.51,78,Optimistic,23-12-2025,Derrick Gutierrez
FRC00410,CLT039,PRJ001,Nov-25,2965809,40.75,92,Optimistic,14-08-2025,Roy Lee
FRC00411,CLT023,PRJ005,Apr-26,936492,29.49,74,Optimistic,26-01-2026,Robert Gardner
FRC00412,CLT011,PRJ017,Jan-26,5113172,32.12,79,Conservative,28-10-2025,Julie Mcbride
FRC00413,CLT007,PRJ015,May-26,1708009,1.81,83,Realistic,08-02-2026,Christian Howell
FRC00414,CLT009,PRJ015,Sep-25,5105529,-9.99,84,Optimistic,16-06-2025,Charles Paul
FRC00415,CLT025,PRJ015,Jan-26,1101388,23.55,81,Conservative,30-10-2025,Donald Tapia
FRC00416,CLT031,PRJ004,Nov-25,4225094,41.91,77,Realistic,16-08-2025,Casey Daniels
FRC00417,CLT005,PRJ009,Sep-25,819433,10.18,94,Conservative,07-06-2025,Ricardo Peterson
FRC00418,CLT023,PRJ019,Jun-26,143088,20.83,93,Conservative,26-03-2026,Robert Campbell
FRC00419,CLT029,PRJ019,Jul-26,456588,26.79,91,Conservative,17-04-2026,Kyle Cantu
FRC00420,CLT023,PRJ018,Feb-26,5271568,40.58,66,Optimistic,16-11-2025,Theresa Kaiser
FRC00421,CLT027,PRJ004,Nov-25,5967364,15.2,86,Conservative,15-08-2025,Holly Cunningham
FRC00422,CLT001,PRJ012,Jun-26,2177969,37.78,81,Optimistic,21-03-2026,David Zamora
FRC00423,CLT026,PRJ007,Nov-25,4156195,-7.27,95,Optimistic,29-08-2025,Gavin Smith
FRC00424,CLT002,PRJ014,Jan-26,1697611,7.94,63,Realistic,21-10-2025,Joseph Smith
FRC00425,CLT038,PRJ004,Nov-25,4403161,-6.49,64,Optimistic,21-08-2025,Suzanne Larson
FRC00426,CLT021,PRJ015,Dec-25,1748850,39.22,67,Optimistic,14-09-2025,Katrina Jennings
FRC00427,CLT034,PRJ017,Dec-25,1406121,38.91,92,Realistic,20-09-2025,Sherry Key MD
FRC00428,CLT018,PRJ013,Jun-26,6371579,3.7,64,Realistic,18-03-2026,Alan Turner
FRC00429,CLT038,PRJ014,Aug-26,5817386,-8.12,81,Optimistic,17-05-2026,Jamie Combs
FRC00430,CLT015,PRJ018,Dec-25,3550213,16.64,62,Realistic,18-09-2025,Tyler Newton
FRC00431,CLT011,PRJ020,Jan-26,4054545,2.1,90,Optimistic,19-10-2025,Jonathan Oneill
FRC00432,CLT020,PRJ009,Nov-25,3535709,31.48,66,Realistic,05-08-2025,Connor Bass
FRC00433,CLT011,PRJ003,Feb-26,3546571,37.08,68,Conservative,09-11-2025,Ethan Stephens
FRC00434,CLT010,PRJ019,Aug-26,4249460,-7.66,95,Optimistic,20-05-2026,Jesse Nelson
FRC00435,CLT014,PRJ003,Nov-25,4998742,25.23,68,Optimistic,11-08-2025,Megan Simmons
FRC00436,CLT040,PRJ017,May-26,4278985,10.39,93,Realistic,23-02-2026,Lori Webster
FRC00437,CLT036,PRJ003,Jun-26,4412081,15.13,93,Conservative,27-03-2026,Kimberly Sanchez
FRC00438,CLT004,PRJ008,Aug-26,2137646,-12.86,70,Optimistic,15-05-2026,Megan Thompson
FRC00439,CLT039,PRJ010,Jan-26,94060,39.47,90,Realistic,11-10-2025,Danielle Stephens
FRC00440,CLT005,PRJ006,May-26,157521,19.99,81,Realistic,17-02-2026,Jacob Mckenzie
FRC00441,CLT017,PRJ016,Nov-25,3922872,6.16,96,Conservative,25-08-2025,Bonnie Hughes
FRC00442,CLT006,PRJ007,Mar-26,3906215,22.61,67,Realistic,30-12-2025,Stephanie Howard
FRC00443,CLT023,PRJ010,Aug-25,131318,12.98,91,Realistic,27-05-2025,Deborah Hernandez
FRC00444,CLT001,PRJ002,Sep-25,1447042,32.12,84,Realistic,29-06-2025,Brandon Smith
FRC00445,CLT020,PRJ020,Feb-26,1941829,37.56,66,Optimistic,04-11-2025,Jonathan Duncan
FRC00446,CLT033,PRJ012,Jul-26,3590341,42.69,63,Realistic,01-05-2026,Ryan Farmer
FRC00447,CLT030,PRJ017,Sep-25,629813,34.79,95,Conservative,02-07-2025,Elizabeth Greer
FRC00448,CLT010,PRJ010,Jun-26,2882304,26.27,63,Optimistic,09-03-2026,Aaron Lewis
FRC00449,CLT016,PRJ018,Oct-25,4632980,10.94,77,Realistic,12-07-2025,Kristi Horne
FRC00450,CLT027,PRJ014,Sep-25,299806,18.85,70,Realistic,17-06-2025,Christopher Dorsey
FRC00451,CLT023,PRJ017,Nov-25,5428148,-5.92,68,Conservative,25-08-2025,Dawn Moss
FRC00452,CLT038,PRJ020,Dec-25,3773089,36.12,63,Conservative,09-09-2025,John Gaines
FRC00453,CLT005,PRJ015,Feb-26,4018232,4.27,93,Optimistic,24-11-2025,Michelle Baker
FRC00454,CLT007,PRJ007,Aug-26,1500131,31.46,64,Realistic,20-05-2026,Kimberly Taylor
FRC00455,CLT005,PRJ019,May-26,1339928,-8.95,85,Conservative,31-01-2026,John Ray
FRC00456,CLT008,PRJ019,Sep-25,2546096,5.28,64,Realistic,25-06-2025,Kelly Schroeder
FRC00457,CLT006,PRJ018,Oct-25,1362072,-8.76,63,Realistic,12-07-2025,Mary Melendez
FRC00458,CLT028,PRJ014,Mar-26,1621380,38.83,60,Conservative,24-12-2025,Whitney Johnson
FRC00459,CLT004,PRJ005,Dec-25,1950779,5.98,91,Conservative,01-10-2025,Matthew Scott
FRC00460,CLT015,PRJ015,Aug-26,3393890,18.08,93,Optimistic,24-05-2026,Nicole Choi
FRC00461,CLT008,PRJ012,Jun-26,1587375,11.42,84,Realistic,17-03-2026,Isabel Mcgee
FRC00462,CLT003,PRJ008,May-26,3689500,-11.86,95,Realistic,18-02-2026,Sarah Jackson
FRC00463,CLT035,PRJ015,May-26,5332676,16.13,77,Realistic,05-02-2026,Kimberly Young
FRC00464,CLT039,PRJ001,Jul-26,3119959,-4.27,95,Realistic,30-04-2026,Jasmine Gilbert
FRC00465,CLT018,PRJ009,Sep-25,5510074,-4.53,63,Conservative,23-06-2025,Nathan Gentry
FRC00466,CLT023,PRJ018,May-26,511182,-8.45,61,Realistic,13-02-2026,Jill Holder
FRC00467,CLT027,PRJ012,May-26,2862236,7.1,97,Optimistic,20-02-2026,Jennifer Harris
FRC00468,CLT006,PRJ003,Jan-26,2456439,22.82,96,Realistic,07-10-2025,Christopher Lee
FRC00469,CLT024,PRJ008,Jul-26,3535987,28.97,96,Optimistic,04-04-2026,Christopher Jackson
FRC00470,CLT038,PRJ005,Dec-25,2399656,3.83,66,Optimistic,16-09-2025,Kenneth Cox
FRC00471,CLT011,PRJ003,Dec-25,4754795,10.34,82,Realistic,22-09-2025,David Boyd
FRC00472,CLT028,PRJ010,Feb-26,5186022,-3.99,66,Optimistic,06-11-2025,Jacob Russell
FRC00473,CLT037,PRJ017,Dec-25,5059726,40.68,67,Realistic,07-09-2025,Eric Carrillo
FRC00474,CLT011,PRJ010,Oct-25,2782654,40.47,61,Realistic,29-07-2025,Robert Guerrero
FRC00475,CLT029,PRJ017,Sep-25,5027517,27.38,92,Realistic,08-06-2025,Phillip Dean
FRC00476,CLT033,PRJ003,Jul-26,3466469,40.94,69,Realistic,03-04-2026,Rhonda Ferguson
FRC00477,CLT019,PRJ005,Nov-25,950782,11.06,79,Optimistic,08-08-2025,Matthew White
FRC00478,CLT026,PRJ020,Jul-26,6170183,-1.86,85,Conservative,24-04-2026,Brenda Johnson
FRC00479,CLT032,PRJ020,Jan-26,2660420,15.45,77,Realistic,27-10-2025,Matthew Sutton
FRC00480,CLT003,PRJ010,Jan-26,3877888,-5.01,81,Realistic,23-10-2025,Michelle Miller
FRC00481,CLT004,PRJ017,Feb-26,3608226,35.29,93,Optimistic,16-11-2025,Isaiah Myers
FRC00482,CLT011,PRJ010,Jan-26,268612,26.28,94,Conservative,06-10-2025,Rodney Miller
FRC00483,CLT026,PRJ007,Jan-26,3044198,29.61,90,Realistic,08-10-2025,Michael Clarke
FRC00484,CLT025,PRJ001,Jan-26,3745066,-8.5,95,Optimistic,05-10-2025,Jason Ross
FRC00485,CLT006,PRJ005,Mar-26,4503693,19,95,Realistic,18-12-2025,William Andrews
FRC00486,CLT016,PRJ011,Nov-25,5208790,29.38,88,Optimistic,30-08-2025,Nancy Lucas
FRC00487,CLT034,PRJ016,Mar-26,5477339,2.81,90,Realistic,09-12-2025,Kayla Dickerson
FRC00488,CLT009,PRJ006,Apr-26,4794505,-4.25,82,Conservative,15-01-2026,Judy Garcia
FRC00489,CLT001,PRJ007,Jan-26,3088173,10.57,68,Conservative,26-10-2025,Anne Thompson
FRC00490,CLT037,PRJ019,May-26,3142417,21.95,63,Optimistic,27-02-2026,Malik Martin
FRC00491,CLT031,PRJ011,Aug-26,4940603,18.61,87,Conservative,17-05-2026,Christopher Washington
FRC00492,CLT017,PRJ004,Oct-25,4293825,-13.48,60,Conservative,14-07-2025,Danny Sheppard
FRC00493,CLT024,PRJ009,Jan-26,197564,23.83,90,Conservative,15-10-2025,Tina Lamb
FRC00494,CLT007,PRJ002,May-26,321989,27.34,81,Conservative,01-03-2026,Thomas Schwartz
FRC00495,CLT038,PRJ012,Sep-25,180434,25.06,60,Realistic,16-06-2025,Charlotte Nelson
FRC00496,CLT022,PRJ015,Oct-25,831809,-8.02,75,Realistic,08-07-2025,Bill Rodriguez
FRC00497,CLT013,PRJ005,May-26,543233,-4.32,97,Realistic,12-02-2026,Darrell Murray
FRC00498,CLT029,PRJ006,May-26,6685637,19.12,73,Realistic,07-02-2026,Amy Coleman
FRC00499,CLT012,PRJ016,Jun-26,4951979,18.83,71,Realistic,07-03-2026,Lisa Moore
FRC00500,CLT012,PRJ001,Aug-26,4537587,11.1,86,Realistic,05-05-2026,Lisa Zimmerman
